"locus","n_taxa","aitchison_var"
"GALGAL_R00001.c123.linsi",65,0.0082332392051065
"GALGAL_R00002.c123.linsi",5,0.00609151537818857
"GALGAL_R00003.c123.linsi",336,0.052822700522016
"GALGAL_R00004.c123.linsi",224,0.0102533411340928
"GALGAL_R00005.c123.linsi",332,0.0111824895403177
"GALGAL_R00006.c123.linsi",355,0.0333953786718309
"GALGAL_R00007.c123.linsi",356,0.00365159069418133
"GALGAL_R00008.c123.linsi",345,0.0207876746044604
"GALGAL_R00009.c123.linsi",353,0.00627367701896495
"GALGAL_R00010.c123.linsi",329,0.0166605929300276
"GALGAL_R00011.c123.linsi",314,0.0287697984394949
"GALGAL_R00012.c123.linsi",354,0.146347969145501
"GALGAL_R00013.c123.linsi",333,0.0215468151881518
"GALGAL_R00014.c123.linsi",193,0.0249040042701748
"GALGAL_R00015.c123.linsi",297,0.0431887275833781
"GALGAL_R00016.c123.linsi",343,0.0629083925976921
"GALGAL_R00017.c123.linsi",245,0.0484413837004249
"GALGAL_R00018.c123.linsi",281,0.0456076142696548
"GALGAL_R00019.c123.linsi",202,0.0235410985605807
"GALGAL_R00020.c123.linsi",157,0.0268981706824661
"GALGAL_R00021.c123.linsi",217,0.0322862545885827
"GALGAL_R00022.c123.linsi",322,0.0376490812958583
"GALGAL_R00023.c123.linsi",225,0.0272999495538255
"GALGAL_R00024.c123.linsi",198,0.0172432172396462
"GALGAL_R00025.c123.linsi",328,0.00507157193205859
"GALGAL_R00026.c123.linsi",348,0.0112116127495157
"GALGAL_R00027.c123.linsi",354,0.0152843472790442
"GALGAL_R00028.c123.linsi",358,0.0223748590232452
"GALGAL_R00029.c123.linsi",287,0.00934065423451995
"GALGAL_R00030.c123.linsi",323,0.00873649333577488
"GALGAL_R00031.c123.linsi",341,0.00389422476606476
"GALGAL_R00032.c123.linsi",343,0.0214914255614497
"GALGAL_R00033.c123.linsi",327,0.0158469513275256
"GALGAL_R00034.c123.linsi",257,0.0296442687170822
"GALGAL_R00035.c123.linsi",312,0.050450996581497
"GALGAL_R00036.c123.linsi",305,0.0303399688366644
"GALGAL_R00037.c123.linsi",202,0.0266989968072513
"GALGAL_R00038.c123.linsi",250,0.0129491475759602
"GALGAL_R00039.c123.linsi",263,0.0297595335242286
"GALGAL_R00040.c123.linsi",324,0.00670001363598384
"GALGAL_R00041.c123.linsi",260,0.0317876925136843
"GALGAL_R00042.c123.linsi",293,0.00770962507361754
"GALGAL_R00043.c123.linsi",339,0.00743404929811125
"GALGAL_R00044.c123.linsi",262,0.0268483708863614
"GALGAL_R00045.c123.linsi",5,0.010417583410481
"GALGAL_R00048.c123.linsi",312,0.00337761793801042
"GALGAL_R00049.c123.linsi",338,0.0118654299857106
"GALGAL_R00050.c123.linsi",357,0.00316558756270558
"GALGAL_R00051.c123.linsi",320,0.00645651167057704
"GALGAL_R00052.c123.linsi",63,0.0178040365371241
"GALGAL_R00053.c123.linsi",131,0.0039310042352064
"GALGAL_R00054.c123.linsi",294,0.0217330098831158
"GALGAL_R00055.c123.linsi",327,0.00463349460795072
"GALGAL_R00056.c123.linsi",196,0.0196488161480249
"GALGAL_R00059.c123.linsi",17,0.0209014814535137
"GALGAL_R00063.c123.linsi",317,0.0102132013548245
"GALGAL_R00064.c123.linsi",250,0.0322238453432808
"GALGAL_R00065.c123.linsi",191,0.0432184506065226
"GALGAL_R00066.c123.linsi",208,0.0166562440090066
"GALGAL_R00068.c123.linsi",320,0.00731038365617368
"GALGAL_R00069.c123.linsi",257,0.0147928639359121
"GALGAL_R00070.c123.linsi",304,0.0117442663232968
"GALGAL_R00071.c123.linsi",289,0.00512264046869489
"GALGAL_R00072.c123.linsi",239,0.0198895106744915
"GALGAL_R00073.c123.linsi",214,0.0119450684963305
"GALGAL_R00074.c123.linsi",327,0.0288303013681269
"GALGAL_R00076.c123.linsi",318,0.0134563830213699
"GALGAL_R00077.c123.linsi",305,0.0172472415925673
"GALGAL_R00078.c123.linsi",297,0.0216813023783442
"GALGAL_R00079.c123.linsi",338,0.0122522349166871
"GALGAL_R00080.c123.linsi",7,0.0190709334581865
"GALGAL_R00081.c123.linsi",292,0.0121571645053374
"GALGAL_R00082.c123.linsi",254,0.00814984826072449
"GALGAL_R00083.c123.linsi",273,0.0207026513846366
"GALGAL_R00084.c123.linsi",237,0.0231905622116128
"GALGAL_R00087.c123.linsi",222,0.0122477004108291
"GALGAL_R00088.c123.linsi",347,0.00911534858287373
"GALGAL_R00089.c123.linsi",351,0.0206638184912562
"GALGAL_R00090.c123.linsi",356,0.0130388610414045
"GALGAL_R00091.c123.linsi",349,0.0167358435274036
"GALGAL_R00092.c123.linsi",351,0.0147949171541716
"GALGAL_R00093.c123.linsi",351,0.00215004497228593
"GALGAL_R00094.c123.linsi",331,0.0254056314044153
"GALGAL_R00095.c123.linsi",327,0.0225889988592355
"GALGAL_R00096.c123.linsi",325,0.00671797668675109
"GALGAL_R00097.c123.linsi",232,0.028787347487556
"GALGAL_R00098.c123.linsi",305,0.0607122720705007
"GALGAL_R00099.c123.linsi",333,0.00599497543547116
"GALGAL_R00100.c123.linsi",129,0.0135042083245038
"GALGAL_R00101.c123.linsi",315,0.0141272358784054
"GALGAL_R00102.c123.linsi",339,0.0307729274170579
"GALGAL_R00103.c123.linsi",330,0.0126474148373349
"GALGAL_R00104.c123.linsi",302,0.0141780432034569
"GALGAL_R00105.c123.linsi",345,0.0150047078193474
"GALGAL_R00106.c123.linsi",355,0.0153125126983846
"GALGAL_R00107.c123.linsi",317,0.0068999104553594
"GALGAL_R00108.c123.linsi",229,0.0212457860563689
"GALGAL_R00109.c123.linsi",355,0.00850482182709547
"GALGAL_R00110.c123.linsi",314,0.00705983155772301
"GALGAL_R00111.c123.linsi",344,0.00785076493006042
"GALGAL_R00112.c123.linsi",356,0.0239942264549456
"GALGAL_R00113.c123.linsi",174,0.00706872966860789
"GALGAL_R00114.c123.linsi",251,0.0106802300835849
"GALGAL_R00115.c123.linsi",339,0.0154093079568431
"GALGAL_R00116.c123.linsi",320,0.0123227796701685
"GALGAL_R00117.c123.linsi",346,0.0143093357887596
"GALGAL_R00118.c123.linsi",340,0.0334888798574295
"GALGAL_R00119.c123.linsi",348,0.030217083719693
"GALGAL_R00120.c123.linsi",317,0.00406368215261532
"GALGAL_R00121.c123.linsi",273,0.0273891896275616
"GALGAL_R00122.c123.linsi",324,0.0123010261189993
"GALGAL_R00123.c123.linsi",342,0.00539310783837615
"GALGAL_R00124.c123.linsi",345,0.00249832259761694
"GALGAL_R00125.c123.linsi",336,0.0580401362611358
"GALGAL_R00126.c123.linsi",217,0.0105937508545849
"GALGAL_R00127.c123.linsi",272,0.0134545854388271
"GALGAL_R00129.c123.linsi",341,0.0309088498866856
"GALGAL_R00130.c123.linsi",353,0.010553866499419
"GALGAL_R00131.c123.linsi",225,0.0100243796771758
"GALGAL_R00132.c123.linsi",338,0.0148378320354606
"GALGAL_R00134.c123.linsi",4,0.00747205872131728
"GALGAL_R00137.c123.linsi",359,0.00800667069933923
"GALGAL_R00142.c123.linsi",358,0.00813209785881268
"GALGAL_R00144.c123.linsi",351,0.00707218542505106
"GALGAL_R00145.c123.linsi",26,0.0198261065221833
"GALGAL_R00146.c123.linsi",357,0.0411942265959178
"GALGAL_R00147.c123.linsi",193,0.0164756611543685
"GALGAL_R00148.c123.linsi",348,0.00680960989226404
"GALGAL_R00149.c123.linsi",317,0.00708794516498324
"GALGAL_R00150.c123.linsi",300,0.00684033032251278
"GALGAL_R00151.c123.linsi",301,0.0348355916931911
"GALGAL_R00152.c123.linsi",348,0.00546897448124352
"GALGAL_R00153.c123.linsi",323,0.0219216338646473
"GALGAL_R00154.c123.linsi",341,0.00372533697155292
"GALGAL_R00155.c123.linsi",335,0.00331305787280418
"GALGAL_R00156.c123.linsi",289,0.0044226815205386
"GALGAL_R00157.c123.linsi",341,0.00688044161984676
"GALGAL_R00158.c123.linsi",212,0.0442833082355542
"GALGAL_R00159.c123.linsi",356,0.00473530235011189
"GALGAL_R00160.c123.linsi",345,0.00961357549426144
"GALGAL_R00161.c123.linsi",319,0.00843680197953502
"GALGAL_R00162.c123.linsi",339,0.0195121001150488
"GALGAL_R00163.c123.linsi",349,0.00133412288320662
"GALGAL_R00164.c123.linsi",336,0.0127452242486685
"GALGAL_R00165.c123.linsi",34,0.0243189438788446
"GALGAL_R00166.c123.linsi",344,0.0156107030065392
"GALGAL_R00167.c123.linsi",310,0.00201233088378206
"GALGAL_R00168.c123.linsi",334,0.0028003304985892
"GALGAL_R00169.c123.linsi",325,0.00846807540171054
"GALGAL_R00170.c123.linsi",341,0.00511119284296791
"GALGAL_R00171.c123.linsi",341,0.007875389523503
"GALGAL_R00172.c123.linsi",350,0.00499470741983507
"GALGAL_R00173.c123.linsi",341,0.00508360005975878
"GALGAL_R00174.c123.linsi",191,0.0143720972482131
"GALGAL_R00175.c123.linsi",9,0.0298892969662498
"GALGAL_R00176.c123.linsi",303,0.0138510630752589
"GALGAL_R00177.c123.linsi",345,0.0260036343039057
"GALGAL_R00178.c123.linsi",299,0.00757669467866826
"GALGAL_R00179.c123.linsi",327,0.0112191232866288
"GALGAL_R00180.c123.linsi",329,0.0169471807112245
"GALGAL_R00181.c123.linsi",304,0.0240478011064871
"GALGAL_R00182.c123.linsi",349,0.0374775987786533
"GALGAL_R00183.c123.linsi",320,0.0554823377803417
"GALGAL_R00184.c123.linsi",330,0.0113022410513137
"GALGAL_R00185.c123.linsi",337,0.0412223986051882
"GALGAL_R00186.c123.linsi",300,0.0483590818911995
"GALGAL_R00187.c123.linsi",356,0.00862109326169686
"GALGAL_R00188.c123.linsi",306,0.0313847841074129
"GALGAL_R00189.c123.linsi",335,0.0348800266740763
"GALGAL_R00190.c123.linsi",353,0.0080496761867223
"GALGAL_R00191.c123.linsi",351,0.0185608017542644
"GALGAL_R00192.c123.linsi",354,0.0156275567497813
"GALGAL_R00193.c123.linsi",320,0.00176345531868389
"GALGAL_R00194.c123.linsi",360,0.0191395252639473
"GALGAL_R00195.c123.linsi",350,0.0132260078154279
"GALGAL_R00196.c123.linsi",357,0.00393027739456245
"GALGAL_R00197.c123.linsi",344,0.00450901118540843
"GALGAL_R00198.c123.linsi",355,0.00703912684307058
"GALGAL_R00199.c123.linsi",351,0.0132364953517592
"GALGAL_R00200.c123.linsi",354,0.00568075794642803
"GALGAL_R00201.c123.linsi",338,0.0061434793679077
"GALGAL_R00202.c123.linsi",20,0.0147156919721232
"GALGAL_R00203.c123.linsi",311,0.0177234660378414
"GALGAL_R00204.c123.linsi",335,0.00496246059494665
"GALGAL_R00205.c123.linsi",68,0.00847708503953228
"GALGAL_R00206.c123.linsi",283,0.0119191955355634
"GALGAL_R00207.c123.linsi",333,0.00232893395296799
"GALGAL_R00208.c123.linsi",324,0.00257633138089697
"GALGAL_R00209.c123.linsi",337,0.00204478827020151
"GALGAL_R00210.c123.linsi",318,0.00269376175461805
"GALGAL_R00211.c123.linsi",344,0.00542136973758232
"GALGAL_R00212.c123.linsi",299,0.00216355502702401
"GALGAL_R00213.c123.linsi",359,0.00498527921628545
"GALGAL_R00214.c123.linsi",357,0.00314147921368638
"GALGAL_R00215.c123.linsi",304,0.021501947391769
"GALGAL_R00216.c123.linsi",222,0.00143137986082365
"GALGAL_R00217.c123.linsi",342,0.0016668275372076
"GALGAL_R00218.c123.linsi",358,0.00412968029283295
"GALGAL_R00219.c123.linsi",363,0.00993908760402758
"GALGAL_R00220.c123.linsi",171,0.00549814528568723
"GALGAL_R00221.c123.linsi",221,0.00713280134755304
"GALGAL_R00222.c123.linsi",346,0.011277555908605
"GALGAL_R00223.c123.linsi",357,0.0113279546094831
"GALGAL_R00224.c123.linsi",358,0.00947679740160453
"GALGAL_R00225.c123.linsi",350,0.00131117744334811
"GALGAL_R00226.c123.linsi",253,0.00662809381581972
"GALGAL_R00227.c123.linsi",345,0.00920029972982737
"GALGAL_R00228.c123.linsi",346,0.0066477399395222
"GALGAL_R00229.c123.linsi",357,0.00805851834391886
"GALGAL_R00230.c123.linsi",341,0.011119146119088
"GALGAL_R00231.c123.linsi",346,0.00278715727616899
"GALGAL_R00232.c123.linsi",119,0.00500981181519584
"GALGAL_R00233.c123.linsi",286,0.00795831427076506
"GALGAL_R00234.c123.linsi",338,0.0038976181190753
"GALGAL_R00235.c123.linsi",353,0.00998327121450611
"GALGAL_R00236.c123.linsi",336,0.00293883403796124
"GALGAL_R00237.c123.linsi",314,0.00411588276846673
"GALGAL_R00238.c123.linsi",331,0.0111599824480843
"GALGAL_R00239.c123.linsi",327,0.00430526102538029
"GALGAL_R00240.c123.linsi",355,0.00321412494012805
"GALGAL_R00241.c123.linsi",355,0.00683340144206587
"GALGAL_R00242.c123.linsi",360,0.00686962363637752
"GALGAL_R00243.c123.linsi",355,0.00720772596700833
"GALGAL_R00244.c123.linsi",308,0.00507379216525222
"GALGAL_R00245.c123.linsi",349,0.0574304090439929
"GALGAL_R00246.c123.linsi",321,0.0058017069012811
"GALGAL_R00247.c123.linsi",347,0.0477224857990107
"GALGAL_R00248.c123.linsi",361,0.0118392022566426
"GALGAL_R00249.c123.linsi",354,0.0318550780837213
"GALGAL_R00250.c123.linsi",275,0.0254119187471333
"GALGAL_R00251.c123.linsi",317,0.0180266256494963
"GALGAL_R00252.c123.linsi",275,0.00434587550958127
"GALGAL_R00253.c123.linsi",289,0.00400698639347427
"GALGAL_R00254.c123.linsi",256,0.00663009862183088
"GALGAL_R00255.c123.linsi",217,0.0300291910236845
"GALGAL_R00256.c123.linsi",352,0.0178964435768374
"GALGAL_R00257.c123.linsi",354,0.00846127222898014
"GALGAL_R00258.c123.linsi",360,0.0166711129930775
"GALGAL_R00259.c123.linsi",352,0.0140478066654948
"GALGAL_R00260.c123.linsi",355,0.0141498418939091
"GALGAL_R00261.c123.linsi",338,0.00731922050019979
"GALGAL_R00262.c123.linsi",242,0.0309700292106685
"GALGAL_R00263.c123.linsi",153,0.00751007327420334
"GALGAL_R00264.c123.linsi",312,0.0107852677638389
"GALGAL_R00265.c123.linsi",323,0.00667131873524378
"GALGAL_R00266.c123.linsi",346,0.00607420032404191
"GALGAL_R00267.c123.linsi",338,0.0130072006482129
"GALGAL_R00268.c123.linsi",343,0.0132058622224566
"GALGAL_R00269.c123.linsi",360,0.0148264558716032
"GALGAL_R00270.c123.linsi",325,0.0074538133816415
"GALGAL_R00271.c123.linsi",353,0.0161769258384353
"GALGAL_R00272.c123.linsi",353,0.0220605687366265
"GALGAL_R00273.c123.linsi",311,0.0377574093165252
"GALGAL_R00274.c123.linsi",354,0.0031718981104472
"GALGAL_R00275.c123.linsi",358,0.0424007493799247
"GALGAL_R00276.c123.linsi",322,0.0555617294405238
"GALGAL_R00277.c123.linsi",160,0.00438152538087442
"GALGAL_R00278.c123.linsi",342,0.00623250860872815
"GALGAL_R00279.c123.linsi",262,0.0129767416149062
"GALGAL_R00280.c123.linsi",339,0.00389592193003549
"GALGAL_R00281.c123.linsi",232,0.00968688331308653
"GALGAL_R00282.c123.linsi",340,0.00732797921913101
"GALGAL_R00283.c123.linsi",152,0.0142811698824624
"GALGAL_R00284.c123.linsi",358,0.00281104570836949
"GALGAL_R00285.c123.linsi",249,0.0249340864624879
"GALGAL_R00286.c123.linsi",40,0.00343339568752495
"GALGAL_R00287.c123.linsi",357,0.00243148247839232
"GALGAL_R00288.c123.linsi",346,0.00579597176407725
"GALGAL_R00289.c123.linsi",355,0.0100507912111996
"GALGAL_R00290.c123.linsi",275,0.00347645491389411
"GALGAL_R00291.c123.linsi",212,0.00594053815021534
"GALGAL_R00292.c123.linsi",304,0.00109865519237731
"GALGAL_R00293.c123.linsi",359,0.0123594681109806
"GALGAL_R00294.c123.linsi",238,0.00518717397810645
"GALGAL_R00295.c123.linsi",352,0.0107764606342892
"GALGAL_R00296.c123.linsi",339,0.00888769848137775
"GALGAL_R00297.c123.linsi",284,0.00578531256408712
"GALGAL_R00298.c123.linsi",333,0.0019677601349555
"GALGAL_R00299.c123.linsi",330,0.00193031806781079
"GALGAL_R00300.c123.linsi",347,0.00581348320334836
"GALGAL_R00301.c123.linsi",356,0.00244489442007532
"GALGAL_R00302.c123.linsi",326,0.00109270537762744
"GALGAL_R00303.c123.linsi",348,0.0039837063312566
"GALGAL_R00304.c123.linsi",353,0.000837962775705188
"GALGAL_R00305.c123.linsi",248,0.00945345261884785
"GALGAL_R00306.c123.linsi",350,0.00461663997572052
"GALGAL_R00307.c123.linsi",311,0.00450048435592896
"GALGAL_R00308.c123.linsi",354,0.012959726037593
"GALGAL_R00309.c123.linsi",346,0.00151348339234117
"GALGAL_R00310.c123.linsi",360,0.00380531151720973
"GALGAL_R00311.c123.linsi",318,0.0014937632673194
"GALGAL_R00312.c123.linsi",357,0.0137997950511656
"GALGAL_R00313.c123.linsi",360,0.015882071038371
"GALGAL_R00314.c123.linsi",300,0.00553112667964779
"GALGAL_R00315.c123.linsi",325,0.0227378390352007
"GALGAL_R00316.c123.linsi",347,0.0112800708367589
"GALGAL_R00317.c123.linsi",280,0.0312129848354901
"GALGAL_R00318.c123.linsi",236,0.0186135981044034
"GALGAL_R00319.c123.linsi",247,0.0370386437701829
"GALGAL_R00320.c123.linsi",344,0.0113727169681484
"GALGAL_R00321.c123.linsi",333,0.00793137130684664
"GALGAL_R00322.c123.linsi",9,0.0369299470748674
"GALGAL_R00323.c123.linsi",330,0.00315541112909112
"GALGAL_R00324.c123.linsi",336,0.0110300726584845
"GALGAL_R00325.c123.linsi",338,0.00168232060571445
"GALGAL_R00326.c123.linsi",119,0.0123326106810391
"GALGAL_R00327.c123.linsi",349,0.0190406264019818
"GALGAL_R00328.c123.linsi",331,0.0230978782548008
"GALGAL_R00329.c123.linsi",7,0.0110623962435192
"GALGAL_R00330.c123.linsi",5,0.0164572626740199
"GALGAL_R00331.c123.linsi",340,0.00667207133092264
"GALGAL_R00332.c123.linsi",15,0.0198905603618749
"GALGAL_R00333.c123.linsi",4,0.00836507101517754
"GALGAL_R00334.c123.linsi",5,0.0140670916354102
"GALGAL_R00335.c123.linsi",4,0.011311968158911
"GALGAL_R00336.c123.linsi",115,0.0348098686418598
"GALGAL_R00337.c123.linsi",339,0.0114449952621744
"GALGAL_R00338.c123.linsi",326,0.00984953803345478
"GALGAL_R00339.c123.linsi",348,0.02312058302573
"GALGAL_R00340.c123.linsi",347,0.0247314679430035
"GALGAL_R00341.c123.linsi",359,0.0118195014168985
"GALGAL_R00342.c123.linsi",334,0.00298467660468009
"GALGAL_R00343.c123.linsi",257,0.009639474173707
"GALGAL_R00344.c123.linsi",239,0.0136147826527965
"GALGAL_R00345.c123.linsi",353,0.00965509981584983
"GALGAL_R00346.c123.linsi",358,0.00820357406177819
"GALGAL_R00347.c123.linsi",323,0.00172760208862824
"GALGAL_R00348.c123.linsi",299,0.0015787306749654
"GALGAL_R00349.c123.linsi",348,0.0148049875606232
"GALGAL_R00350.c123.linsi",315,0.00826877693539391
"GALGAL_R00351.c123.linsi",327,0.0465484664836593
"GALGAL_R00352.c123.linsi",317,0.0041451947332078
"GALGAL_R00353.c123.linsi",347,0.0128989960285429
"GALGAL_R00354.c123.linsi",288,0.0206322800783608
"GALGAL_R00355.c123.linsi",265,0.0081115669145607
"GALGAL_R00356.c123.linsi",15,0.0120511838400918
"GALGAL_R00357.c123.linsi",52,0.0299615819545936
"GALGAL_R00358.c123.linsi",335,0.0202318605252637
"GALGAL_R00359.c123.linsi",178,0.00719122132151365
"GALGAL_R00360.c123.linsi",221,0.0116550287447188
"GALGAL_R00361.c123.linsi",12,0.00819017478027797
"GALGAL_R00362.c123.linsi",97,0.0487721528547321
"GALGAL_R00363.c123.linsi",357,0.0105476663567625
"GALGAL_R00364.c123.linsi",104,0.0242966411063335
"GALGAL_R00365.c123.linsi",361,0.0105780134253421
"GALGAL_R00366.c123.linsi",361,0.00851117184323322
"GALGAL_R00367.c123.linsi",352,0.00775196727313981
"GALGAL_R00368.c123.linsi",230,0.00305291441167635
"GALGAL_R00369.c123.linsi",308,0.0203226090189657
"GALGAL_R00370.c123.linsi",332,0.00342869594243111
"GALGAL_R00371.c123.linsi",360,0.00227159626713355
"GALGAL_R00372.c123.linsi",330,0.00224885040768295
"GALGAL_R00373.c123.linsi",326,0.0151071244446467
"GALGAL_R00374.c123.linsi",343,0.0182553815512313
"GALGAL_R00375.c123.linsi",197,0.0429830257279433
"GALGAL_R00376.c123.linsi",361,0.0131161630904441
"GALGAL_R00377.c123.linsi",358,0.00394746694709528
"GALGAL_R00379.c123.linsi",357,0.0149606521699569
"GALGAL_R00380.c123.linsi",354,0.0114391965744075
"GALGAL_R00381.c123.linsi",362,0.0114597946600588
"GALGAL_R00382.c123.linsi",358,0.0213403179731326
"GALGAL_R00383.c123.linsi",352,0.00782232036224483
"GALGAL_R00384.c123.linsi",253,0.010703736449341
"GALGAL_R00385.c123.linsi",353,0.0320097510331363
"GALGAL_R00386.c123.linsi",355,0.0186066183306104
"GALGAL_R00387.c123.linsi",361,0.00587717467668397
"GALGAL_R00388.c123.linsi",348,0.00965929283020913
"GALGAL_R00389.c123.linsi",321,0.0115742661202769
"GALGAL_R00390.c123.linsi",354,0.0078388375191465
"GALGAL_R00391.c123.linsi",279,0.0236115262896025
"GALGAL_R00392.c123.linsi",274,0.0267087042064175
"GALGAL_R00393.c123.linsi",360,0.0506377019450158
"GALGAL_R00394.c123.linsi",353,0.0155678476437728
"GALGAL_R00395.c123.linsi",357,0.0168543654519607
"GALGAL_R00396.c123.linsi",290,0.0180554674876787
"GALGAL_R00397.c123.linsi",343,0.00914552145038259
"GALGAL_R00398.c123.linsi",342,0.00945949745880931
"GALGAL_R00399.c123.linsi",233,0.0115764518694452
"GALGAL_R00400.c123.linsi",358,0.0283091371905585
"GALGAL_R00401.c123.linsi",351,0.0108682786681522
"GALGAL_R00402.c123.linsi",362,0.00534491571101388
"GALGAL_R00403.c123.linsi",93,0.0335657626620724
"GALGAL_R00404.c123.linsi",335,0.00777145472432233
"GALGAL_R00405.c123.linsi",342,0.0166359256266609
"GALGAL_R00406.c123.linsi",328,0.0139996163892468
"GALGAL_R00407.c123.linsi",354,0.00489694377918457
"GALGAL_R00408.c123.linsi",349,0.00469792938213726
"GALGAL_R00409.c123.linsi",354,0.0097580224447479
"GALGAL_R00410.c123.linsi",344,0.0128859063035794
"GALGAL_R00411.c123.linsi",340,0.00639741794605512
"GALGAL_R00412.c123.linsi",347,0.00535401967674475
"GALGAL_R00413.c123.linsi",318,0.00448114358077203
"GALGAL_R00414.c123.linsi",232,0.0091441443552195
"GALGAL_R00415.c123.linsi",336,0.0187873691364719
"GALGAL_R00416.c123.linsi",340,0.00809590307948937
"GALGAL_R00417.c123.linsi",332,0.0190229919942202
"GALGAL_R00418.c123.linsi",316,0.0213372722002201
"GALGAL_R00419.c123.linsi",360,0.00426189847759281
"GALGAL_R00420.c123.linsi",355,0.00776192784664882
"GALGAL_R00421.c123.linsi",357,0.0121596652594442
"GALGAL_R00422.c123.linsi",356,0.00341910975094795
"GALGAL_R00423.c123.linsi",328,0.0116705454697076
"GALGAL_R00424.c123.linsi",355,0.0103959425828786
"GALGAL_R00425.c123.linsi",311,0.00326323179073822
"GALGAL_R00426.c123.linsi",309,0.00128113074751564
"GALGAL_R00427.c123.linsi",347,0.0239753814447366
"GALGAL_R00428.c123.linsi",358,0.0101963250715068
"GALGAL_R00429.c123.linsi",304,0.003552309203233
"GALGAL_R00430.c123.linsi",236,0.0341911117847703
"GALGAL_R00431.c123.linsi",325,0.00950630806386157
"GALGAL_R00432.c123.linsi",340,0.00178629824804945
"GALGAL_R00433.c123.linsi",349,0.0189997797377523
"GALGAL_R00434.c123.linsi",267,0.00762174051217543
"GALGAL_R00435.c123.linsi",352,0.0481498503537531
"GALGAL_R00436.c123.linsi",352,0.0626446462069819
"GALGAL_R00437.c123.linsi",320,0.00387273438768511
"GALGAL_R00438.c123.linsi",348,0.0058496107877048
"GALGAL_R00439.c123.linsi",306,0.021071404321028
"GALGAL_R00440.c123.linsi",338,0.00528928286431117
"GALGAL_R00441.c123.linsi",358,0.0148404397769485
"GALGAL_R00442.c123.linsi",329,0.0410882047546188
"GALGAL_R00443.c123.linsi",321,0.0154453751262472
"GALGAL_R00444.c123.linsi",355,0.0115051967009721
"GALGAL_R00445.c123.linsi",325,0.0134338448541979
"GALGAL_R00446.c123.linsi",352,0.0016081635145992
"GALGAL_R00447.c123.linsi",325,0.00616584290298372
"GALGAL_R00448.c123.linsi",348,0.0419774817755586
"GALGAL_R00449.c123.linsi",359,0.00684350062036557
"GALGAL_R00450.c123.linsi",338,0.0043061234616867
"GALGAL_R00451.c123.linsi",352,0.0078872677249513
"GALGAL_R00452.c123.linsi",351,0.00599510863193904
"GALGAL_R00453.c123.linsi",346,0.0141604389906909
"GALGAL_R00454.c123.linsi",358,0.00547396614405308
"GALGAL_R00455.c123.linsi",333,0.00188423206866208
"GALGAL_R00456.c123.linsi",351,0.00462257984465989
"GALGAL_R00457.c123.linsi",340,0.00951100833162685
"GALGAL_R00458.c123.linsi",241,0.0029345547685327
"GALGAL_R00459.c123.linsi",344,0.00449206426958341
"GALGAL_R00460.c123.linsi",357,0.0098827560369491
"GALGAL_R00461.c123.linsi",335,0.0192927580881867
"GALGAL_R00462.c123.linsi",323,0.00240468365068242
"GALGAL_R00463.c123.linsi",346,0.0158655807403738
"GALGAL_R00464.c123.linsi",356,0.00832896833573737
"GALGAL_R00465.c123.linsi",332,0.00264732011698854
"GALGAL_R00466.c123.linsi",345,0.00302730654534013
"GALGAL_R00467.c123.linsi",354,0.0108707034724442
"GALGAL_R00468.c123.linsi",346,0.00285323868870707
"GALGAL_R00469.c123.linsi",318,0.0115019136861353
"GALGAL_R00470.c123.linsi",260,0.0236795585627481
"GALGAL_R00471.c123.linsi",337,0.00414979273787737
"GALGAL_R00472.c123.linsi",334,0.00297764869588522
"GALGAL_R00473.c123.linsi",331,0.00906369845391441
"GALGAL_R00474.c123.linsi",338,0.00299291636696525
"GALGAL_R00475.c123.linsi",353,0.00312620639030196
"GALGAL_R00476.c123.linsi",344,0.0100228917362343
"GALGAL_R00477.c123.linsi",300,0.00706925237721659
"GALGAL_R00478.c123.linsi",337,0.00371338092559032
"GALGAL_R00479.c123.linsi",358,0.00548735360640433
"GALGAL_R00480.c123.linsi",185,0.00350084130723286
"GALGAL_R00481.c123.linsi",359,0.0126080038597513
"GALGAL_R00482.c123.linsi",312,0.00161841459793726
"GALGAL_R00483.c123.linsi",360,0.0155289181826683
"GALGAL_R00484.c123.linsi",324,0.00203934463769366
"GALGAL_R00485.c123.linsi",201,0.00273426582827284
"GALGAL_R00486.c123.linsi",330,0.00943917445923571
"GALGAL_R00487.c123.linsi",361,0.0126452138581316
"GALGAL_R00488.c123.linsi",315,0.0031013905404051
"GALGAL_R00489.c123.linsi",349,0.00728653954990089
"GALGAL_R00490.c123.linsi",354,0.00556973105741496
"GALGAL_R00491.c123.linsi",363,0.0133887228647544
"GALGAL_R00492.c123.linsi",362,0.00332599303147401
"GALGAL_R00493.c123.linsi",356,0.00657906794322838
"GALGAL_R00494.c123.linsi",357,0.00219642839773786
"GALGAL_R00495.c123.linsi",293,0.00557530882276007
"GALGAL_R00496.c123.linsi",352,0.00493870926176178
"GALGAL_R00497.c123.linsi",288,0.0275203674961515
"GALGAL_R00498.c123.linsi",352,0.00383903750563898
"GALGAL_R00499.c123.linsi",267,0.0018902137770626
"GALGAL_R00500.c123.linsi",250,0.00354173357755192
"GALGAL_R00501.c123.linsi",339,0.00211872373228049
"GALGAL_R00502.c123.linsi",361,0.00350060761508213
"GALGAL_R00503.c123.linsi",356,0.0169682648232423
"GALGAL_R00504.c123.linsi",361,0.00797302016988602
"GALGAL_R00505.c123.linsi",355,0.0131675745538162
"GALGAL_R00506.c123.linsi",350,0.00513134195723333
"GALGAL_R00507.c123.linsi",355,0.0187884294623143
"GALGAL_R00508.c123.linsi",356,0.00996895079860674
"GALGAL_R00509.c123.linsi",354,0.0163939271846149
"GALGAL_R00510.c123.linsi",345,0.0107364310037411
"GALGAL_R00511.c123.linsi",355,0.00744605032472239
"GALGAL_R00512.c123.linsi",352,0.00566173548990743
"GALGAL_R00513.c123.linsi",266,0.00687109740785527
"GALGAL_R00514.c123.linsi",344,0.0132896025869278
"GALGAL_R00515.c123.linsi",321,0.0328161439921387
"GALGAL_R00516.c123.linsi",337,0.0014907462782284
"GALGAL_R00517.c123.linsi",343,0.00205016354786042
"GALGAL_R00518.c123.linsi",287,0.00185461734375838
"GALGAL_R00519.c123.linsi",342,0.00100430275197403
"GALGAL_R00521.c123.linsi",363,0.00621089456190907
"GALGAL_R00522.c123.linsi",336,0.00399751918157815
"GALGAL_R00523.c123.linsi",295,0.0141197543891243
"GALGAL_R00524.c123.linsi",334,0.00150872859615067
"GALGAL_R00525.c123.linsi",342,0.00280165551683407
"GALGAL_R00526.c123.linsi",350,0.0113414628145144
"GALGAL_R00527.c123.linsi",340,0.00163734400634071
"GALGAL_R00528.c123.linsi",353,0.0444975832007354
"GALGAL_R00529.c123.linsi",351,0.0340206196790273
"GALGAL_R00530.c123.linsi",353,0.00189187328939826
"GALGAL_R00531.c123.linsi",347,0.00204266707148221
"GALGAL_R00532.c123.linsi",354,0.0173476079347557
"GALGAL_R00533.c123.linsi",335,0.00141788250892053
"GALGAL_R00534.c123.linsi",345,0.0217629034854387
"GALGAL_R00535.c123.linsi",277,0.0365190931461304
"GALGAL_R00536.c123.linsi",362,0.00377988675837774
"GALGAL_R00537.c123.linsi",357,0.0453818573165482
"GALGAL_R00538.c123.linsi",275,0.00170495370139262
"GALGAL_R00539.c123.linsi",360,0.0104872043393958
"GALGAL_R00540.c123.linsi",359,0.00293562825749231
"GALGAL_R00541.c123.linsi",297,0.00440191417307962
"GALGAL_R00542.c123.linsi",336,0.00406540639377215
"GALGAL_R00543.c123.linsi",320,0.011102298399716
"GALGAL_R00544.c123.linsi",343,0.0226023257791643
"GALGAL_R00545.c123.linsi",352,0.00813435755942936
"GALGAL_R00546.c123.linsi",308,0.00711764794546323
"GALGAL_R00547.c123.linsi",342,0.00884502933863257
"GALGAL_R00548.c123.linsi",359,0.00346924729342395
"GALGAL_R00549.c123.linsi",351,0.00514686459251144
"GALGAL_R00550.c123.linsi",349,0.0050424100979645
"GALGAL_R00551.c123.linsi",359,0.00708701322397183
"GALGAL_R00552.c123.linsi",350,0.00232841637872263
"GALGAL_R00553.c123.linsi",348,0.00798773161144468
"GALGAL_R00554.c123.linsi",361,0.00915354703714238
"GALGAL_R00555.c123.linsi",357,0.00297113745187619
"GALGAL_R00556.c123.linsi",358,0.00677494292755333
"GALGAL_R00557.c123.linsi",331,0.00305946337955023
"GALGAL_R00558.c123.linsi",344,0.00349127048301617
"GALGAL_R00559.c123.linsi",352,0.00778433014895909
"GALGAL_R00560.c123.linsi",326,0.00402086356523983
"GALGAL_R00561.c123.linsi",358,0.0133497173635826
"GALGAL_R00562.c123.linsi",346,0.00380426599731073
"GALGAL_R00563.c123.linsi",308,0.00457511895513321
"GALGAL_R00564.c123.linsi",344,0.00270182297202336
"GALGAL_R00565.c123.linsi",352,0.00241245299605996
"GALGAL_R00566.c123.linsi",308,0.00737945228885533
"GALGAL_R00567.c123.linsi",345,0.0246021804454434
"GALGAL_R00568.c123.linsi",356,0.0521570154954982
"GALGAL_R00569.c123.linsi",326,0.0116322696433436
"GALGAL_R00570.c123.linsi",330,0.00288529695128013
"GALGAL_R00571.c123.linsi",339,0.00727613203557611
"GALGAL_R00572.c123.linsi",341,0.00903897907678599
"GALGAL_R00573.c123.linsi",345,0.0205263921509374
"GALGAL_R00574.c123.linsi",357,0.00731141737256264
"GALGAL_R00575.c123.linsi",331,0.0148829626350085
"GALGAL_R00576.c123.linsi",356,0.0100385464854179
"GALGAL_R00577.c123.linsi",324,0.00262326680967523
"GALGAL_R00578.c123.linsi",358,0.0109115170330594
"GALGAL_R00579.c123.linsi",345,0.0149297987546365
"GALGAL_R00580.c123.linsi",308,0.00063048824331303
"GALGAL_R00581.c123.linsi",352,0.00205979219091746
"GALGAL_R00582.c123.linsi",229,0.00170391427065078
"GALGAL_R00583.c123.linsi",341,0.00142670983414804
"GALGAL_R00584.c123.linsi",358,0.000974763412648736
"GALGAL_R00585.c123.linsi",354,0.00673155227392066
"GALGAL_R00586.c123.linsi",360,0.00698222494012334
"GALGAL_R00587.c123.linsi",353,0.00348774702274891
"GALGAL_R00588.c123.linsi",357,0.0062392650877155
"GALGAL_R00589.c123.linsi",357,0.00218381645504612
"GALGAL_R00590.c123.linsi",344,0.00948344498463371
"GALGAL_R00592.c123.linsi",358,0.00871044164367788
"GALGAL_R00593.c123.linsi",341,0.00220450137255244
"GALGAL_R00594.c123.linsi",347,0.000945559209041484
"GALGAL_R00595.c123.linsi",337,0.00443925159001675
"GALGAL_R00596.c123.linsi",341,0.00298033375821998
"GALGAL_R00597.c123.linsi",335,0.00148405922721002
"GALGAL_R00598.c123.linsi",343,0.00126246983903536
"GALGAL_R00599.c123.linsi",363,0.00483542629630237
"GALGAL_R00600.c123.linsi",362,0.00786480751665698
"GALGAL_R00601.c123.linsi",341,0.00122732575673053
"GALGAL_R00602.c123.linsi",337,0.0102104898118851
"GALGAL_R00603.c123.linsi",317,0.0060352876031792
"GALGAL_R00604.c123.linsi",353,0.00219384323121399
"GALGAL_R00605.c123.linsi",337,0.0167513787777519
"GALGAL_R00606.c123.linsi",354,0.00326695629116991
"GALGAL_R00607.c123.linsi",302,0.00885952072806289
"GALGAL_R00608.c123.linsi",325,0.00197579965890418
"GALGAL_R00609.c123.linsi",356,0.0027882380394938
"GALGAL_R00610.c123.linsi",339,0.00228850609215157
"GALGAL_R00611.c123.linsi",338,0.00412486892448235
"GALGAL_R00612.c123.linsi",315,0.00180653142030893
"GALGAL_R00613.c123.linsi",339,0.00180974563640477
"GALGAL_R00614.c123.linsi",335,0.00152189177766453
"GALGAL_R00615.c123.linsi",359,0.00602996907222024
"GALGAL_R00616.c123.linsi",359,0.00700032098759073
"GALGAL_R00617.c123.linsi",315,0.00270550968416214
"GALGAL_R00618.c123.linsi",353,0.00273607603229733
"GALGAL_R00619.c123.linsi",360,0.0096432673367923
"GALGAL_R00620.c123.linsi",332,0.00624767445763279
"GALGAL_R00621.c123.linsi",360,0.0198169073746493
"GALGAL_R00622.c123.linsi",350,0.00397117742477767
"GALGAL_R00623.c123.linsi",343,0.00417126139058868
"GALGAL_R00624.c123.linsi",362,0.00301901746266678
"GALGAL_R00625.c123.linsi",361,0.010194845491572
"GALGAL_R00626.c123.linsi",357,0.00896604509878122
"GALGAL_R00627.c123.linsi",358,0.00363341279365251
"GALGAL_R00628.c123.linsi",358,0.00360088589164015
"GALGAL_R00629.c123.linsi",353,0.0182070031321774
"GALGAL_R00630.c123.linsi",349,0.00642519193112926
"GALGAL_R00631.c123.linsi",350,0.0159578257606272
"GALGAL_R00632.c123.linsi",362,0.00774811626367764
"GALGAL_R00633.c123.linsi",328,0.00708794011407442
"GALGAL_R00634.c123.linsi",346,0.0118460318503216
"GALGAL_R00635.c123.linsi",252,0.00556990435010706
"GALGAL_R00636.c123.linsi",361,0.00289731284156364
"GALGAL_R00637.c123.linsi",343,0.00403732916628892
"GALGAL_R00638.c123.linsi",194,0.0201901574113478
"GALGAL_R00639.c123.linsi",351,0.0302068757818704
"GALGAL_R00640.c123.linsi",355,0.00498444654727574
"GALGAL_R00641.c123.linsi",286,0.0242356200923055
"GALGAL_R00642.c123.linsi",360,0.0336691809849968
"GALGAL_R00643.c123.linsi",281,0.0173601342768778
"GALGAL_R00644.c123.linsi",141,0.00601916342511009
"GALGAL_R00645.c123.linsi",311,0.00761705021734795
"GALGAL_R00646.c123.linsi",363,0.016493583802157
"GALGAL_R00647.c123.linsi",313,0.00962190620247364
"GALGAL_R00648.c123.linsi",330,0.00456526514240753
"GALGAL_R00649.c123.linsi",13,0.0228918908867725
"GALGAL_R00650.c123.linsi",11,0.015494396205659
"GALGAL_R00651.c123.linsi",309,0.00936138827896108
"GALGAL_R00652.c123.linsi",311,0.0123881057379353
"GALGAL_R00653.c123.linsi",359,0.00583713496870783
"GALGAL_R00654.c123.linsi",116,0.0340587763657829
"GALGAL_R00655.c123.linsi",337,0.00581193158123676
"GALGAL_R00656.c123.linsi",222,0.017870500387493
"GALGAL_R00657.c123.linsi",140,0.00367181960081877
"GALGAL_R00658.c123.linsi",356,0.0290654266606624
"GALGAL_R00659.c123.linsi",361,0.00456725344932311
"GALGAL_R00660.c123.linsi",356,0.00990491369911482
"GALGAL_R00661.c123.linsi",345,0.00611748226959426
"GALGAL_R00662.c123.linsi",184,0.00300882493189285
"GALGAL_R00663.c123.linsi",363,0.00691808932629599
"GALGAL_R00664.c123.linsi",351,0.0307478983835159
"GALGAL_R00665.c123.linsi",345,0.0234734683591379
"GALGAL_R00666.c123.linsi",337,0.00388448864083694
"GALGAL_R00667.c123.linsi",343,0.00247784754217133
"GALGAL_R00668.c123.linsi",311,0.00626664713691513
"GALGAL_R00669.c123.linsi",315,0.0328675660644441
"GALGAL_R00670.c123.linsi",215,0.0132201168974164
"GALGAL_R00671.c123.linsi",318,0.0403209791441375
"GALGAL_R00672.c123.linsi",119,0.0628824741701006
"GALGAL_R00674.c123.linsi",290,0.0415033858699883
"GALGAL_R00675.c123.linsi",210,0.0115641318370191
"GALGAL_R00676.c123.linsi",146,0.0292467922647615
"GALGAL_R00677.c123.linsi",187,0.0156421667294801
"GALGAL_R00678.c123.linsi",185,0.0153433993575269
"GALGAL_R00679.c123.linsi",323,0.0159874199746281
"GALGAL_R00680.c123.linsi",341,0.0172027550871474
"GALGAL_R00681.c123.linsi",311,0.0419573709941468
"GALGAL_R00682.c123.linsi",349,0.0556106820410426
"GALGAL_R00683.c123.linsi",352,0.043762101457705
"GALGAL_R00684.c123.linsi",356,0.00677661234254344
"GALGAL_R00685.c123.linsi",348,0.00363971775556846
"GALGAL_R00686.c123.linsi",324,0.0101745920241571
"GALGAL_R00687.c123.linsi",313,0.00903328492700746
"GALGAL_R00688.c123.linsi",352,0.0046972956900321
"GALGAL_R00689.c123.linsi",125,0.0172805796214296
"GALGAL_R00690.c123.linsi",28,0.00387645787656584
"GALGAL_R00692.c123.linsi",4,0.0122672845941243
"GALGAL_R00693.c123.linsi",352,0.00103635866711225
"GALGAL_R00694.c123.linsi",6,0.011972707525928
"GALGAL_R00695.c123.linsi",344,0.00766898219609478
"GALGAL_R00696.c123.linsi",361,0.00514354271074596
"GALGAL_R00697.c123.linsi",346,0.00397523307870627
"GALGAL_R00698.c123.linsi",348,0.0160745021675321
"GALGAL_R00699.c123.linsi",356,0.0119236291855062
"GALGAL_R00700.c123.linsi",328,0.00506059878784004
"GALGAL_R00701.c123.linsi",347,0.00766992056643779
"GALGAL_R00702.c123.linsi",350,0.0133125247571399
"GALGAL_R00703.c123.linsi",353,0.0093959084341722
"GALGAL_R00704.c123.linsi",358,0.0083176339341211
"GALGAL_R00705.c123.linsi",361,0.0118269226517931
"GALGAL_R00706.c123.linsi",332,0.0265470291343754
"GALGAL_R00707.c123.linsi",345,0.00152277453302854
"GALGAL_R00708.c123.linsi",337,0.00743296736025023
"GALGAL_R00709.c123.linsi",56,0.00721303124246028
"GALGAL_R00710.c123.linsi",350,0.00134475702955851
"GALGAL_R00711.c123.linsi",355,0.0206208601474247
"GALGAL_R00712.c123.linsi",356,0.00348302281183214
"GALGAL_R00713.c123.linsi",361,0.0104003126434356
"GALGAL_R00714.c123.linsi",359,0.00324913064032944
"GALGAL_R00715.c123.linsi",354,0.00299763464165752
"GALGAL_R00716.c123.linsi",359,0.0203384216932964
"GALGAL_R00717.c123.linsi",359,0.00229716527435548
"GALGAL_R00718.c123.linsi",344,0.0136164242726875
"GALGAL_R00719.c123.linsi",353,0.00378574416902556
"GALGAL_R00720.c123.linsi",138,0.00574924842544811
"GALGAL_R00721.c123.linsi",356,0.00354580384552844
"GALGAL_R00722.c123.linsi",353,0.00418547332200197
"GALGAL_R00723.c123.linsi",362,0.00920623185313933
"GALGAL_R00724.c123.linsi",202,0.00164709788847034
"GALGAL_R00725.c123.linsi",355,0.00357723202922505
"GALGAL_R00726.c123.linsi",344,0.00463090055175776
"GALGAL_R00727.c123.linsi",176,0.0114822986572707
"GALGAL_R00728.c123.linsi",359,0.0418490173270092
"GALGAL_R00729.c123.linsi",12,0.00419777137015132
"GALGAL_R00730.c123.linsi",355,0.00207583602939336
"GALGAL_R00731.c123.linsi",343,0.0380254455955087
"GALGAL_R00732.c123.linsi",359,0.00589308812937307
"GALGAL_R00733.c123.linsi",350,0.0116212479373118
"GALGAL_R00734.c123.linsi",336,0.0336088568863001
"GALGAL_R00735.c123.linsi",337,0.0287419968396617
"GALGAL_R00736.c123.linsi",233,0.0224019807964184
"GALGAL_R00737.c123.linsi",254,0.0214982687364234
"GALGAL_R00738.c123.linsi",263,0.0310381240632968
"GALGAL_R00739.c123.linsi",312,0.00702357796740399
"GALGAL_R00740.c123.linsi",232,0.0214695490547417
"GALGAL_R00741.c123.linsi",254,0.0295182413028326
"GALGAL_R00742.c123.linsi",325,0.0663358505384061
"GALGAL_R00743.c123.linsi",301,0.0155005699642202
"GALGAL_R00744.c123.linsi",314,0.0198756345319003
"GALGAL_R00745.c123.linsi",331,0.0162461208120388
"GALGAL_R00746.c123.linsi",59,0.0199036405751976
"GALGAL_R00747.c123.linsi",304,0.0101361903848524
"GALGAL_R00748.c123.linsi",354,0.00310339223221894
"GALGAL_R00749.c123.linsi",330,0.0160835346471289
"GALGAL_R00750.c123.linsi",354,0.0187740958761631
"GALGAL_R00751.c123.linsi",8,0.00846798864920469
"GALGAL_R00752.c123.linsi",11,0.00560306075079703
"GALGAL_R00753.c123.linsi",331,0.00460112884713186
"GALGAL_R00754.c123.linsi",352,0.0317282702229685
"GALGAL_R00755.c123.linsi",339,0.0164748428022257
"GALGAL_R00756.c123.linsi",349,0.00916453736025208
"GALGAL_R00757.c123.linsi",329,0.0526774220708018
"GALGAL_R00758.c123.linsi",347,0.0197293075748017
"GALGAL_R00759.c123.linsi",355,0.00481789184925787
"GALGAL_R00760.c123.linsi",360,0.0205738702756324
"GALGAL_R00761.c123.linsi",8,0.0116592414875853
"GALGAL_R00762.c123.linsi",284,0.0650454010366557
"GALGAL_R00763.c123.linsi",7,0.0225405551096212
"GALGAL_R00764.c123.linsi",6,0.00765008360515665
"GALGAL_R00765.c123.linsi",50,0.0226831288482563
"GALGAL_R00766.c123.linsi",347,0.00313478231606912
"GALGAL_R00767.c123.linsi",309,0.010626013375305
"GALGAL_R00768.c123.linsi",357,0.0365048593495226
"GALGAL_R00769.c123.linsi",351,0.0042864844898875
"GALGAL_R00770.c123.linsi",342,0.00153185256835672
"GALGAL_R00771.c123.linsi",303,0.00285364373146088
"GALGAL_R00772.c123.linsi",358,0.00440483845256437
"GALGAL_R00773.c123.linsi",350,0.00284235470217868
"GALGAL_R00774.c123.linsi",326,0.00612394815754686
"GALGAL_R00775.c123.linsi",360,0.00474448101690657
"GALGAL_R00776.c123.linsi",28,0.0272810098627988
"GALGAL_R00777.c123.linsi",326,0.00722930220089727
"GALGAL_R00778.c123.linsi",352,0.00882480035341291
"GALGAL_R00779.c123.linsi",362,0.00807920167679885
"GALGAL_R00780.c123.linsi",144,0.0190607374777505
"GALGAL_R00781.c123.linsi",222,0.0271770053469477
"GALGAL_R00782.c123.linsi",103,0.0245268939490572
"GALGAL_R00783.c123.linsi",276,0.0131799393435374
"GALGAL_R00784.c123.linsi",362,0.00734397187791166
"GALGAL_R00785.c123.linsi",138,0.0237619926130914
"GALGAL_R00786.c123.linsi",322,0.00871985484763436
"GALGAL_R00787.c123.linsi",342,0.00750830111897459
"GALGAL_R00788.c123.linsi",326,0.0351688750825825
"GALGAL_R00789.c123.linsi",249,0.0401907325551555
"GALGAL_R00790.c123.linsi",178,0.0238158896451496
"GALGAL_R00791.c123.linsi",5,0.0401849987658287
"GALGAL_R00793.c123.linsi",285,0.0126506426763768
"GALGAL_R00794.c123.linsi",5,0.00703448684089873
"GALGAL_R00795.c123.linsi",108,0.0230711830865343
"GALGAL_R00796.c123.linsi",309,0.0111732878607217
"GALGAL_R00797.c123.linsi",358,0.0101087208955413
"GALGAL_R00798.c123.linsi",353,0.0085675694723921
"GALGAL_R00799.c123.linsi",360,0.0134653631998582
"GALGAL_R00800.c123.linsi",329,0.0142517866348999
"GALGAL_R00801.c123.linsi",343,0.00679079164828171
"GALGAL_R00802.c123.linsi",352,0.018747285451655
"GALGAL_R00803.c123.linsi",319,0.00588670805527187
"GALGAL_R00804.c123.linsi",358,0.0117171339058994
"GALGAL_R00805.c123.linsi",342,0.0158302489486319
"GALGAL_R00806.c123.linsi",353,0.00860213273550872
"GALGAL_R00807.c123.linsi",350,0.0247659201786117
"GALGAL_R00808.c123.linsi",342,0.00322747998802945
"GALGAL_R00809.c123.linsi",331,0.00412090373181276
"GALGAL_R00810.c123.linsi",361,0.0171130779089005
"GALGAL_R00811.c123.linsi",343,0.00785174453135788
"GALGAL_R00812.c123.linsi",234,0.0265039097800509
"GALGAL_R00813.c123.linsi",286,0.01356962063505
"GALGAL_R00814.c123.linsi",7,0.00735362275977706
"GALGAL_R00815.c123.linsi",348,0.0142678638773851
"GALGAL_R00816.c123.linsi",348,0.00197409682624055
"GALGAL_R00817.c123.linsi",344,0.00499908033108892
"GALGAL_R00818.c123.linsi",358,0.00742182498407183
"GALGAL_R00819.c123.linsi",352,0.00573824301239639
"GALGAL_R00820.c123.linsi",342,0.00771740897852247
"GALGAL_R00821.c123.linsi",335,0.00389548071304476
"GALGAL_R00822.c123.linsi",360,0.00286248190600291
"GALGAL_R00823.c123.linsi",342,0.00522030846608524
"GALGAL_R00824.c123.linsi",351,0.00740063774833354
"GALGAL_R00825.c123.linsi",335,0.00236522698209648
"GALGAL_R00826.c123.linsi",362,0.00195214229077943
"GALGAL_R00827.c123.linsi",344,0.00160560083643011
"GALGAL_R00828.c123.linsi",343,0.00512919499664766
"GALGAL_R00829.c123.linsi",329,0.00346926362923087
"GALGAL_R00830.c123.linsi",357,0.00463052906859445
"GALGAL_R00831.c123.linsi",356,0.00328862421976851
"GALGAL_R00832.c123.linsi",358,0.00337103731029507
"GALGAL_R00833.c123.linsi",346,0.00327644164986088
"GALGAL_R00834.c123.linsi",356,0.0033016205431601
"GALGAL_R00835.c123.linsi",285,0.0093060932923674
"GALGAL_R00836.c123.linsi",354,0.00226424079773935
"GALGAL_R00837.c123.linsi",329,0.00271729769546453
"GALGAL_R00838.c123.linsi",358,0.00682628194530366
"GALGAL_R00840.c123.linsi",362,0.0118547967208948
"GALGAL_R00841.c123.linsi",357,0.00955092388842412
"GALGAL_R00842.c123.linsi",346,0.00512296269142749
"GALGAL_R00843.c123.linsi",357,0.0119806091477929
"GALGAL_R00844.c123.linsi",357,0.0036986610383816
"GALGAL_R00845.c123.linsi",349,0.00522218248254736
"GALGAL_R00846.c123.linsi",347,0.00930212167709364
"GALGAL_R00847.c123.linsi",351,0.0158522230989781
"GALGAL_R00848.c123.linsi",360,0.00610551684622012
"GALGAL_R00849.c123.linsi",350,0.00262524523974048
"GALGAL_R00850.c123.linsi",347,0.00799046302159158
"GALGAL_R00851.c123.linsi",351,0.0194378026577188
"GALGAL_R00852.c123.linsi",353,0.0117804128001915
"GALGAL_R00853.c123.linsi",352,0.00419362036615729
"GALGAL_R00854.c123.linsi",356,0.00646866160240754
"GALGAL_R00855.c123.linsi",359,0.00314913716687567
"GALGAL_R00856.c123.linsi",357,0.00244041332880242
"GALGAL_R00857.c123.linsi",336,0.00942948130142518
"GALGAL_R00858.c123.linsi",358,0.00637693834142679
"GALGAL_R00859.c123.linsi",355,0.00472286203818553
"GALGAL_R00860.c123.linsi",361,0.0218661514401361
"GALGAL_R00861.c123.linsi",351,0.025095452910014
"GALGAL_R00862.c123.linsi",341,0.00882084508078345
"GALGAL_R00863.c123.linsi",324,0.0113645827162433
"GALGAL_R00864.c123.linsi",328,0.00124897849796486
"GALGAL_R00865.c123.linsi",360,0.0348439561538905
"GALGAL_R00866.c123.linsi",349,0.0148891931986179
"GALGAL_R00867.c123.linsi",344,0.0118978556819348
"GALGAL_R00868.c123.linsi",351,0.0157022690668002
"GALGAL_R00869.c123.linsi",348,0.00491338197671677
"GALGAL_R00870.c123.linsi",346,0.00393826387618043
"GALGAL_R00871.c123.linsi",357,0.00940956122002002
"GALGAL_R00872.c123.linsi",349,0.00442786695004311
"GALGAL_R00873.c123.linsi",358,0.00261927001285146
"GALGAL_R00874.c123.linsi",300,0.00355235610588386
"GALGAL_R00875.c123.linsi",26,0.00383730294599281
"GALGAL_R00876.c123.linsi",346,0.00860020266450442
"GALGAL_R00877.c123.linsi",301,0.0060093002891042
"GALGAL_R00878.c123.linsi",248,0.0562797485123008
"GALGAL_R00879.c123.linsi",324,0.0072508370367413
"GALGAL_R00880.c123.linsi",320,0.0109680235729392
"GALGAL_R00881.c123.linsi",333,0.00315023727082666
"GALGAL_R00882.c123.linsi",349,0.00249641905948803
"GALGAL_R00886.c123.linsi",345,0.00657043192595059
"GALGAL_R00887.c123.linsi",9,0.0191872052475405
"GALGAL_R00888.c123.linsi",351,0.00580435325718112
"GALGAL_R00889.c123.linsi",354,0.0163361453847529
"GALGAL_R00890.c123.linsi",139,0.00703289089423377
"GALGAL_R00891.c123.linsi",358,0.0153391433470979
"GALGAL_R00892.c123.linsi",360,0.0143108134580433
"GALGAL_R00895.c123.linsi",333,0.00153971709080808
"GALGAL_R00896.c123.linsi",317,0.0129838444641166
"GALGAL_R00899.c123.linsi",331,0.00806518647374697
"GALGAL_R00900.c123.linsi",321,0.00396182820536688
"GALGAL_R00901.c123.linsi",359,0.00321249773420773
"GALGAL_R00902.c123.linsi",348,0.020216320051586
"GALGAL_R00903.c123.linsi",352,0.01057413923783
"GALGAL_R00904.c123.linsi",310,0.0111489023622561
"GALGAL_R00905.c123.linsi",151,0.00734454566793547
"GALGAL_R00906.c123.linsi",353,0.0804024425209695
"GALGAL_R00907.c123.linsi",286,0.0236094876395538
"GALGAL_R00908.c123.linsi",337,0.0590698952179761
"GALGAL_R00910.c123.linsi",141,0.00978466633421301
"GALGAL_R00911.c123.linsi",331,0.033640211898928
"GALGAL_R00912.c123.linsi",333,0.0517253421075284
"GALGAL_R00913.c123.linsi",267,0.00263340695226629
"GALGAL_R00914.c123.linsi",229,0.00884495282943302
"GALGAL_R00915.c123.linsi",338,0.00561384242958848
"GALGAL_R00916.c123.linsi",358,0.0297254471513148
"GALGAL_R00917.c123.linsi",350,0.00665797748549978
"GALGAL_R00918.c123.linsi",313,0.00375366812946481
"GALGAL_R00919.c123.linsi",363,0.00379460511503516
"GALGAL_R00920.c123.linsi",285,0.0142978717999089
"GALGAL_R00921.c123.linsi",361,0.00273442910629488
"GALGAL_R00922.c123.linsi",360,0.00314982273183339
"GALGAL_R00923.c123.linsi",354,0.00215074135331744
"GALGAL_R00924.c123.linsi",348,0.00504314808583773
"GALGAL_R00925.c123.linsi",360,0.00726874663469853
"GALGAL_R00926.c123.linsi",358,0.000697005555182797
"GALGAL_R00927.c123.linsi",359,0.0012595905969565
"GALGAL_R00929.c123.linsi",356,0.00389400536431447
"GALGAL_R00930.c123.linsi",344,0.00460995242166808
"GALGAL_R00931.c123.linsi",295,0.0147048981218207
"GALGAL_R00932.c123.linsi",357,0.00848825307679119
"GALGAL_R00933.c123.linsi",353,0.00493866768729821
"GALGAL_R00934.c123.linsi",340,0.00711221170567245
"GALGAL_R00935.c123.linsi",363,0.0055462504081152
"GALGAL_R00936.c123.linsi",25,0.0456530759645158
"GALGAL_R00937.c123.linsi",343,0.00415642835929826
"GALGAL_R00938.c123.linsi",360,0.0133481891238544
"GALGAL_R00939.c123.linsi",34,0.00250339607257637
"GALGAL_R00940.c123.linsi",356,0.0192336114430952
"GALGAL_R00941.c123.linsi",304,0.0125335087597786
"GALGAL_R00942.c123.linsi",356,0.0326570817261886
"GALGAL_R00943.c123.linsi",122,0.0640675834809376
"GALGAL_R00944.c123.linsi",315,0.0240658316513936
"GALGAL_R00945.c123.linsi",352,0.0241386231627717
"GALGAL_R00946.c123.linsi",339,0.00641022817969974
"GALGAL_R00947.c123.linsi",7,0.0173839930911439
"GALGAL_R00948.c123.linsi",7,0.0165829853580019
"GALGAL_R00949.c123.linsi",355,0.00868239265017038
"GALGAL_R00950.c123.linsi",351,0.0574428908489929
"GALGAL_R00951.c123.linsi",4,0.018428699334004
"GALGAL_R00952.c123.linsi",6,0.0200730799731362
"GALGAL_R00954.c123.linsi",309,0.00525188141126898
"GALGAL_R00955.c123.linsi",4,0.00700695643720902
"GALGAL_R00956.c123.linsi",257,0.0294045404532027
"GALGAL_R00957.c123.linsi",301,0.00271659701190186
"GALGAL_R00958.c123.linsi",354,0.00138524155995166
"GALGAL_R00959.c123.linsi",343,0.0186899027260963
"GALGAL_R00962.c123.linsi",346,0.0135438475165191
"GALGAL_R00965.c123.linsi",240,0.00992001498008008
"GALGAL_R00967.c123.linsi",68,0.0166597480010776
"GALGAL_R00968.c123.linsi",242,0.00357810848414503
"GALGAL_R00969.c123.linsi",335,0.00972705860691462
"GALGAL_R00970.c123.linsi",330,0.010098095761775
"GALGAL_R00971.c123.linsi",321,0.00991188579505012
"GALGAL_R00972.c123.linsi",363,0.00232702342773716
"GALGAL_R00973.c123.linsi",41,0.0301247044092029
"GALGAL_R00974.c123.linsi",353,0.00737726411295496
"GALGAL_R00975.c123.linsi",357,0.0053838035946463
"GALGAL_R00976.c123.linsi",335,0.0487096809288802
"GALGAL_R00978.c123.linsi",327,0.008648821430461
"GALGAL_R00979.c123.linsi",352,0.0234104525788295
"GALGAL_R00980.c123.linsi",291,0.00933295397241342
"GALGAL_R00981.c123.linsi",344,0.0474482451490098
"GALGAL_R00982.c123.linsi",357,0.0120023911311302
"GALGAL_R00983.c123.linsi",360,0.00871435584842613
"GALGAL_R00984.c123.linsi",353,0.0473112138131574
"GALGAL_R00985.c123.linsi",356,0.0121384858920227
"GALGAL_R00986.c123.linsi",322,0.0187550357730819
"GALGAL_R00987.c123.linsi",354,0.00416279067347463
"GALGAL_R00988.c123.linsi",355,0.0185081418696506
"GALGAL_R00989.c123.linsi",319,0.00778741890421374
"GALGAL_R00990.c123.linsi",351,0.00296206739698169
"GALGAL_R00991.c123.linsi",227,0.0123248374564733
"GALGAL_R00992.c123.linsi",361,0.00938935552630046
"GALGAL_R00993.c123.linsi",347,0.024119768021661
"GALGAL_R00994.c123.linsi",342,0.0014145176626992
"GALGAL_R00995.c123.linsi",312,0.0255436423111015
"GALGAL_R00996.c123.linsi",337,0.00393096862480586
"GALGAL_R00997.c123.linsi",348,0.0206298759756421
"GALGAL_R00998.c123.linsi",343,0.00627987228482137
"GALGAL_R00999.c123.linsi",307,0.00448909008376932
"GALGAL_R01000.c123.linsi",347,0.00974947543232322
"GALGAL_R01001.c123.linsi",353,0.00712882160435625
"GALGAL_R01002.c123.linsi",351,0.00346339487069837
"GALGAL_R01003.c123.linsi",360,0.00197255804514864
"GALGAL_R01004.c123.linsi",321,0.00993911497702981
"GALGAL_R01005.c123.linsi",362,0.00623115691929825
"GALGAL_R01006.c123.linsi",311,0.00322691366022259
"GALGAL_R01007.c123.linsi",321,0.00402981712216384
"GALGAL_R01008.c123.linsi",354,0.00548945549785308
"GALGAL_R01009.c123.linsi",184,0.00396018411897653
"GALGAL_R01010.c123.linsi",354,0.0120568565635728
"GALGAL_R01011.c123.linsi",351,0.0037668722855673
"GALGAL_R01012.c123.linsi",326,0.0252698738308431
"GALGAL_R01013.c123.linsi",311,0.00635822330734968
"GALGAL_R01014.c123.linsi",324,0.00613874519590385
"GALGAL_R01015.c123.linsi",361,0.00486371707423692
"GALGAL_R01016.c123.linsi",360,0.00665839995336957
"GALGAL_R01017.c123.linsi",359,0.00646670381835544
"GALGAL_R01018.c123.linsi",359,0.00546701153835056
"GALGAL_R01019.c123.linsi",351,0.00654420315090675
"GALGAL_R01020.c123.linsi",355,0.00312347951396038
"GALGAL_R01021.c123.linsi",310,0.0156823535914709
"GALGAL_R01022.c123.linsi",334,0.0117211488816051
"GALGAL_R01023.c123.linsi",9,0.0464885561872841
"GALGAL_R01024.c123.linsi",360,0.00125542561188538
"GALGAL_R01025.c123.linsi",347,0.00455421869735571
"GALGAL_R01026.c123.linsi",343,0.0152819657829005
"GALGAL_R01027.c123.linsi",355,0.00896488746877308
"GALGAL_R01028.c123.linsi",360,0.00376545287979402
"GALGAL_R01029.c123.linsi",353,0.00368848323806301
"GALGAL_R01030.c123.linsi",362,0.00392259863301642
"GALGAL_R01031.c123.linsi",351,0.0190124474366222
"GALGAL_R01032.c123.linsi",323,0.00647416006282789
"GALGAL_R01033.c123.linsi",362,0.0158498438121569
"GALGAL_R01034.c123.linsi",345,0.00694588383592928
"GALGAL_R01035.c123.linsi",360,0.00554266777449274
"GALGAL_R01036.c123.linsi",356,0.0256594636689266
"GALGAL_R01037.c123.linsi",347,0.0183221202847827
"GALGAL_R01038.c123.linsi",249,0.0196115999529447
"GALGAL_R01039.c123.linsi",356,0.0268616911340929
"GALGAL_R01040.c123.linsi",357,0.0198136118643224
"GALGAL_R01041.c123.linsi",357,0.119360125642644
"GALGAL_R01042.c123.linsi",322,0.011560161711894
"GALGAL_R01043.c123.linsi",324,0.0105663805101907
"GALGAL_R01044.c123.linsi",351,0.0161009943352633
"GALGAL_R01045.c123.linsi",357,0.00430293899076412
"GALGAL_R01046.c123.linsi",360,0.00702562898969459
"GALGAL_R01047.c123.linsi",360,0.00406904703847179
"GALGAL_R01048.c123.linsi",184,0.00280873918071814
"GALGAL_R01049.c123.linsi",350,0.00387472855857522
"GALGAL_R01050.c123.linsi",358,0.0266012355984962
"GALGAL_R01051.c123.linsi",299,0.00701689689261393
"GALGAL_R01052.c123.linsi",324,0.0348026611668378
"GALGAL_R01053.c123.linsi",356,0.00542772690771666
"GALGAL_R01054.c123.linsi",306,0.0198592066995877
"GALGAL_R01055.c123.linsi",223,0.044471697677482
"GALGAL_R01056.c123.linsi",347,0.00305466299265556
"GALGAL_R01057.c123.linsi",357,0.00491737178447103
"GALGAL_R01058.c123.linsi",315,0.031520906450466
"GALGAL_R01059.c123.linsi",237,0.0125827233193226
"GALGAL_R01060.c123.linsi",356,0.00313742731220574
"GALGAL_R01064.c123.linsi",82,0.0418012056655968
"GALGAL_R01065.c123.linsi",336,0.0640236053604741
"GALGAL_R01066.c123.linsi",313,0.10550322662056
"GALGAL_R01067.c123.linsi",356,0.0253436775330251
"GALGAL_R01068.c123.linsi",291,0.0066721443518578
"GALGAL_R01069.c123.linsi",132,0.0183640064873568
"GALGAL_R01070.c123.linsi",334,0.00691150296125548
"GALGAL_R01071.c123.linsi",334,0.0295501555158619
"GALGAL_R01072.c123.linsi",348,0.0129641049856905
"GALGAL_R01073.c123.linsi",64,0.00536809911042388
"GALGAL_R01074.c123.linsi",290,0.0174810621353904
"GALGAL_R01075.c123.linsi",350,0.0277997208621673
"GALGAL_R01076.c123.linsi",262,0.00889447974840961
"GALGAL_R01077.c123.linsi",226,0.0395080406373722
"GALGAL_R01078.c123.linsi",303,0.00651404511737475
"GALGAL_R01079.c123.linsi",307,0.0109870243589542
"GALGAL_R01080.c123.linsi",349,0.00575610538926203
"GALGAL_R01081.c123.linsi",52,0.032375950268623
"GALGAL_R01082.c123.linsi",299,0.0148833124027146
"GALGAL_R01083.c123.linsi",337,0.00425135395473095
"GALGAL_R01084.c123.linsi",326,0.0107635993342272
"GALGAL_R01085.c123.linsi",301,0.00923211534149831
"GALGAL_R01086.c123.linsi",316,0.0156788895263759
"GALGAL_R01087.c123.linsi",337,0.00988629911803952
"GALGAL_R01088.c123.linsi",347,0.0123995748983141
"GALGAL_R01089.c123.linsi",241,0.00657311152402704
"GALGAL_R01090.c123.linsi",339,0.0118116687712956
"GALGAL_R01091.c123.linsi",333,0.0490456225249287
"GALGAL_R01092.c123.linsi",68,0.0299245169300187
"GALGAL_R01093.c123.linsi",312,0.036400264383468
"GALGAL_R01094.c123.linsi",334,0.0711239729702685
"GALGAL_R01095.c123.linsi",268,0.031230825303768
"GALGAL_R01096.c123.linsi",331,0.0272070598405964
"GALGAL_R01097.c123.linsi",288,0.0139565431066594
"GALGAL_R01098.c123.linsi",343,0.00308290101260018
"GALGAL_R01099.c123.linsi",340,0.00501079248651057
"GALGAL_R01100.c123.linsi",333,0.0198978116214178
"GALGAL_R01101.c123.linsi",354,0.00971844221840485
"GALGAL_R01102.c123.linsi",348,0.0252037110657177
"GALGAL_R01103.c123.linsi",310,0.0279286339525971
"GALGAL_R01104.c123.linsi",358,0.0344259428538854
"GALGAL_R01105.c123.linsi",327,0.0145677342747847
"GALGAL_R01106.c123.linsi",73,0.00862360549982815
"GALGAL_R01107.c123.linsi",145,0.0171206616650128
"GALGAL_R01108.c123.linsi",86,0.0272869771243042
"GALGAL_R01109.c123.linsi",325,0.0202549511569345
"GALGAL_R01110.c123.linsi",308,0.0121634118511772
"GALGAL_R01111.c123.linsi",360,0.0121068044400988
"GALGAL_R01112.c123.linsi",6,0.0442666405956013
"GALGAL_R01113.c123.linsi",107,0.015069503920418
"GALGAL_R01114.c123.linsi",10,0.00479240362790546
"GALGAL_R01115.c123.linsi",317,0.00403345403207199
"GALGAL_R01116.c123.linsi",335,0.010906858523701
"GALGAL_R01117.c123.linsi",121,0.0124111891477857
"GALGAL_R01118.c123.linsi",342,0.0434657300162846
"GALGAL_R01119.c123.linsi",123,0.0345655647971712
"GALGAL_R01120.c123.linsi",13,0.025610975016585
"GALGAL_R01121.c123.linsi",9,0.0232298387575953
"GALGAL_R01122.c123.linsi",325,0.0143284858930301
"GALGAL_R01123.c123.linsi",357,0.00497092776682339
"GALGAL_R01124.c123.linsi",273,0.0290483153868536
"GALGAL_R01125.c123.linsi",336,0.0220148364084884
"GALGAL_R01127.c123.linsi",261,0.0135260556658693
"GALGAL_R01128.c123.linsi",120,0.0322339592573708
"GALGAL_R01129.c123.linsi",210,0.0167879616848953
"GALGAL_R01130.c123.linsi",7,0.0303417153275776
"GALGAL_R01131.c123.linsi",341,0.00767112235536603
"GALGAL_R01132.c123.linsi",322,0.0126178620215685
"GALGAL_R01133.c123.linsi",324,0.0158605933224634
"GALGAL_R01134.c123.linsi",299,0.00954981408169778
"GALGAL_R01136.c123.linsi",38,0.0248999476201378
"GALGAL_R01137.c123.linsi",246,0.0162010259144226
"GALGAL_R01138.c123.linsi",342,0.0143532425280004
"GALGAL_R01139.c123.linsi",311,0.0521433660364693
"GALGAL_R01140.c123.linsi",340,0.0216034581367333
"GALGAL_R01141.c123.linsi",279,0.0460304821699251
"GALGAL_R01142.c123.linsi",317,0.0119783597909441
"GALGAL_R01143.c123.linsi",14,0.0145006909967625
"GALGAL_R01144.c123.linsi",141,0.0199177298150736
"GALGAL_R01145.c123.linsi",11,0.0174538377482447
"GALGAL_R01146.c123.linsi",334,0.00316588205613563
"GALGAL_R01147.c123.linsi",341,0.00786559872177792
"GALGAL_R01148.c123.linsi",352,0.0178633193127297
"GALGAL_R01149.c123.linsi",66,0.0168754401535916
"GALGAL_R01150.c123.linsi",337,0.00783878923314626
"GALGAL_R01151.c123.linsi",350,0.0143594783857282
"GALGAL_R01152.c123.linsi",357,0.0102235344475953
"GALGAL_R01153.c123.linsi",341,0.00896939881385879
"GALGAL_R01154.c123.linsi",336,0.00344967601778832
"GALGAL_R01155.c123.linsi",321,0.00723947993303533
"GALGAL_R01156.c123.linsi",343,0.00592305296262839
"GALGAL_R01157.c123.linsi",328,0.00597087931814368
"GALGAL_R01158.c123.linsi",344,0.0180771633657615
"GALGAL_R01159.c123.linsi",352,0.0115994565446302
"GALGAL_R01160.c123.linsi",331,0.0146353731562781
"GALGAL_R01161.c123.linsi",302,0.0151097958414925
"GALGAL_R01162.c123.linsi",353,0.00813472469523548
"GALGAL_R01163.c123.linsi",358,0.00852089495370936
"GALGAL_R01164.c123.linsi",355,0.0336239461350286
"GALGAL_R01165.c123.linsi",356,0.0550924597827882
"GALGAL_R01166.c123.linsi",350,0.0135461917706486
"GALGAL_R01167.c123.linsi",347,0.0148379117577634
"GALGAL_R01168.c123.linsi",79,0.0188728419735439
"GALGAL_R01169.c123.linsi",337,0.00814509173275584
"GALGAL_R01170.c123.linsi",347,0.00667833086341359
"GALGAL_R01171.c123.linsi",350,0.0175208824214906
"GALGAL_R01172.c123.linsi",315,0.0126277368006541
"GALGAL_R01173.c123.linsi",351,0.00638211120969265
"GALGAL_R01174.c123.linsi",253,0.0223986172944645
"GALGAL_R01175.c123.linsi",306,0.0182005793942677
"GALGAL_R01176.c123.linsi",313,0.007930935594353
"GALGAL_R01177.c123.linsi",341,0.0317516427732935
"GALGAL_R01178.c123.linsi",356,0.0186898131986336
"GALGAL_R01179.c123.linsi",236,0.0161875103567212
"GALGAL_R01180.c123.linsi",117,0.0118205509933745
"GALGAL_R01181.c123.linsi",341,0.0289789908348076
"GALGAL_R01182.c123.linsi",330,0.0114572713157751
"GALGAL_R01183.c123.linsi",207,0.0633699467147003
"GALGAL_R01184.c123.linsi",82,0.0227812055943812
"GALGAL_R01185.c123.linsi",359,0.0116651588082046
"GALGAL_R01186.c123.linsi",357,0.0287878219177799
"GALGAL_R01187.c123.linsi",359,0.0313263826420268
"GALGAL_R01201.c123.linsi",328,0.0160650099171399
"GALGAL_R01202.c123.linsi",306,0.0164123197162792
"GALGAL_R01203.c123.linsi",5,0.00518459488288616
"GALGAL_R01204.c123.linsi",73,0.00905803336931928
"GALGAL_R01205.c123.linsi",8,0.00833388409173195
"GALGAL_R01206.c123.linsi",110,0.046992330462431
"GALGAL_R01236.c123.linsi",33,0.0136105949388651
"GALGAL_R01237.c123.linsi",304,0.0117643428985476
"GALGAL_R01238.c123.linsi",311,0.00580485630336492
"GALGAL_R01239.c123.linsi",353,0.00818566471356291
"GALGAL_R01244.c123.linsi",12,0.0454031550094805
"GALGAL_R01256.c123.linsi",126,0.0170704242308298
"GALGAL_R01257.c123.linsi",221,0.0137893450911841
"GALGAL_R01258.c123.linsi",8,0.00947382148291869
"GALGAL_R01265.c123.linsi",25,0.0132642185714876
"GALGAL_R01267.c123.linsi",261,0.0226808849836091
"GALGAL_R01268.c123.linsi",237,0.0204395984076238
"GALGAL_R01278.c123.linsi",218,0.0490732044029246
"GALGAL_R01287.c123.linsi",169,0.0421426463637874
"GALGAL_R01288.c123.linsi",354,0.0281183126098582
"GALGAL_R01289.c123.linsi",239,0.0330707061816289
"GALGAL_R01295.c123.linsi",6,0.0259969031524851
"GALGAL_R01296.c123.linsi",37,0.0359712031336297
"GALGAL_R01300.c123.linsi",272,0.025676221843796
"GALGAL_R01301.c123.linsi",261,0.0267047859457467
"GALGAL_R01302.c123.linsi",119,0.0242095285216737
"GALGAL_R01303.c123.linsi",104,0.0127596799447213
"GALGAL_R01305.c123.linsi",4,0.00757913646536996
"GALGAL_R01306.c123.linsi",4,0.0405580983177347
"GALGAL_R01308.c123.linsi",13,0.0367041187237723
"GALGAL_R01313.c123.linsi",252,0.0207490645445366
"GALGAL_R01314.c123.linsi",7,0.0629936091625792
"GALGAL_R01316.c123.linsi",353,0.0151824401187849
"GALGAL_R01317.c123.linsi",15,0.0225612527838261
"GALGAL_R01318.c123.linsi",5,0.0145537119353556
"GALGAL_R01323.c123.linsi",58,0.0310873972518865
"GALGAL_R01324.c123.linsi",248,0.0172977822968007
"GALGAL_R01326.c123.linsi",10,0.0024547449873188
"GALGAL_R01327.c123.linsi",118,0.0210790771717607
"GALGAL_R01329.c123.linsi",271,0.0359592394845034
"GALGAL_R01330.c123.linsi",49,0.0396861857584341
"GALGAL_R01332.c123.linsi",21,0.0950857201345112
"GALGAL_R01337.c123.linsi",26,0.00630730889082028
"GALGAL_R01340.c123.linsi",6,0.0468534910032537
"GALGAL_R01341.c123.linsi",310,0.0220125323697646
"GALGAL_R01344.c123.linsi",246,0.0137313954543756
"GALGAL_R01345.c123.linsi",288,0.0185180066125341
"GALGAL_R01347.c123.linsi",190,0.0329538121498472
"GALGAL_R01349.c123.linsi",185,0.0172378002907806
"GALGAL_R01350.c123.linsi",316,0.0275703907314627
"GALGAL_R01353.c123.linsi",177,0.0240097120446814
"GALGAL_R01354.c123.linsi",8,0.00970740115930705
"GALGAL_R01357.c123.linsi",41,0.0125090276587692
"GALGAL_R01358.c123.linsi",60,0.0434666889179212
"GALGAL_R01361.c123.linsi",51,0.0267152956563483
"GALGAL_R01363.c123.linsi",77,0.0374911601097016
"GALGAL_R01364.c123.linsi",284,0.0297054585893257
"GALGAL_R01368.c123.linsi",47,0.00297663598198322
"GALGAL_R01370.c123.linsi",52,0.0966353580021069
"GALGAL_R01372.c123.linsi",57,0.016689657432033
"GALGAL_R01373.c123.linsi",250,0.0418435131136765
"GALGAL_R01378.c123.linsi",189,0.0200994940489233
"GALGAL_R01379.c123.linsi",233,0.032397495213867
"GALGAL_R01380.c123.linsi",157,0.0145204296760967
"GALGAL_R01381.c123.linsi",185,0.0408603429341633
"GALGAL_R01382.c123.linsi",245,0.0480915804485426
"GALGAL_R01383.c123.linsi",283,0.0225963454655015
"GALGAL_R01384.c123.linsi",318,0.029275006813947
"GALGAL_R01385.c123.linsi",337,0.0137667234622519
"GALGAL_R01386.c123.linsi",285,0.010064514057662
"GALGAL_R01387.c123.linsi",199,0.0135643869604852
"GALGAL_R01388.c123.linsi",319,0.0163287054422547
"GALGAL_R01389.c123.linsi",273,0.0175605298610914
"GALGAL_R01390.c123.linsi",28,0.0224988034672773
"GALGAL_R01393.c123.linsi",339,0.0298899491497524
"GALGAL_R01394.c123.linsi",339,0.0201923727266771
"GALGAL_R01395.c123.linsi",332,0.0384258469992428
"GALGAL_R01396.c123.linsi",8,0.0476014287200458
"GALGAL_R01397.c123.linsi",4,0.00218804535146233
"GALGAL_R01399.c123.linsi",55,0.0241877931432302
"GALGAL_R01400.c123.linsi",47,0.0395414708690443
"GALGAL_R01401.c123.linsi",286,0.0123886731172312
"GALGAL_R01402.c123.linsi",258,0.0390505570550949
"GALGAL_R01403.c123.linsi",298,0.0129833170196284
"GALGAL_R01406.c123.linsi",160,0.0355094091964274
"GALGAL_R01408.c123.linsi",6,0.00793663416876871
"GALGAL_R01409.c123.linsi",310,0.0348675726057032
"GALGAL_R01410.c123.linsi",232,0.0512673994387648
"GALGAL_R01412.c123.linsi",182,0.0332878743233369
"GALGAL_R01413.c123.linsi",176,0.0565785926183807
"GALGAL_R01414.c123.linsi",225,0.0550837852423273
"GALGAL_R01415.c123.linsi",134,0.0127699717437306
"GALGAL_R01416.c123.linsi",293,0.00862592737744847
"GALGAL_R01417.c123.linsi",262,0.0120613106370279
"GALGAL_R01418.c123.linsi",36,0.0294223108457526
"GALGAL_R01419.c123.linsi",325,0.0167298129296198
"GALGAL_R01420.c123.linsi",188,0.0209438607379224
"GALGAL_R01421.c123.linsi",19,0.0203006999806687
"GALGAL_R01424.c123.linsi",85,0.0414483433559503
"GALGAL_R01425.c123.linsi",209,0.0222969215579346
"GALGAL_R01427.c123.linsi",277,0.0168828935379996
"GALGAL_R01428.c123.linsi",286,0.0299736017743512
"GALGAL_R01429.c123.linsi",213,0.0153033631492137
"GALGAL_R01430.c123.linsi",238,0.00742456667667317
"GALGAL_R01431.c123.linsi",58,0.0282565324153329
"GALGAL_R01434.c123.linsi",138,0.0223265573510043
"GALGAL_R01437.c123.linsi",19,0.0385428778263828
"GALGAL_R01440.c123.linsi",284,0.0287955390886986
"GALGAL_R01441.c123.linsi",158,0.026604157600387
"GALGAL_R01442.c123.linsi",17,0.0142928692977019
"GALGAL_R01443.c123.linsi",18,0.0274610875063914
"GALGAL_R01444.c123.linsi",188,0.0350216340739809
"GALGAL_R01445.c123.linsi",82,0.0159682406499031
"GALGAL_R01448.c123.linsi",323,0.025509616070469
"GALGAL_R01449.c123.linsi",24,0.0528769525285432
"GALGAL_R01450.c123.linsi",40,0.0172381554755332
"GALGAL_R01451.c123.linsi",290,0.0107915809491816
"GALGAL_R01452.c123.linsi",321,0.00919374690882126
"GALGAL_R01453.c123.linsi",333,0.0108713235669742
"GALGAL_R01454.c123.linsi",300,0.014375822561083
"GALGAL_R01455.c123.linsi",237,0.0411034100403021
"GALGAL_R01456.c123.linsi",226,0.0271383465701987
"GALGAL_R01457.c123.linsi",235,0.0288895183426515
"GALGAL_R01458.c123.linsi",320,0.0454453135229482
"GALGAL_R01459.c123.linsi",277,0.0147846549729514
"GALGAL_R01460.c123.linsi",280,0.0318798486927543
"GALGAL_R01461.c123.linsi",282,0.0146666659759034
"GALGAL_R01464.c123.linsi",137,0.0415141831104297
"GALGAL_R01465.c123.linsi",283,0.0209788142622945
"GALGAL_R01466.c123.linsi",115,0.0209837672633883
"GALGAL_R01468.c123.linsi",273,0.0194216427555931
"GALGAL_R01469.c123.linsi",323,0.0615708892484237
"GALGAL_R01470.c123.linsi",349,0.0468774331526594
"GALGAL_R01471.c123.linsi",275,0.0563162845393034
"GALGAL_R01472.c123.linsi",89,0.0596058155578166
"GALGAL_R01473.c123.linsi",206,0.0347321677731843
"GALGAL_R01481.c123.linsi",358,0.0275828212914762
"GALGAL_R01482.c123.linsi",347,0.00399458029477396
"GALGAL_R01483.c123.linsi",4,0.0598120374395329
"GALGAL_R01484.c123.linsi",350,0.0132198141906525
"GALGAL_R01485.c123.linsi",356,0.0167752810706971
"GALGAL_R01486.c123.linsi",352,0.0302671427716763
"GALGAL_R01487.c123.linsi",339,0.0379078416637425
"GALGAL_R01488.c123.linsi",327,0.0116473985168906
"GALGAL_R01489.c123.linsi",245,0.0204134045477892
"GALGAL_R01490.c123.linsi",245,0.0234541180110064
"GALGAL_R01491.c123.linsi",319,0.0450013525045349
"GALGAL_R01492.c123.linsi",310,0.00588464043279754
"GALGAL_R01493.c123.linsi",326,0.00872454230220075
"GALGAL_R01494.c123.linsi",267,0.0108112147249866
"GALGAL_R01495.c123.linsi",331,0.00375624442440135
"GALGAL_R01496.c123.linsi",354,0.00606501187219884
"GALGAL_R01497.c123.linsi",350,0.0129609632318983
"GALGAL_R01498.c123.linsi",347,0.00466149644009501
"GALGAL_R01499.c123.linsi",297,0.00750821974213596
"GALGAL_R01500.c123.linsi",311,0.00524685398046181
"GALGAL_R01501.c123.linsi",341,0.00813822595902186
"GALGAL_R01502.c123.linsi",352,0.0171651961427845
"GALGAL_R01503.c123.linsi",353,0.0371245528384749
"GALGAL_R01504.c123.linsi",358,0.0165525647402649
"GALGAL_R01505.c123.linsi",360,0.0080568624910717
"GALGAL_R01506.c123.linsi",354,0.0296561678453571
"GALGAL_R01507.c123.linsi",361,0.00773308848627879
"GALGAL_R01508.c123.linsi",318,0.017649080536219
"GALGAL_R01509.c123.linsi",361,0.00996087665316426
"GALGAL_R01510.c123.linsi",294,0.0172633407603252
"GALGAL_R01511.c123.linsi",357,0.0248194364604849
"GALGAL_R01512.c123.linsi",341,0.00388500731233553
"GALGAL_R01513.c123.linsi",356,0.00768903733918568
"GALGAL_R01514.c123.linsi",352,0.00298231628676701
"GALGAL_R01515.c123.linsi",318,0.00233095440285485
"GALGAL_R01516.c123.linsi",345,0.00466041375274257
"GALGAL_R01517.c123.linsi",361,0.0137828763809951
"GALGAL_R01518.c123.linsi",356,0.0110313661314534
"GALGAL_R01519.c123.linsi",57,0.0300158963355523
"GALGAL_R01520.c123.linsi",354,0.0209222470839984
"GALGAL_R01521.c123.linsi",338,0.00283022844715009
"GALGAL_R01522.c123.linsi",326,0.0081094274823271
"GALGAL_R01523.c123.linsi",336,0.0122306749119354
"GALGAL_R01524.c123.linsi",344,0.00678278818592266
"GALGAL_R01525.c123.linsi",359,0.00659566614718364
"GALGAL_R01526.c123.linsi",354,0.00546256621245495
"GALGAL_R01527.c123.linsi",309,0.00268223277952139
"GALGAL_R01528.c123.linsi",225,0.00678169454148979
"GALGAL_R01529.c123.linsi",245,0.0192040359415865
"GALGAL_R01530.c123.linsi",361,0.0193263481022395
"GALGAL_R01531.c123.linsi",28,0.0201918769182044
"GALGAL_R01532.c123.linsi",289,0.00503595845870379
"GALGAL_R01533.c123.linsi",194,0.00736091763984087
"GALGAL_R01534.c123.linsi",359,0.00850746859925687
"GALGAL_R01535.c123.linsi",354,0.00755427364412307
"GALGAL_R01536.c123.linsi",12,0.0263220723977113
"GALGAL_R01537.c123.linsi",348,0.00269294123771251
"GALGAL_R01538.c123.linsi",7,0.0170103282456721
"GALGAL_R01539.c123.linsi",8,0.017043847945663
"GALGAL_R01540.c123.linsi",359,0.00410826976762132
"GALGAL_R01541.c123.linsi",280,0.00111781866645069
"GALGAL_R01542.c123.linsi",346,0.0162102425758753
"GALGAL_R01543.c123.linsi",153,0.0037739926189483
"GALGAL_R01544.c123.linsi",268,0.00336216724483194
"GALGAL_R01545.c123.linsi",347,0.00222513262429931
"GALGAL_R01546.c123.linsi",347,0.00995036667480293
"GALGAL_R01547.c123.linsi",331,0.00252729700427896
"GALGAL_R01548.c123.linsi",351,0.00197583749587492
"GALGAL_R01549.c123.linsi",251,0.0338740709592886
"GALGAL_R01550.c123.linsi",350,0.0162689505421546
"GALGAL_R01551.c123.linsi",10,0.0194456880785916
"GALGAL_R01552.c123.linsi",361,0.0123464393946612
"GALGAL_R01553.c123.linsi",360,0.003070265470676
"GALGAL_R01554.c123.linsi",356,0.00147005670414943
"GALGAL_R01555.c123.linsi",361,0.0191943174258915
"GALGAL_R01556.c123.linsi",358,0.00576830084364082
"GALGAL_R01557.c123.linsi",171,0.00147339193365528
"GALGAL_R01558.c123.linsi",319,0.00807220187846827
"GALGAL_R01559.c123.linsi",361,0.013790731433786
"GALGAL_R01560.c123.linsi",349,0.0109691861292229
"GALGAL_R01561.c123.linsi",349,0.0042279731925031
"GALGAL_R01562.c123.linsi",66,0.00402508460623192
"GALGAL_R01563.c123.linsi",38,0.0108391630757216
"GALGAL_R01564.c123.linsi",360,0.000781328563579741
"GALGAL_R01565.c123.linsi",300,0.00378755372793151
"GALGAL_R01566.c123.linsi",352,0.0157588012846146
"GALGAL_R01567.c123.linsi",334,0.00363493400385236
"GALGAL_R01568.c123.linsi",306,0.000813896021595371
"GALGAL_R01570.c123.linsi",280,0.0130467995169285
"GALGAL_R01571.c123.linsi",310,0.00138939264914811
"GALGAL_R01572.c123.linsi",288,0.00183984608411529
"GALGAL_R01573.c123.linsi",349,0.00980598147933975
"GALGAL_R01574.c123.linsi",343,0.0034958966613409
"GALGAL_R01575.c123.linsi",337,0.00225555224954567
"GALGAL_R01576.c123.linsi",360,0.00389127007903152
"GALGAL_R01577.c123.linsi",353,0.0475285323595071
"GALGAL_R01578.c123.linsi",355,0.0063193899699287
"GALGAL_R01579.c123.linsi",349,0.00171664178765654
"GALGAL_R01580.c123.linsi",324,0.00203867398864285
"GALGAL_R01581.c123.linsi",359,0.00494298254147373
"GALGAL_R01582.c123.linsi",362,0.00272979143775807
"GALGAL_R01583.c123.linsi",356,0.00309460892565088
"GALGAL_R01584.c123.linsi",339,0.00354567700330651
"GALGAL_R01585.c123.linsi",351,0.0128398530347512
"GALGAL_R01586.c123.linsi",204,0.00702466937995216
"GALGAL_R01587.c123.linsi",181,0.00575144072408719
"GALGAL_R01588.c123.linsi",229,0.00285994265418067
"GALGAL_R01589.c123.linsi",358,0.00475871111429234
"GALGAL_R01590.c123.linsi",68,0.0121800408279643
"GALGAL_R01591.c123.linsi",356,0.00860692736261881
"GALGAL_R01592.c123.linsi",334,0.00514847424909297
"GALGAL_R01593.c123.linsi",348,0.00330948991991061
"GALGAL_R01594.c123.linsi",350,0.00838152127789583
"GALGAL_R01595.c123.linsi",327,0.00137255532135923
"GALGAL_R01596.c123.linsi",320,0.0110065045338446
"GALGAL_R01597.c123.linsi",332,0.00190652585233006
"GALGAL_R01598.c123.linsi",353,0.0161285775548435
"GALGAL_R01599.c123.linsi",353,0.0210859535700752
"GALGAL_R01600.c123.linsi",345,0.00108642351173817
"GALGAL_R01601.c123.linsi",353,0.00161680794738898
"GALGAL_R01602.c123.linsi",341,0.0015148142728272
"GALGAL_R01603.c123.linsi",338,0.00260344102782974
"GALGAL_R01604.c123.linsi",348,0.00337261589170898
"GALGAL_R01605.c123.linsi",351,0.0115385955604652
"GALGAL_R01606.c123.linsi",305,0.00690947650539208
"GALGAL_R01607.c123.linsi",345,0.0592180269756592
"GALGAL_R01608.c123.linsi",351,0.00437410061386257
"GALGAL_R01609.c123.linsi",348,0.0116890169694549
"GALGAL_R01610.c123.linsi",348,0.00270762954226224
"GALGAL_R01611.c123.linsi",311,0.00206299058544953
"GALGAL_R01612.c123.linsi",351,0.00603213619343283
"GALGAL_R01613.c123.linsi",315,0.00135571394621528
"GALGAL_R01614.c123.linsi",340,0.00309578810716967
"GALGAL_R01615.c123.linsi",197,0.00681009442852491
"GALGAL_R01616.c123.linsi",341,0.00543788755519661
"GALGAL_R01617.c123.linsi",106,0.00493018765436543
"GALGAL_R01618.c123.linsi",320,0.00691484169511736
"GALGAL_R01619.c123.linsi",354,0.0206683820006285
"GALGAL_R01620.c123.linsi",236,0.00175659113389528
"GALGAL_R01621.c123.linsi",341,0.0150567705767293
"GALGAL_R01622.c123.linsi",190,0.00109045444595551
"GALGAL_R01623.c123.linsi",332,0.00981206277638387
"GALGAL_R01624.c123.linsi",323,0.00945474778956466
"GALGAL_R01625.c123.linsi",360,0.00254568078182189
"GALGAL_R01626.c123.linsi",126,0.0050013495251065
"GALGAL_R01627.c123.linsi",336,0.00328126147560041
"GALGAL_R01628.c123.linsi",361,0.00495094622684385
"GALGAL_R01629.c123.linsi",349,0.00144252841905549
"GALGAL_R01630.c123.linsi",350,0.0273739479116668
"GALGAL_R01631.c123.linsi",40,0.00134066862219175
"GALGAL_R01632.c123.linsi",356,0.00403675840969087
"GALGAL_R01633.c123.linsi",205,0.0126288943385895
"GALGAL_R01634.c123.linsi",165,0.0216331165598981
"GALGAL_R01635.c123.linsi",337,0.0560395851975055
"GALGAL_R01636.c123.linsi",320,0.00376515246820803
"GALGAL_R01637.c123.linsi",353,0.00637559294240828
"GALGAL_R01638.c123.linsi",350,0.00801542001376934
"GALGAL_R01639.c123.linsi",313,0.00342546192704745
"GALGAL_R01640.c123.linsi",290,0.00217426730426346
"GALGAL_R01641.c123.linsi",362,0.00537717969435862
"GALGAL_R01642.c123.linsi",310,0.0055112324464953
"GALGAL_R01643.c123.linsi",347,0.00186844953104665
"GALGAL_R01644.c123.linsi",317,0.00172008726714285
"GALGAL_R01645.c123.linsi",343,0.0319568912680458
"GALGAL_R01646.c123.linsi",353,0.00246887756265668
"GALGAL_R01647.c123.linsi",320,0.00402346869246987
"GALGAL_R01648.c123.linsi",326,0.00798080067623035
"GALGAL_R01649.c123.linsi",330,0.00286399196399559
"GALGAL_R01650.c123.linsi",262,0.00663124176157974
"GALGAL_R01651.c123.linsi",357,0.0117666187606882
"GALGAL_R01652.c123.linsi",335,0.00756383519986194
"GALGAL_R01653.c123.linsi",343,0.0375983142457289
"GALGAL_R01654.c123.linsi",321,0.00894766061578126
"GALGAL_R01655.c123.linsi",351,0.0027313254956624
"GALGAL_R01656.c123.linsi",297,0.00239359800317566
"GALGAL_R01657.c123.linsi",350,0.00436908360722945
"GALGAL_R01659.c123.linsi",349,0.00458683885311221
"GALGAL_R01660.c123.linsi",350,0.0686883914769648
"GALGAL_R01661.c123.linsi",281,0.014780300629149
"GALGAL_R01662.c123.linsi",314,0.00601577718113664
"GALGAL_R01663.c123.linsi",346,0.0176799057905046
"GALGAL_R01667.c123.linsi",336,0.00325150246877665
"GALGAL_R01668.c123.linsi",304,0.00391960696220192
"GALGAL_R01669.c123.linsi",159,0.000487492861317906
"GALGAL_R01670.c123.linsi",273,0.0014826067976268
"GALGAL_R01671.c123.linsi",360,0.0164182375614188
"GALGAL_R01672.c123.linsi",358,0.0202669745748373
"GALGAL_R01673.c123.linsi",358,0.0173695247461427
"GALGAL_R01674.c123.linsi",356,0.00190094880699402
"GALGAL_R01675.c123.linsi",348,0.00169244017644727
"GALGAL_R01676.c123.linsi",342,0.00179269328467038
"GALGAL_R01677.c123.linsi",345,0.00166466447265322
"GALGAL_R01678.c123.linsi",28,0.0254110963752416
"GALGAL_R01679.c123.linsi",345,0.0134901634307575
"GALGAL_R01680.c123.linsi",186,0.0110208729907306
"GALGAL_R01681.c123.linsi",353,0.0117998451832886
"GALGAL_R01682.c123.linsi",337,0.00573327386070841
"GALGAL_R01683.c123.linsi",310,0.00531859644076825
"GALGAL_R01684.c123.linsi",293,0.0213331128269429
"GALGAL_R01685.c123.linsi",305,0.0324567753475521
"GALGAL_R01686.c123.linsi",260,0.0135690097921982
"GALGAL_R01687.c123.linsi",183,0.00898246675366089
"GALGAL_R01688.c123.linsi",141,0.0195436922941118
"GALGAL_R01689.c123.linsi",197,0.0108409968272005
"GALGAL_R01690.c123.linsi",32,0.00692158238855445
"GALGAL_R01691.c123.linsi",225,0.0433546908720019
"GALGAL_R01692.c123.linsi",203,0.0504662345722188
"GALGAL_R01693.c123.linsi",196,0.0455203485479374
"GALGAL_R01694.c123.linsi",164,0.0124526380358944
"GALGAL_R01695.c123.linsi",269,0.0162935272892907
"GALGAL_R01696.c123.linsi",322,0.020649547189518
"GALGAL_R01697.c123.linsi",158,0.0241671032823698
"GALGAL_R01698.c123.linsi",178,0.0113517592805955
"GALGAL_R01699.c123.linsi",197,0.0223529406533638
"GALGAL_R01700.c123.linsi",285,0.0611483318653421
"GALGAL_R01701.c123.linsi",341,0.0191578605592293
"GALGAL_R01702.c123.linsi",346,0.0274342683164989
"GALGAL_R01703.c123.linsi",311,0.00959158898604978
"GALGAL_R01704.c123.linsi",350,0.00762627879163815
"GALGAL_R01705.c123.linsi",324,0.024046620221953
"GALGAL_R01706.c123.linsi",353,0.00328458817417597
"GALGAL_R01707.c123.linsi",333,0.00395832215906762
"GALGAL_R01708.c123.linsi",97,0.00216855913559668
"GALGAL_R01709.c123.linsi",350,0.011622085169149
"GALGAL_R01710.c123.linsi",341,0.0031440760936499
"GALGAL_R01711.c123.linsi",356,0.0188930765862335
"GALGAL_R01712.c123.linsi",360,0.0116290044931908
"GALGAL_R01713.c123.linsi",313,0.0115324746953212
"GALGAL_R01715.c123.linsi",14,0.0226494219441655
"GALGAL_R01718.c123.linsi",343,0.00998434960998143
"GALGAL_R01719.c123.linsi",4,0.0343333342034836
"GALGAL_R01720.c123.linsi",14,0.00341076564415921
"GALGAL_R01721.c123.linsi",28,0.0620549842507152
"GALGAL_R01722.c123.linsi",348,0.0279401679433065
"GALGAL_R01723.c123.linsi",8,0.00848233445120353
"GALGAL_R01724.c123.linsi",23,0.0251798407066428
"GALGAL_R01725.c123.linsi",335,0.00374223990336284
"GALGAL_R01726.c123.linsi",305,0.000825196642588523
"GALGAL_R01727.c123.linsi",358,0.0169471530201036
"GALGAL_R01728.c123.linsi",350,0.013430280085349
"GALGAL_R01730.c123.linsi",74,0.010767233379072
"GALGAL_R01731.c123.linsi",349,0.00295596790395902
"GALGAL_R01732.c123.linsi",353,0.00129596281668293
"GALGAL_R01733.c123.linsi",274,0.0144990940064303
"GALGAL_R01734.c123.linsi",294,0.0178181785126628
"GALGAL_R01735.c123.linsi",343,0.0108345101555664
"GALGAL_R01736.c123.linsi",264,0.00226323279079902
"GALGAL_R01737.c123.linsi",356,0.00327820519552853
"GALGAL_R01738.c123.linsi",361,0.0130073328666857
"GALGAL_R01739.c123.linsi",317,0.00122857205056552
"GALGAL_R01740.c123.linsi",189,0.00850006385325377
"GALGAL_R01741.c123.linsi",203,0.00209521204943689
"GALGAL_R01742.c123.linsi",321,0.00420531015016677
"GALGAL_R01743.c123.linsi",351,0.0459015995001283
"GALGAL_R01744.c123.linsi",235,0.00806528455108627
"GALGAL_R01745.c123.linsi",70,0.00166357848257217
"GALGAL_R01746.c123.linsi",352,0.0124723570559606
"GALGAL_R01747.c123.linsi",350,0.00989593039287148
"GALGAL_R01748.c123.linsi",354,0.0154066550090181
"GALGAL_R01749.c123.linsi",344,0.00350523347537841
"GALGAL_R01750.c123.linsi",354,0.00683710503582346
"GALGAL_R01753.c123.linsi",355,0.00379687375737924
"GALGAL_R01754.c123.linsi",97,0.0154298274371297
"GALGAL_R01755.c123.linsi",326,0.00366001609566927
"GALGAL_R01756.c123.linsi",8,0.0191343956614922
"GALGAL_R01757.c123.linsi",337,0.0197546804822931
"GALGAL_R01758.c123.linsi",260,0.01230449362496
"GALGAL_R01759.c123.linsi",334,0.00759550959472653
"GALGAL_R01760.c123.linsi",220,0.0715124675732941
"GALGAL_R01761.c123.linsi",7,0.00576462564501708
"GALGAL_R01762.c123.linsi",221,0.0262852432463639
"GALGAL_R01763.c123.linsi",82,0.0322665229981353
"GALGAL_R01764.c123.linsi",359,0.00744170972843007
"GALGAL_R01765.c123.linsi",152,0.00340900873775558
"GALGAL_R01766.c123.linsi",278,0.0193896739556264
"GALGAL_R01768.c123.linsi",351,0.0016147341834395
"GALGAL_R01769.c123.linsi",338,0.00507231403504367
"GALGAL_R01770.c123.linsi",230,0.0103724285631536
"GALGAL_R01771.c123.linsi",317,0.00911567958116197
"GALGAL_R01772.c123.linsi",344,0.00444010310065177
"GALGAL_R01773.c123.linsi",57,0.0134261270035902
"GALGAL_R01774.c123.linsi",359,0.00902515728110288
"GALGAL_R01775.c123.linsi",169,0.0240028793593076
"GALGAL_R01776.c123.linsi",159,0.0233987843906233
"GALGAL_R01777.c123.linsi",337,0.0280845094431389
"GALGAL_R01778.c123.linsi",5,0.00556987190085353
"GALGAL_R01779.c123.linsi",315,0.0198638377570891
"GALGAL_R01780.c123.linsi",355,0.00905069025387037
"GALGAL_R01781.c123.linsi",348,0.024522907816889
"GALGAL_R01782.c123.linsi",336,0.00565687915328525
"GALGAL_R01783.c123.linsi",354,0.00976445129100562
"GALGAL_R01784.c123.linsi",359,0.014431740859018
"GALGAL_R01785.c123.linsi",331,0.00401843824734212
"GALGAL_R01786.c123.linsi",354,0.00415046801161303
"GALGAL_R01787.c123.linsi",357,0.00505369652901435
"GALGAL_R01788.c123.linsi",358,0.0388220540152616
"GALGAL_R01789.c123.linsi",360,0.00437612172787023
"GALGAL_R01790.c123.linsi",200,0.00425230602475181
"GALGAL_R01791.c123.linsi",245,0.0871015093769374
"GALGAL_R01792.c123.linsi",303,0.00290693927037334
"GALGAL_R01793.c123.linsi",301,0.0017906160136505
"GALGAL_R01794.c123.linsi",359,0.00558745552981454
"GALGAL_R01795.c123.linsi",358,0.0102137212548939
"GALGAL_R01796.c123.linsi",339,0.00304720901824942
"GALGAL_R01797.c123.linsi",328,0.00456496776027706
"GALGAL_R01798.c123.linsi",358,0.00541464134451375
"GALGAL_R01799.c123.linsi",273,0.00303040996949925
"GALGAL_R01800.c123.linsi",352,0.00842765827047092
"GALGAL_R01801.c123.linsi",357,0.00347378517483847
"GALGAL_R01802.c123.linsi",334,0.00363253757065174
"GALGAL_R01803.c123.linsi",360,0.00274462496949185
"GALGAL_R01804.c123.linsi",303,0.00322424165538706
"GALGAL_R01805.c123.linsi",291,0.00404093760759091
"GALGAL_R01806.c123.linsi",353,0.00569903067757938
"GALGAL_R01807.c123.linsi",361,0.00311337173526532
"GALGAL_R01808.c123.linsi",354,0.00509296770594042
"GALGAL_R01809.c123.linsi",343,0.00474313557256991
"GALGAL_R01810.c123.linsi",344,0.00900236208046148
"GALGAL_R01811.c123.linsi",352,0.00655165627062457
"GALGAL_R01812.c123.linsi",327,0.0109275639262136
"GALGAL_R01813.c123.linsi",315,0.00109917411671551
"GALGAL_R01814.c123.linsi",345,0.00149301983874105
"GALGAL_R01815.c123.linsi",352,0.00514719344696939
"GALGAL_R01816.c123.linsi",279,0.00268114791775002
"GALGAL_R01817.c123.linsi",326,0.00119734795494813
"GALGAL_R01818.c123.linsi",342,0.00393552784511921
"GALGAL_R01819.c123.linsi",363,0.00220574904227323
"GALGAL_R01820.c123.linsi",342,0.00320638888260699
"GALGAL_R01821.c123.linsi",28,0.00550652211443913
"GALGAL_R01822.c123.linsi",361,0.00361234477361297
"GALGAL_R01823.c123.linsi",323,0.00194473673576058
"GALGAL_R01824.c123.linsi",358,0.0115700481478181
"GALGAL_R01825.c123.linsi",264,0.00475713822204932
"GALGAL_R01826.c123.linsi",352,0.00991824375476139
"GALGAL_R01827.c123.linsi",348,0.0122937269798269
"GALGAL_R01828.c123.linsi",340,0.00163673960478091
"GALGAL_R01829.c123.linsi",306,0.00435914922809135
"GALGAL_R01830.c123.linsi",298,0.00362842500964553
"GALGAL_R01831.c123.linsi",29,0.00159059343464513
"GALGAL_R01832.c123.linsi",342,0.00576044943365888
"GALGAL_R01833.c123.linsi",249,0.00442984567191144
"GALGAL_R01834.c123.linsi",335,0.0058783521507536
"GALGAL_R01835.c123.linsi",173,0.0416272503886167
"GALGAL_R01836.c123.linsi",112,0.0116598330817394
"GALGAL_R01837.c123.linsi",355,0.00494866945090013
"GALGAL_R01838.c123.linsi",347,0.00320979117518243
"GALGAL_R01839.c123.linsi",315,0.0023892036842427
"GALGAL_R01840.c123.linsi",342,0.00737089476644777
"GALGAL_R01841.c123.linsi",360,0.00657582799160351
"GALGAL_R01842.c123.linsi",336,0.00919615287709442
"GALGAL_R01843.c123.linsi",334,0.00641835475197396
"GALGAL_R01844.c123.linsi",360,0.00113429236483561
"GALGAL_R01845.c123.linsi",353,0.00833062912689675
"GALGAL_R01846.c123.linsi",349,0.00407405132353783
"GALGAL_R01847.c123.linsi",361,0.0283879984293496
"GALGAL_R01848.c123.linsi",312,0.00643500678756113
"GALGAL_R01849.c123.linsi",351,0.025217133274273
"GALGAL_R01850.c123.linsi",310,0.0145189408182643
"GALGAL_R01851.c123.linsi",324,0.0091752851034265
"GALGAL_R01852.c123.linsi",360,0.0137844013948401
"GALGAL_R01853.c123.linsi",347,0.0345638147007301
"GALGAL_R01854.c123.linsi",348,0.00454111055607377
"GALGAL_R01855.c123.linsi",354,0.0203748128062054
"GALGAL_R01856.c123.linsi",355,0.0245906288366265
"GALGAL_R01857.c123.linsi",356,0.0155798906686528
"GALGAL_R01858.c123.linsi",351,0.0144402489962761
"GALGAL_R01859.c123.linsi",336,0.0130140153904914
"GALGAL_R01860.c123.linsi",335,0.00480978738873053
"GALGAL_R01861.c123.linsi",357,0.028740946421326
"GALGAL_R01862.c123.linsi",348,0.0202415760168358
"GALGAL_R01863.c123.linsi",353,0.00789425910970455
"GALGAL_R01864.c123.linsi",357,0.0340941376218175
"GALGAL_R01865.c123.linsi",358,0.014806658114785
"GALGAL_R01866.c123.linsi",332,0.0139918387126313
"GALGAL_R01867.c123.linsi",334,0.0143288281705909
"GALGAL_R01868.c123.linsi",351,0.0179850968043115
"GALGAL_R01869.c123.linsi",328,0.0169134883067725
"GALGAL_R01870.c123.linsi",346,0.0351186177536457
"GALGAL_R01871.c123.linsi",331,0.0165780308810755
"GALGAL_R01872.c123.linsi",228,0.0273907780666606
"GALGAL_R01873.c123.linsi",351,0.0367110740113373
"GALGAL_R01874.c123.linsi",354,0.0164495482108369
"GALGAL_R01875.c123.linsi",341,0.00347664005584205
"GALGAL_R01876.c123.linsi",349,0.00266775018208221
"GALGAL_R01877.c123.linsi",358,0.00505178905191799
"GALGAL_R01878.c123.linsi",355,0.00378341462734599
"GALGAL_R01879.c123.linsi",361,0.00941562371695537
"GALGAL_R01880.c123.linsi",333,0.00140261361230442
"GALGAL_R01881.c123.linsi",336,0.00149998911370412
"GALGAL_R01882.c123.linsi",324,0.00804661120979356
"GALGAL_R01883.c123.linsi",316,0.00394858811961564
"GALGAL_R01884.c123.linsi",349,0.0100987232655995
"GALGAL_R01885.c123.linsi",359,0.0507175584556914
"GALGAL_R01886.c123.linsi",358,0.0146715255780535
"GALGAL_R01887.c123.linsi",338,0.00219352658479523
"GALGAL_R01888.c123.linsi",65,0.032898175206874
"GALGAL_R01889.c123.linsi",354,0.00910298042086011
"GALGAL_R01890.c123.linsi",362,0.00476230344152866
"GALGAL_R01891.c123.linsi",358,0.00215789192215587
"GALGAL_R01892.c123.linsi",134,0.0121769610379971
"GALGAL_R01893.c123.linsi",359,0.00564823323745988
"GALGAL_R01894.c123.linsi",342,0.00201326868496347
"GALGAL_R01895.c123.linsi",324,0.00264128008354251
"GALGAL_R01896.c123.linsi",346,0.00363568130811458
"GALGAL_R01897.c123.linsi",316,0.00145748402311836
"GALGAL_R01898.c123.linsi",340,0.0159856610918782
"GALGAL_R01899.c123.linsi",321,0.00798545439716045
"GALGAL_R01900.c123.linsi",354,0.00452167878940004
"GALGAL_R01901.c123.linsi",305,0.00248911292937471
"GALGAL_R01902.c123.linsi",359,0.010116337845201
"GALGAL_R01903.c123.linsi",359,0.00605518023841495
"GALGAL_R01904.c123.linsi",358,0.0142024630960858
"GALGAL_R01905.c123.linsi",348,0.00212247718638102
"GALGAL_R01906.c123.linsi",337,0.00140136423108007
"GALGAL_R01907.c123.linsi",362,0.0013196482481232
"GALGAL_R01908.c123.linsi",257,0.0357190388015054
"GALGAL_R01909.c123.linsi",317,0.00226587095033861
"GALGAL_R01910.c123.linsi",359,0.0133675352995217
"GALGAL_R01911.c123.linsi",342,0.00229811842965111
"GALGAL_R01912.c123.linsi",350,0.00354221367047117
"GALGAL_R01913.c123.linsi",347,0.00200621128655225
"GALGAL_R01914.c123.linsi",330,0.00130085274951794
"GALGAL_R01915.c123.linsi",359,0.00879473785207796
"GALGAL_R01916.c123.linsi",332,0.00173214248265548
"GALGAL_R01917.c123.linsi",336,0.00547393267841808
"GALGAL_R01918.c123.linsi",357,0.000696057125842599
"GALGAL_R01919.c123.linsi",336,0.00329132493421329
"GALGAL_R01920.c123.linsi",284,0.00133364800079288
"GALGAL_R01921.c123.linsi",341,0.00359187863552048
"GALGAL_R01922.c123.linsi",353,0.00440349902817183
"GALGAL_R01923.c123.linsi",359,0.00407777377271598
"GALGAL_R01924.c123.linsi",355,0.00085094066767382
"GALGAL_R01925.c123.linsi",355,0.00471087404821472
"GALGAL_R01926.c123.linsi",328,0.00332067622394625
"GALGAL_R01927.c123.linsi",355,0.0054852644242277
"GALGAL_R01928.c123.linsi",357,0.00778331167588206
"GALGAL_R01929.c123.linsi",335,0.0158642697795571
"GALGAL_R01930.c123.linsi",359,0.00690751063698759
"GALGAL_R01931.c123.linsi",352,0.000696035017547395
"GALGAL_R01932.c123.linsi",362,0.00838630563296685
"GALGAL_R01933.c123.linsi",359,0.00203218070460597
"GALGAL_R01934.c123.linsi",358,0.00140147127651584
"GALGAL_R01935.c123.linsi",340,0.00270507344127339
"GALGAL_R01936.c123.linsi",331,0.0048630772768523
"GALGAL_R01937.c123.linsi",314,0.00352015657904355
"GALGAL_R01938.c123.linsi",323,0.00235292719575413
"GALGAL_R01939.c123.linsi",340,0.004488569687105
"GALGAL_R01940.c123.linsi",348,0.0044650833615246
"GALGAL_R01941.c123.linsi",343,0.00316209833430123
"GALGAL_R01942.c123.linsi",361,0.00223086363018307
"GALGAL_R01943.c123.linsi",303,0.00346619355384404
"GALGAL_R01944.c123.linsi",357,0.00402212851129527
"GALGAL_R01945.c123.linsi",356,0.00156967117552969
"GALGAL_R01946.c123.linsi",353,0.00521737334634276
"GALGAL_R01947.c123.linsi",188,0.0330476165900437
"GALGAL_R01948.c123.linsi",359,0.00126605817049354
"GALGAL_R01949.c123.linsi",323,0.00207084040572513
"GALGAL_R01950.c123.linsi",359,0.0028244488235411
"GALGAL_R01951.c123.linsi",357,0.00147611156683723
"GALGAL_R01952.c123.linsi",214,0.00647094849306649
"GALGAL_R01953.c123.linsi",351,0.00601240721182054
"GALGAL_R01954.c123.linsi",355,0.00846895696900147
"GALGAL_R01955.c123.linsi",333,0.00405424320861364
"GALGAL_R01956.c123.linsi",26,0.00195380461102779
"GALGAL_R01957.c123.linsi",320,0.00306051025600484
"GALGAL_R01958.c123.linsi",348,0.00708642838469982
"GALGAL_R01959.c123.linsi",341,0.00318683802248559
"GALGAL_R01960.c123.linsi",345,0.00487021565802945
"GALGAL_R01961.c123.linsi",298,0.0163788010369558
"GALGAL_R01962.c123.linsi",349,0.00333181203543854
"GALGAL_R01963.c123.linsi",360,0.00673334591502166
"GALGAL_R01964.c123.linsi",361,0.0249957593045824
"GALGAL_R01965.c123.linsi",358,0.0135946086462421
"GALGAL_R01966.c123.linsi",301,0.00973351677852647
"GALGAL_R01967.c123.linsi",359,0.00480267403730312
"GALGAL_R01968.c123.linsi",304,0.00230140877095312
"GALGAL_R01969.c123.linsi",323,0.0100725774733668
"GALGAL_R01970.c123.linsi",331,0.0123275004585945
"GALGAL_R01971.c123.linsi",362,0.0159593349766766
"GALGAL_R01972.c123.linsi",361,0.00556917118842301
"GALGAL_R01973.c123.linsi",347,0.0025955027318285
"GALGAL_R01974.c123.linsi",362,0.00141151254079027
"GALGAL_R01975.c123.linsi",324,0.00169254515585121
"GALGAL_R01976.c123.linsi",345,0.0020125418324783
"GALGAL_R01977.c123.linsi",361,0.00314230614538947
"GALGAL_R01978.c123.linsi",330,0.00105833361665916
"GALGAL_R01979.c123.linsi",345,0.00208044924165151
"GALGAL_R01980.c123.linsi",336,0.00611476740589234
"GALGAL_R01981.c123.linsi",356,0.00637400436366073
"GALGAL_R01982.c123.linsi",356,0.0115209456561173
"GALGAL_R01983.c123.linsi",353,0.0107975322169379
"GALGAL_R01984.c123.linsi",355,0.0222188486786275
"GALGAL_R01985.c123.linsi",353,0.00676070532587782
"GALGAL_R01986.c123.linsi",322,0.00646995383568364
"GALGAL_R01987.c123.linsi",334,0.00229087200221371
"GALGAL_R01988.c123.linsi",325,0.00160682491061728
"GALGAL_R01989.c123.linsi",282,0.00238385007972641
"GALGAL_R01990.c123.linsi",344,0.00167777864664853
"GALGAL_R01991.c123.linsi",349,0.00729763464803486
"GALGAL_R01992.c123.linsi",359,0.00464842265539039
"GALGAL_R01993.c123.linsi",354,0.0205420661426868
"GALGAL_R01994.c123.linsi",320,0.0056227241916606
"GALGAL_R01995.c123.linsi",349,0.0287942868086157
"GALGAL_R01996.c123.linsi",360,0.00168494659373616
"GALGAL_R01997.c123.linsi",302,0.00086108832472471
"GALGAL_R01998.c123.linsi",216,0.0184133181639281
"GALGAL_R01999.c123.linsi",358,0.00130649832104726
"GALGAL_R02000.c123.linsi",347,0.0120767269586868
"GALGAL_R02001.c123.linsi",355,0.00320892817322346
"GALGAL_R02002.c123.linsi",295,0.00357866684707157
"GALGAL_R02003.c123.linsi",362,0.0016461088065408
"GALGAL_R02004.c123.linsi",356,0.00148493015783045
"GALGAL_R02005.c123.linsi",342,0.00353494338043247
"GALGAL_R02006.c123.linsi",360,0.00356417933453823
"GALGAL_R02007.c123.linsi",353,0.00311355375844085
"GALGAL_R02008.c123.linsi",350,0.00615058530983447
"GALGAL_R02009.c123.linsi",360,0.00905680827269481
"GALGAL_R02010.c123.linsi",323,0.0274171787998872
"GALGAL_R02011.c123.linsi",331,0.0030845573431775
"GALGAL_R02012.c123.linsi",274,0.00375834364671999
"GALGAL_R02013.c123.linsi",341,0.00833452727833882
"GALGAL_R02014.c123.linsi",352,0.00254902746699295
"GALGAL_R02015.c123.linsi",355,0.0219458291189053
"GALGAL_R02016.c123.linsi",297,0.0215069150870091
"GALGAL_R02017.c123.linsi",360,0.00501941236425588
"GALGAL_R02018.c123.linsi",354,0.0089915687386841
"GALGAL_R02019.c123.linsi",354,0.0059667127993768
"GALGAL_R02020.c123.linsi",319,0.00385762345389025
"GALGAL_R02021.c123.linsi",204,0.0108038544407885
"GALGAL_R02022.c123.linsi",333,0.0100460042324216
"GALGAL_R02023.c123.linsi",346,0.0251807106666355
"GALGAL_R02024.c123.linsi",355,0.00662081746009213
"GALGAL_R02025.c123.linsi",321,0.015630286502027
"GALGAL_R02026.c123.linsi",257,0.00115741545534055
"GALGAL_R02027.c123.linsi",280,0.00476828527391384
"GALGAL_R02028.c123.linsi",332,0.00173946451067102
"GALGAL_R02029.c123.linsi",360,0.00291433358724066
"GALGAL_R02030.c123.linsi",354,0.00374702260059583
"GALGAL_R02031.c123.linsi",361,0.00161542659147722
"GALGAL_R02032.c123.linsi",355,0.0021765177579111
"GALGAL_R02033.c123.linsi",336,0.00342066185818328
"GALGAL_R02034.c123.linsi",351,0.00375662154449238
"GALGAL_R02035.c123.linsi",267,0.00271485377481187
"GALGAL_R02036.c123.linsi",348,0.00555707432683681
"GALGAL_R02037.c123.linsi",349,0.0153330827274514
"GALGAL_R02038.c123.linsi",340,0.00506967025430577
"GALGAL_R02039.c123.linsi",342,0.00194646984052047
"GALGAL_R02040.c123.linsi",347,0.00532094092120881
"GALGAL_R02041.c123.linsi",358,0.00222710046848058
"GALGAL_R02042.c123.linsi",358,0.00666734667174858
"GALGAL_R02043.c123.linsi",356,0.00266681010395042
"GALGAL_R02044.c123.linsi",331,0.014944547310843
"GALGAL_R02045.c123.linsi",339,0.00657606718314938
"GALGAL_R02046.c123.linsi",341,0.00718670689190871
"GALGAL_R02047.c123.linsi",344,0.0141139328060902
"GALGAL_R02048.c123.linsi",351,0.00848543732450809
"GALGAL_R02049.c123.linsi",334,0.0230001679091221
"GALGAL_R02050.c123.linsi",361,0.00686746924705214
"GALGAL_R02051.c123.linsi",354,0.00260151694017665
"GALGAL_R02052.c123.linsi",302,0.000840041837259071
"GALGAL_R02053.c123.linsi",359,0.00305792525716285
"GALGAL_R02054.c123.linsi",345,0.00169483101384905
"GALGAL_R02055.c123.linsi",329,0.000880988791188014
"GALGAL_R02056.c123.linsi",332,0.0246932855526358
"GALGAL_R02057.c123.linsi",356,0.00410598534962729
"GALGAL_R02058.c123.linsi",361,0.0211472385249668
"GALGAL_R02059.c123.linsi",361,0.00110252539562145
"GALGAL_R02060.c123.linsi",360,0.00334364875263662
"GALGAL_R02061.c123.linsi",360,0.00406030289201943
"GALGAL_R02062.c123.linsi",345,0.00625893901569579
"GALGAL_R02063.c123.linsi",361,0.00454340993253564
"GALGAL_R02064.c123.linsi",344,0.00281945182045815
"GALGAL_R02065.c123.linsi",336,0.00356836319583936
"GALGAL_R02066.c123.linsi",340,0.00991679876015311
"GALGAL_R02067.c123.linsi",337,0.0275222566498014
"GALGAL_R02068.c123.linsi",308,0.00753254114571035
"GALGAL_R02069.c123.linsi",343,0.00526317471333297
"GALGAL_R02070.c123.linsi",362,0.0231266071671364
"GALGAL_R02071.c123.linsi",305,0.0032452008985588
"GALGAL_R02072.c123.linsi",355,0.00358167193194088
"GALGAL_R02073.c123.linsi",314,0.00590766914275591
"GALGAL_R02074.c123.linsi",348,0.0175853868142283
"GALGAL_R02075.c123.linsi",341,0.0152470914757702
"GALGAL_R02076.c123.linsi",182,0.0435499084595036
"GALGAL_R02077.c123.linsi",347,0.0206789981363986
"GALGAL_R02078.c123.linsi",352,0.0122712484813963
"GALGAL_R02079.c123.linsi",357,0.0167113483759359
"GALGAL_R02080.c123.linsi",329,0.0152505035434588
"GALGAL_R02081.c123.linsi",302,0.0271626410366176
"GALGAL_R02082.c123.linsi",308,0.00780413260524816
"GALGAL_R02083.c123.linsi",315,0.0213460712976324
"GALGAL_R02084.c123.linsi",308,0.0279453257362378
"GALGAL_R02085.c123.linsi",252,0.00316076061140427
"GALGAL_R02086.c123.linsi",306,0.0114585750785802
"GALGAL_R02087.c123.linsi",298,0.00756687725015071
"GALGAL_R02088.c123.linsi",351,0.00680643410584732
"GALGAL_R02089.c123.linsi",349,0.00832985701487257
"GALGAL_R02090.c123.linsi",306,0.0148195776362992
"GALGAL_R02091.c123.linsi",359,0.016426449275379
"GALGAL_R02092.c123.linsi",130,0.0368591544785243
"GALGAL_R02093.c123.linsi",355,0.0129355906746173
"GALGAL_R02094.c123.linsi",353,0.00724643490335658
"GALGAL_R02095.c123.linsi",340,0.0100480449770999
"GALGAL_R02096.c123.linsi",249,0.00517198639346007
"GALGAL_R02097.c123.linsi",357,0.00810884418868186
"GALGAL_R02099.c123.linsi",341,0.0050705238269111
"GALGAL_R02100.c123.linsi",340,0.00547055315314474
"GALGAL_R02101.c123.linsi",352,0.0100466357552691
"GALGAL_R02102.c123.linsi",353,0.0163865074221337
"GALGAL_R02103.c123.linsi",354,0.0058177395572096
"GALGAL_R02104.c123.linsi",83,0.0273468261259283
"GALGAL_R02105.c123.linsi",35,0.00149547586162427
"GALGAL_R02106.c123.linsi",27,0.0131054692714892
"GALGAL_R02107.c123.linsi",344,0.0099265046741572
"GALGAL_R02108.c123.linsi",323,0.00271946444835026
"GALGAL_R02110.c123.linsi",327,0.0236383437701532
"GALGAL_R02111.c123.linsi",349,0.0123847788760228
"GALGAL_R02112.c123.linsi",321,0.0230562579167258
"GALGAL_R02113.c123.linsi",343,0.0236326850199699
"GALGAL_R02114.c123.linsi",338,0.0237733884913985
"GALGAL_R02115.c123.linsi",337,0.0143211288997525
"GALGAL_R02116.c123.linsi",256,0.0236195197816066
"GALGAL_R02117.c123.linsi",294,0.00527115557183585
"GALGAL_R02118.c123.linsi",325,0.0109665838430296
"GALGAL_R02119.c123.linsi",354,0.00423072106646265
"GALGAL_R02120.c123.linsi",362,0.012244262653376
"GALGAL_R02121.c123.linsi",361,0.00377489054511235
"GALGAL_R02122.c123.linsi",352,0.0095098997109197
"GALGAL_R02123.c123.linsi",355,0.0165136509750534
"GALGAL_R02124.c123.linsi",354,0.0224580861628958
"GALGAL_R02125.c123.linsi",350,0.00952413571385203
"GALGAL_R02126.c123.linsi",331,0.00741496011775377
"GALGAL_R02127.c123.linsi",303,0.00542569944427109
"GALGAL_R02128.c123.linsi",349,0.0119639262969849
"GALGAL_R02129.c123.linsi",272,0.00124980549654977
"GALGAL_R02130.c123.linsi",358,0.00861521488124765
"GALGAL_R02131.c123.linsi",356,0.0160760565324315
"GALGAL_R02132.c123.linsi",34,0.0254703469952405
"GALGAL_R02133.c123.linsi",31,0.0225375955972207
"GALGAL_R02134.c123.linsi",57,0.00242396313109385
"GALGAL_R02135.c123.linsi",341,0.00718624571000842
"GALGAL_R02136.c123.linsi",16,0.0235447142729819
"GALGAL_R02138.c123.linsi",352,0.00142010533538295
"GALGAL_R02139.c123.linsi",331,0.00787763858196116
"GALGAL_R02140.c123.linsi",350,0.00138926397625025
"GALGAL_R02141.c123.linsi",344,0.00200087967716102
"GALGAL_R02142.c123.linsi",244,0.00110024189368999
"GALGAL_R02143.c123.linsi",293,0.00412814220989798
"GALGAL_R02144.c123.linsi",206,0.00255546139781528
"GALGAL_R02145.c123.linsi",350,0.00714486464750139
"GALGAL_R02146.c123.linsi",10,0.0056211355708061
"GALGAL_R02147.c123.linsi",358,0.00196866053699829
"GALGAL_R02148.c123.linsi",324,0.0240672197208669
"GALGAL_R02149.c123.linsi",348,0.020040031879659
"GALGAL_R02150.c123.linsi",363,0.00355572416365569
"GALGAL_R02151.c123.linsi",312,0.00143956523186611
"GALGAL_R02153.c123.linsi",353,0.00276195107749436
"GALGAL_R02154.c123.linsi",202,0.00972716278620257
"GALGAL_R02155.c123.linsi",361,0.0228333108475411
"GALGAL_R02156.c123.linsi",358,0.0103778020718623
"GALGAL_R02157.c123.linsi",259,0.0150527397081458
"GALGAL_R02158.c123.linsi",361,0.00354843250865201
"GALGAL_R02159.c123.linsi",321,0.00398628349169496
"GALGAL_R02160.c123.linsi",333,0.00858167267376116
"GALGAL_R02161.c123.linsi",351,0.00545391346204206
"GALGAL_R02162.c123.linsi",349,0.00572535199923472
"GALGAL_R02163.c123.linsi",354,0.00381184772858128
"GALGAL_R02164.c123.linsi",356,0.00194381978753623
"GALGAL_R02165.c123.linsi",356,0.00979808533860128
"GALGAL_R02166.c123.linsi",355,0.00752463383729068
"GALGAL_R02167.c123.linsi",347,0.00891864623439644
"GALGAL_R02168.c123.linsi",360,0.0079827841302048
"GALGAL_R02169.c123.linsi",359,0.00419871243794777
"GALGAL_R02170.c123.linsi",296,0.00668079906988521
"GALGAL_R02171.c123.linsi",347,0.0117599582032916
"GALGAL_R02172.c123.linsi",343,0.00641471494088777
"GALGAL_R02173.c123.linsi",329,0.00338559244787181
"GALGAL_R02174.c123.linsi",345,0.00354808168560666
"GALGAL_R02175.c123.linsi",357,0.0110353341964085
"GALGAL_R02176.c123.linsi",348,0.00702055855364111
"GALGAL_R02177.c123.linsi",358,0.00339722155245306
"GALGAL_R02178.c123.linsi",351,0.00709620567086598
"GALGAL_R02179.c123.linsi",247,0.00648120181744144
"GALGAL_R02180.c123.linsi",361,0.00698620567584954
"GALGAL_R02181.c123.linsi",356,0.0151602405359394
"GALGAL_R02182.c123.linsi",353,0.0136766751235323
"GALGAL_R02183.c123.linsi",231,0.00861466313780756
"GALGAL_R02184.c123.linsi",212,0.044356235310617
"GALGAL_R02185.c123.linsi",351,0.0114469619851255
"GALGAL_R02186.c123.linsi",356,0.0228775926119713
"GALGAL_R02187.c123.linsi",343,0.0149951106390144
"GALGAL_R02188.c123.linsi",315,0.0836926978566686
"GALGAL_R02189.c123.linsi",334,0.0501091845153106
"GALGAL_R02190.c123.linsi",328,0.0182210095821188
"GALGAL_R02191.c123.linsi",319,0.00271044571802847
"GALGAL_R02192.c123.linsi",353,0.00546340857216589
"GALGAL_R02193.c123.linsi",325,0.0111982609858737
"GALGAL_R02194.c123.linsi",334,0.0100008872188446
"GALGAL_R02195.c123.linsi",33,0.00718964921255999
"GALGAL_R02196.c123.linsi",342,0.0106292621123351
"GALGAL_R02197.c123.linsi",231,0.0229922572325076
"GALGAL_R02198.c123.linsi",342,0.0528635108435401
"GALGAL_R02199.c123.linsi",358,0.00664632891769563
"GALGAL_R02200.c123.linsi",362,0.00779844105919625
"GALGAL_R02202.c123.linsi",21,0.0250796385448681
"GALGAL_R02203.c123.linsi",348,0.00244325162347073
"GALGAL_R02204.c123.linsi",26,0.00877177280499708
"GALGAL_R02205.c123.linsi",360,0.0256110653659127
"GALGAL_R02206.c123.linsi",246,0.0153202678688654
"GALGAL_R02207.c123.linsi",361,0.00308438989794452
"GALGAL_R02208.c123.linsi",332,0.0212774720893304
"GALGAL_R02209.c123.linsi",357,0.00558362763371554
"GALGAL_R02210.c123.linsi",355,0.0126874980368326
"GALGAL_R02211.c123.linsi",360,0.00994165770244869
"GALGAL_R02212.c123.linsi",358,0.0170014221982221
"GALGAL_R02213.c123.linsi",4,0.00681371449083992
"GALGAL_R02215.c123.linsi",6,0.0146498018666833
"GALGAL_R02220.c123.linsi",346,0.0140203143941061
"GALGAL_R02221.c123.linsi",348,0.00557466361747922
"GALGAL_R02222.c123.linsi",361,0.00280744105127971
"GALGAL_R02223.c123.linsi",250,0.00133422768259636
"GALGAL_R02224.c123.linsi",352,0.0042877077056992
"GALGAL_R02225.c123.linsi",34,0.053952985637445
"GALGAL_R02226.c123.linsi",340,0.00589483266208754
"GALGAL_R02227.c123.linsi",285,0.0601746852520583
"GALGAL_R02228.c123.linsi",353,0.00729114488050434
"GALGAL_R02229.c123.linsi",357,0.00233252854299016
"GALGAL_R02230.c123.linsi",233,0.0132962784944034
"GALGAL_R02231.c123.linsi",352,0.00551118010432068
"GALGAL_R02232.c123.linsi",248,0.0109443436100657
"GALGAL_R02233.c123.linsi",7,0.0176809619217949
"GALGAL_R02234.c123.linsi",244,0.0296683920011529
"GALGAL_R02235.c123.linsi",344,0.0174404378602609
"GALGAL_R02236.c123.linsi",356,0.0185515121953116
"GALGAL_R02237.c123.linsi",280,0.00897115963500343
"GALGAL_R02238.c123.linsi",357,0.00476284653803769
"GALGAL_R02239.c123.linsi",355,0.0290598900800158
"GALGAL_R02240.c123.linsi",350,0.00826179133761085
"GALGAL_R02241.c123.linsi",359,0.016237655148602
"GALGAL_R02242.c123.linsi",324,0.00817862408463338
"GALGAL_R02243.c123.linsi",327,0.00490482895266852
"GALGAL_R02244.c123.linsi",355,0.00766554882797336
"GALGAL_R02245.c123.linsi",330,0.0167470596349102
"GALGAL_R02246.c123.linsi",233,0.0149978690981031
"GALGAL_R02247.c123.linsi",254,0.0176020717302771
"GALGAL_R02248.c123.linsi",333,0.0291202016841998
"GALGAL_R02249.c123.linsi",353,0.0433490809997848
"GALGAL_R02250.c123.linsi",347,0.0197527726274911
"GALGAL_R02251.c123.linsi",345,0.00467585160112108
"GALGAL_R02252.c123.linsi",358,0.00321805992876391
"GALGAL_R02253.c123.linsi",356,0.00233103268258976
"GALGAL_R02254.c123.linsi",358,0.00345558264948524
"GALGAL_R02255.c123.linsi",346,0.00383843849042035
"GALGAL_R02256.c123.linsi",349,0.00600419455619116
"GALGAL_R02257.c123.linsi",352,0.00466783183640829
"GALGAL_R02258.c123.linsi",54,0.0143654361213719
"GALGAL_R02259.c123.linsi",307,0.00546444618090631
"GALGAL_R02260.c123.linsi",345,0.00388460011778745
"GALGAL_R02261.c123.linsi",355,0.01207014332165
"GALGAL_R02262.c123.linsi",358,0.00762496082145816
"GALGAL_R02263.c123.linsi",360,0.00666276094802168
"GALGAL_R02264.c123.linsi",346,0.00471368417785687
"GALGAL_R02265.c123.linsi",352,0.0108094980139534
"GALGAL_R02266.c123.linsi",356,0.00857448774294614
"GALGAL_R02267.c123.linsi",358,0.0178403958287965
"GALGAL_R02268.c123.linsi",300,0.0168662341435456
"GALGAL_R02269.c123.linsi",341,0.00580807302552643
"GALGAL_R02270.c123.linsi",327,0.00190526747817414
"GALGAL_R02271.c123.linsi",219,0.00392591344015994
"GALGAL_R02272.c123.linsi",362,0.00891852495791341
"GALGAL_R02273.c123.linsi",7,0.00520706930062535
"GALGAL_R02274.c123.linsi",362,0.00276012598810438
"GALGAL_R02275.c123.linsi",350,0.00246076435724379
"GALGAL_R02276.c123.linsi",348,0.00791057303638651
"GALGAL_R02277.c123.linsi",362,0.00346025985062415
"GALGAL_R02278.c123.linsi",357,0.00599211458840044
"GALGAL_R02279.c123.linsi",358,0.00439915158952992
"GALGAL_R02280.c123.linsi",354,0.00353799629963551
"GALGAL_R02281.c123.linsi",362,0.00459190140091742
"GALGAL_R02282.c123.linsi",359,0.00604396048024557
"GALGAL_R02283.c123.linsi",350,0.00142003510154616
"GALGAL_R02284.c123.linsi",271,0.00106469113643824
"GALGAL_R02285.c123.linsi",276,0.0194810598807637
"GALGAL_R02286.c123.linsi",336,0.0118272597490088
"GALGAL_R02287.c123.linsi",350,0.00298215718862724
"GALGAL_R02288.c123.linsi",261,0.00129250896238181
"GALGAL_R02289.c123.linsi",355,0.00571475298479238
"GALGAL_R02290.c123.linsi",322,0.00252081827695165
"GALGAL_R02291.c123.linsi",356,0.00861943517846619
"GALGAL_R02292.c123.linsi",351,0.00494548701320922
"GALGAL_R02293.c123.linsi",358,0.0054987894475873
"GALGAL_R02294.c123.linsi",340,0.00364926843468856
"GALGAL_R02296.c123.linsi",340,0.0096731652615686
"GALGAL_R02297.c123.linsi",287,0.00140624336209163
"GALGAL_R02298.c123.linsi",313,0.00165378669356779
"GALGAL_R02299.c123.linsi",332,0.00170452648074235
"GALGAL_R02300.c123.linsi",271,0.01890836591021
"GALGAL_R02301.c123.linsi",361,0.00235719674169417
"GALGAL_R02302.c123.linsi",309,0.0107673336071915
"GALGAL_R02303.c123.linsi",352,0.0122789668423615
"GALGAL_R02304.c123.linsi",340,0.00874486417853836
"GALGAL_R02305.c123.linsi",350,0.0131499748540487
"GALGAL_R02306.c123.linsi",360,0.00167473703357511
"GALGAL_R02307.c123.linsi",344,0.00803123534891559
"GALGAL_R02308.c123.linsi",306,0.0373768268749282
"GALGAL_R02309.c123.linsi",350,0.0172412043964228
"GALGAL_R02310.c123.linsi",269,0.000534676229388133
"GALGAL_R02311.c123.linsi",334,0.00558974645187519
"GALGAL_R02312.c123.linsi",357,0.0043995203805922
"GALGAL_R02313.c123.linsi",353,0.00932754802289104
"GALGAL_R02314.c123.linsi",186,0.00660940106132667
"GALGAL_R02315.c123.linsi",358,0.00550114683940767
"GALGAL_R02316.c123.linsi",344,0.00282275340900215
"GALGAL_R02317.c123.linsi",280,0.0246624440039806
"GALGAL_R02318.c123.linsi",359,0.0144277251773602
"GALGAL_R02319.c123.linsi",291,0.00335572562764147
"GALGAL_R02320.c123.linsi",356,0.00676867626519427
"GALGAL_R02321.c123.linsi",358,0.0585017710508998
"GALGAL_R02322.c123.linsi",352,0.00222168184535222
"GALGAL_R02323.c123.linsi",354,0.00750234270694866
"GALGAL_R02324.c123.linsi",322,0.00137412188226825
"GALGAL_R02325.c123.linsi",319,0.0029374110009734
"GALGAL_R02326.c123.linsi",360,0.0222808007760071
"GALGAL_R02327.c123.linsi",339,0.000742383862241269
"GALGAL_R02328.c123.linsi",343,0.0020485657241333
"GALGAL_R02329.c123.linsi",361,0.00398559972346463
"GALGAL_R02330.c123.linsi",335,0.000876634657058309
"GALGAL_R02331.c123.linsi",352,0.00531117883958947
"GALGAL_R02332.c123.linsi",191,0.00604941629861841
"GALGAL_R02333.c123.linsi",229,0.0202885266224814
"GALGAL_R02334.c123.linsi",345,0.00781966630930972
"GALGAL_R02335.c123.linsi",258,0.00859511445597264
"GALGAL_R02336.c123.linsi",354,0.0184844316709041
"GALGAL_R02337.c123.linsi",351,0.023417458330152
"GALGAL_R02338.c123.linsi",231,0.00794217629722912
"GALGAL_R02339.c123.linsi",346,0.0230807928118669
"GALGAL_R02340.c123.linsi",338,0.0281790763981611
"GALGAL_R02341.c123.linsi",310,0.0626128696999315
"GALGAL_R02342.c123.linsi",357,0.0305919494783454
"GALGAL_R02343.c123.linsi",357,0.0152568393392913
"GALGAL_R02344.c123.linsi",281,0.042002052223347
"GALGAL_R02345.c123.linsi",324,0.0181606619614902
"GALGAL_R02346.c123.linsi",330,0.0260288850011929
"GALGAL_R02347.c123.linsi",293,0.0207892209767953
"GALGAL_R02348.c123.linsi",303,0.0144104073323266
"GALGAL_R02349.c123.linsi",336,0.00438980584838851
"GALGAL_R02350.c123.linsi",345,0.00671559222689192
"GALGAL_R02351.c123.linsi",329,0.0113735863140393
"GALGAL_R02352.c123.linsi",360,0.00718377652172352
"GALGAL_R02353.c123.linsi",123,0.0152227089603722
"GALGAL_R02354.c123.linsi",36,0.0231853487078204
"GALGAL_R02355.c123.linsi",356,0.0184912992130532
"GALGAL_R02356.c123.linsi",357,0.00534577649214905
"GALGAL_R02357.c123.linsi",337,0.00324502975955081
"GALGAL_R02358.c123.linsi",353,0.00765854791932761
"GALGAL_R02359.c123.linsi",288,0.00777807939005211
"GALGAL_R02360.c123.linsi",349,0.00372225742701677
"GALGAL_R02361.c123.linsi",315,0.00340565296732325
"GALGAL_R02362.c123.linsi",356,0.02032150185167
"GALGAL_R02364.c123.linsi",351,0.00669987281268967
"GALGAL_R02365.c123.linsi",348,0.0138478056376586
"GALGAL_R02367.c123.linsi",61,0.00468631408756943
"GALGAL_R02368.c123.linsi",352,0.0115586609848841
"GALGAL_R02369.c123.linsi",360,0.00293706421564948
"GALGAL_R02370.c123.linsi",348,0.00624206209648328
"GALGAL_R02371.c123.linsi",327,0.00201311283351058
"GALGAL_R02372.c123.linsi",303,0.00787545500707297
"GALGAL_R02373.c123.linsi",360,0.00234787727073672
"GALGAL_R02374.c123.linsi",316,0.0043261508406382
"GALGAL_R02375.c123.linsi",340,0.0359203226599017
"GALGAL_R02376.c123.linsi",319,0.0112101166191725
"GALGAL_R02377.c123.linsi",358,0.00609880408954933
"GALGAL_R02378.c123.linsi",343,0.0213295953126237
"GALGAL_R02379.c123.linsi",352,0.0130988553269134
"GALGAL_R02380.c123.linsi",361,0.00425529802725107
"GALGAL_R02381.c123.linsi",308,0.0219419032203554
"GALGAL_R02382.c123.linsi",37,0.0946850996732988
"GALGAL_R02383.c123.linsi",349,0.00681103011327686
"GALGAL_R02384.c123.linsi",357,0.0204713538061725
"GALGAL_R02385.c123.linsi",355,0.00449766133592687
"GALGAL_R02386.c123.linsi",291,0.0248332179073832
"GALGAL_R02387.c123.linsi",55,0.0274222697162093
"GALGAL_R02390.c123.linsi",188,0.0077758907334855
"GALGAL_R02391.c123.linsi",339,0.0165602078029703
"GALGAL_R02392.c123.linsi",332,0.0161788657740495
"GALGAL_R02393.c123.linsi",311,0.00941862833222264
"GALGAL_R02394.c123.linsi",25,0.00946217161215952
"GALGAL_R02395.c123.linsi",21,0.00412907755805197
"GALGAL_R02396.c123.linsi",277,0.00485450383563358
"GALGAL_R02397.c123.linsi",320,0.0188082751747667
"GALGAL_R02398.c123.linsi",352,0.0299493836762653
"GALGAL_R02399.c123.linsi",349,0.0214143130206496
"GALGAL_R02400.c123.linsi",258,0.00491033742503133
"GALGAL_R02401.c123.linsi",197,0.0106512564813658
"GALGAL_R02402.c123.linsi",296,0.0101508951470305
"GALGAL_R02403.c123.linsi",344,0.00357568630019853
"GALGAL_R02404.c123.linsi",360,0.0190518244935174
"GALGAL_R02405.c123.linsi",346,0.00183007176837598
"GALGAL_R02406.c123.linsi",351,0.00611312827540978
"GALGAL_R02407.c123.linsi",362,0.00311016666807518
"GALGAL_R02408.c123.linsi",351,0.00213369590904849
"GALGAL_R02409.c123.linsi",208,0.00375255121525031
"GALGAL_R02410.c123.linsi",117,0.0117765774175195
"GALGAL_R02411.c123.linsi",346,0.0048163940107789
"GALGAL_R02412.c123.linsi",351,0.0071493596482112
"GALGAL_R02413.c123.linsi",353,0.00537125430014347
"GALGAL_R02414.c123.linsi",354,0.00686701119153905
"GALGAL_R02415.c123.linsi",62,0.0249777755376418
"GALGAL_R02416.c123.linsi",272,0.00517542524090823
"GALGAL_R02418.c123.linsi",4,0.0501842726773894
"GALGAL_R02419.c123.linsi",112,0.00540571172703754
"GALGAL_R02420.c123.linsi",318,0.0114524121619131
"GALGAL_R02421.c123.linsi",353,0.00842269157547139
"GALGAL_R02422.c123.linsi",125,0.00319997890336247
"GALGAL_R02423.c123.linsi",183,0.00985262054983495
"GALGAL_R02424.c123.linsi",346,0.00370127322769308
"GALGAL_R02425.c123.linsi",327,0.01156864889608
"GALGAL_R02426.c123.linsi",357,0.0582619996238137
"GALGAL_R02427.c123.linsi",361,0.00778819101677702
"GALGAL_R02428.c123.linsi",357,0.00385707807417873
"GALGAL_R02429.c123.linsi",210,0.0763072054788467
"GALGAL_R02430.c123.linsi",355,0.0076716974381028
"GALGAL_R02431.c123.linsi",325,0.00836364131190758
"GALGAL_R02432.c123.linsi",349,0.0067198458255455
"GALGAL_R02433.c123.linsi",353,0.00400759144569679
"GALGAL_R02434.c123.linsi",341,0.0104515962660001
"GALGAL_R02435.c123.linsi",351,0.00234333329031759
"GALGAL_R02436.c123.linsi",344,0.00662868894435801
"GALGAL_R02437.c123.linsi",362,0.00467348642322837
"GALGAL_R02438.c123.linsi",358,0.00641665513064116
"GALGAL_R02439.c123.linsi",354,0.0236531102186456
"GALGAL_R02440.c123.linsi",358,0.0153367190777411
"GALGAL_R02441.c123.linsi",344,0.0411369402952062
"GALGAL_R02442.c123.linsi",355,0.0473764760678672
"GALGAL_R02443.c123.linsi",356,0.00663199681117327
"GALGAL_R02444.c123.linsi",327,0.0112905922895534
"GALGAL_R02445.c123.linsi",254,0.0185249139770154
"GALGAL_R02446.c123.linsi",278,0.0182323322609952
"GALGAL_R02447.c123.linsi",174,0.0158470558858991
"GALGAL_R02448.c123.linsi",361,0.0172411503893531
"GALGAL_R02449.c123.linsi",291,0.0287644548655025
"GALGAL_R02450.c123.linsi",353,0.00979508603895748
"GALGAL_R02451.c123.linsi",317,0.0304507747905175
"GALGAL_R02452.c123.linsi",237,0.0144131903878793
"GALGAL_R02453.c123.linsi",329,0.0211725256797567
"GALGAL_R02454.c123.linsi",329,0.00752693730762026
"GALGAL_R02455.c123.linsi",307,0.0172619036760184
"GALGAL_R02456.c123.linsi",355,0.0241519943364376
"GALGAL_R02457.c123.linsi",265,0.0286247843936266
"GALGAL_R02458.c123.linsi",360,0.00852872795675024
"GALGAL_R02459.c123.linsi",352,0.00465328776543141
"GALGAL_R02460.c123.linsi",333,0.0105868897384982
"GALGAL_R02461.c123.linsi",320,0.0202292445347164
"GALGAL_R02462.c123.linsi",359,0.00599084466870132
"GALGAL_R02463.c123.linsi",20,0.0189571497653912
"GALGAL_R02464.c123.linsi",5,0.0178573360929681
"GALGAL_R02466.c123.linsi",7,0.00666927138850283
"GALGAL_R02468.c123.linsi",299,0.00558125107372856
"GALGAL_R02469.c123.linsi",44,0.0210826472534419
"GALGAL_R02470.c123.linsi",335,0.00589921500027745
"GALGAL_R02471.c123.linsi",306,0.00637334715605735
"GALGAL_R02472.c123.linsi",351,0.0167578056451277
"GALGAL_R02473.c123.linsi",222,0.00980890815774877
"GALGAL_R02474.c123.linsi",334,0.0107196702790976
"GALGAL_R02475.c123.linsi",5,0.0116156711380595
"GALGAL_R02476.c123.linsi",356,0.0187777687754142
"GALGAL_R02477.c123.linsi",234,0.00814535600908109
"GALGAL_R02478.c123.linsi",353,0.0139749280822057
"GALGAL_R02479.c123.linsi",278,0.0143295539122175
"GALGAL_R02480.c123.linsi",4,0.0313796112593362
"GALGAL_R02481.c123.linsi",240,0.00991426303513155
"GALGAL_R02482.c123.linsi",243,0.0319538923137463
"GALGAL_R02483.c123.linsi",357,0.0262996170953959
"GALGAL_R02484.c123.linsi",355,0.015609751095063
"GALGAL_R02485.c123.linsi",347,0.00546132142021334
"GALGAL_R02486.c123.linsi",339,0.0211421761689783
"GALGAL_R02487.c123.linsi",354,0.0353588333185942
"GALGAL_R02488.c123.linsi",349,0.0349068813201305
"GALGAL_R02489.c123.linsi",357,0.0129420345405445
"GALGAL_R02490.c123.linsi",330,0.00531498875602877
"GALGAL_R02491.c123.linsi",342,0.00276699377834959
"GALGAL_R02492.c123.linsi",361,0.00673482128134952
"GALGAL_R02493.c123.linsi",362,0.00229640997175748
"GALGAL_R02494.c123.linsi",352,0.00399179213445097
"GALGAL_R02495.c123.linsi",350,0.00236603934703828
"GALGAL_R02496.c123.linsi",261,0.0228969875076066
"GALGAL_R02497.c123.linsi",340,0.00357536339890119
"GALGAL_R02498.c123.linsi",355,0.00479560255743846
"GALGAL_R02499.c123.linsi",353,0.00491630064720774
"GALGAL_R02500.c123.linsi",328,0.00443416968109697
"GALGAL_R02501.c123.linsi",353,0.0063276348091787
"GALGAL_R02502.c123.linsi",331,0.00911988114682964
"GALGAL_R02503.c123.linsi",356,0.00412102530351198
"GALGAL_R02504.c123.linsi",355,0.0166374242499191
"GALGAL_R02505.c123.linsi",353,0.00779347963485087
"GALGAL_R02506.c123.linsi",358,0.0109321774829535
"GALGAL_R02507.c123.linsi",355,0.00586199302203328
"GALGAL_R02508.c123.linsi",323,0.00332304367809418
"GALGAL_R02509.c123.linsi",348,0.00601594387513
"GALGAL_R02510.c123.linsi",246,0.0131762705412687
"GALGAL_R02511.c123.linsi",276,0.020900865821798
"GALGAL_R02512.c123.linsi",359,0.0264372964654379
"GALGAL_R02513.c123.linsi",358,0.0033593604261382
"GALGAL_R02514.c123.linsi",348,0.00475304543039363
"GALGAL_R02515.c123.linsi",322,0.0307664649064662
"GALGAL_R02516.c123.linsi",354,0.00628015815010478
"GALGAL_R02517.c123.linsi",348,0.00908819813719436
"GALGAL_R02518.c123.linsi",234,0.0118534510166285
"GALGAL_R02519.c123.linsi",345,0.00853889342018959
"GALGAL_R02520.c123.linsi",342,0.00268320298084807
"GALGAL_R02521.c123.linsi",315,0.00763074349221954
"GALGAL_R02522.c123.linsi",353,0.00700909011514928
"GALGAL_R02523.c123.linsi",345,0.0107800712947678
"GALGAL_R02524.c123.linsi",293,0.00417382185768544
"GALGAL_R02525.c123.linsi",359,0.00276279401677363
"GALGAL_R02526.c123.linsi",324,0.006222491948213
"GALGAL_R02527.c123.linsi",251,0.020859862046735
"GALGAL_R02528.c123.linsi",335,0.0173921819673225
"GALGAL_R02529.c123.linsi",354,0.0053873407649396
"GALGAL_R02530.c123.linsi",358,0.00755177133019834
"GALGAL_R02531.c123.linsi",354,0.0163412971731194
"GALGAL_R02532.c123.linsi",344,0.0020861269047036
"GALGAL_R02533.c123.linsi",362,0.00490922014785291
"GALGAL_R02534.c123.linsi",346,0.00299599561431326
"GALGAL_R02535.c123.linsi",321,0.00492927803942978
"GALGAL_R02536.c123.linsi",342,0.00249313105924191
"GALGAL_R02537.c123.linsi",347,0.00358208247638442
"GALGAL_R02538.c123.linsi",340,0.00247679986296709
"GALGAL_R02539.c123.linsi",355,0.00419720351848133
"GALGAL_R02540.c123.linsi",351,0.00107157556296104
"GALGAL_R02541.c123.linsi",357,0.0033004535042423
"GALGAL_R02542.c123.linsi",321,0.0142154927937234
"GALGAL_R02543.c123.linsi",320,0.0554448217175978
"GALGAL_R02544.c123.linsi",341,0.0227500149968863
"GALGAL_R02545.c123.linsi",342,0.0160895201887154
"GALGAL_R02546.c123.linsi",348,0.01134460799945
"GALGAL_R02547.c123.linsi",311,0.0131398510992831
"GALGAL_R02548.c123.linsi",344,0.0208883037299675
"GALGAL_R02549.c123.linsi",362,0.00929954024261632
"GALGAL_R02550.c123.linsi",348,0.00117913146184126
"GALGAL_R02551.c123.linsi",359,0.00178606011753857
"GALGAL_R02552.c123.linsi",358,0.00293558039168995
"GALGAL_R02553.c123.linsi",361,0.0114397456920628
"GALGAL_R02554.c123.linsi",357,0.0024038563612561
"GALGAL_R02555.c123.linsi",350,0.00109994978284838
"GALGAL_R02556.c123.linsi",360,0.0175429664445869
"GALGAL_R02557.c123.linsi",355,0.00769900443696065
"GALGAL_R02558.c123.linsi",358,0.00590196946007766
"GALGAL_R02559.c123.linsi",321,0.00231765319179
"GALGAL_R02560.c123.linsi",356,0.0154575224605772
"GALGAL_R02561.c123.linsi",317,0.00459688058436396
"GALGAL_R02562.c123.linsi",354,0.0299871541940059
"GALGAL_R02563.c123.linsi",363,0.00259934241257525
"GALGAL_R02564.c123.linsi",356,0.0187219387348307
"GALGAL_R02565.c123.linsi",226,0.0363453873180343
"GALGAL_R02566.c123.linsi",348,0.0279886571205595
"GALGAL_R02567.c123.linsi",347,0.0132579008420784
"GALGAL_R02568.c123.linsi",301,0.00487861445870488
"GALGAL_R02569.c123.linsi",359,0.0226665118488271
"GALGAL_R02570.c123.linsi",352,0.00355508469004254
"GALGAL_R02571.c123.linsi",354,0.0210997881269982
"GALGAL_R02572.c123.linsi",296,0.0175150379938874
"GALGAL_R02573.c123.linsi",350,0.00722436623533009
"GALGAL_R02574.c123.linsi",303,0.00819656146839091
"GALGAL_R02575.c123.linsi",348,0.0635458711355068
"GALGAL_R02576.c123.linsi",350,0.00825083228199809
"GALGAL_R02577.c123.linsi",318,0.0321423808316408
"GALGAL_R02578.c123.linsi",359,0.0156542748351134
"GALGAL_R02580.c123.linsi",326,0.0199422079330298
"GALGAL_R02581.c123.linsi",360,0.0124598009208354
"GALGAL_R02582.c123.linsi",49,0.00445156116424063
"GALGAL_R02583.c123.linsi",357,0.00743146000029187
"GALGAL_R02593.c123.linsi",347,0.00285768877018549
"GALGAL_R02594.c123.linsi",359,0.00501831157363299
"GALGAL_R02595.c123.linsi",361,0.00687260833996458
"GALGAL_R02597.c123.linsi",356,0.0259518876044394
"GALGAL_R02598.c123.linsi",358,0.00289038640049823
"GALGAL_R02599.c123.linsi",325,0.0109090152664446
"GALGAL_R02601.c123.linsi",329,0.0346866904633989
"GALGAL_R02602.c123.linsi",329,0.0234895718076861
"GALGAL_R02603.c123.linsi",300,0.0141172422398771
"GALGAL_R02604.c123.linsi",348,0.00555093987983991
"GALGAL_R02605.c123.linsi",338,0.00353247436851902
"GALGAL_R02606.c123.linsi",352,0.024105958140239
"GALGAL_R02607.c123.linsi",357,0.0107145416270075
"GALGAL_R02608.c123.linsi",356,0.0143306779863363
"GALGAL_R02609.c123.linsi",357,0.0206660505767715
"GALGAL_R02610.c123.linsi",62,0.00360652885828619
"GALGAL_R02611.c123.linsi",351,0.00587013794777596
"GALGAL_R02612.c123.linsi",361,0.0148903662306066
"GALGAL_R02613.c123.linsi",358,0.00550108011819315
"GALGAL_R02614.c123.linsi",355,0.0233719354156137
"GALGAL_R02615.c123.linsi",99,0.00299580277085307
"GALGAL_R02616.c123.linsi",362,0.00260734991714048
"GALGAL_R02617.c123.linsi",358,0.011074047207788
"GALGAL_R02618.c123.linsi",353,0.0146527580059453
"GALGAL_R02619.c123.linsi",359,0.00758889082465045
"GALGAL_R02620.c123.linsi",357,0.00961420754892824
"GALGAL_R02621.c123.linsi",336,0.0157306874128102
"GALGAL_R02622.c123.linsi",311,0.00979007891248857
"GALGAL_R02623.c123.linsi",311,0.00816679554440713
"GALGAL_R02624.c123.linsi",297,0.0092999945285902
"GALGAL_R02625.c123.linsi",330,0.0112060143108138
"GALGAL_R02626.c123.linsi",336,0.0491484803679446
"GALGAL_R02627.c123.linsi",347,0.0389894236432458
"GALGAL_R02628.c123.linsi",248,0.00862685117350292
"GALGAL_R02629.c123.linsi",48,0.0185831594549273
"GALGAL_R02630.c123.linsi",201,0.0138660690668823
"GALGAL_R02631.c123.linsi",272,0.0123714677727867
"GALGAL_R02632.c123.linsi",259,0.00754229304932437
"GALGAL_R02633.c123.linsi",345,0.004544992176363
"GALGAL_R02634.c123.linsi",283,0.00705503255703496
"GALGAL_R02635.c123.linsi",313,0.0373381494581694
"GALGAL_R02636.c123.linsi",360,0.00736004063673477
"GALGAL_R02637.c123.linsi",356,0.019978091480696
"GALGAL_R02638.c123.linsi",359,0.0116995609097216
"GALGAL_R02639.c123.linsi",4,0.00937041696280688
"GALGAL_R02640.c123.linsi",355,0.00863672731895578
"GALGAL_R02641.c123.linsi",358,0.00948774105642244
"GALGAL_R02642.c123.linsi",283,0.0117354835023673
"GALGAL_R02643.c123.linsi",349,0.00979950376978106
"GALGAL_R02644.c123.linsi",343,0.0118727120654896
"GALGAL_R02645.c123.linsi",362,0.00775808237345754
"GALGAL_R02646.c123.linsi",354,0.00587426597354132
"GALGAL_R02647.c123.linsi",346,0.0065118036044562
"GALGAL_R02648.c123.linsi",358,0.0325155213040591
"GALGAL_R02649.c123.linsi",358,0.00305582344270872
"GALGAL_R02650.c123.linsi",357,0.010407888111689
"GALGAL_R02653.c123.linsi",347,0.00193448916144947
"GALGAL_R02654.c123.linsi",346,0.00476059358200714
"GALGAL_R02655.c123.linsi",27,0.0235716060196395
"GALGAL_R02656.c123.linsi",340,0.00834719720293456
"GALGAL_R02657.c123.linsi",338,0.0080118481927535
"GALGAL_R02658.c123.linsi",357,0.00814577935864739
"GALGAL_R02659.c123.linsi",337,0.00565108013303625
"GALGAL_R02660.c123.linsi",315,0.0060949003828711
"GALGAL_R02661.c123.linsi",312,0.0066759823431008
"GALGAL_R02662.c123.linsi",340,0.00906432990811906
"GALGAL_R02663.c123.linsi",306,0.00515958742104436
"GALGAL_R02664.c123.linsi",339,0.0077609758727142
"GALGAL_R02665.c123.linsi",308,0.0128073931734202
"GALGAL_R02666.c123.linsi",297,0.015033281228963
"GALGAL_R02667.c123.linsi",187,0.0184352214951906
"GALGAL_R02668.c123.linsi",329,0.0114538587049242
"GALGAL_R02669.c123.linsi",217,0.0110166388176079
"GALGAL_R02670.c123.linsi",259,0.0100516776545876
"GALGAL_R02671.c123.linsi",337,0.00646062041506596
"GALGAL_R02672.c123.linsi",80,0.0187358958492094
"GALGAL_R02673.c123.linsi",279,0.0123925846811474
"GALGAL_R02677.c123.linsi",124,0.0171542168541244
"GALGAL_R02678.c123.linsi",361,0.0100099042320537
"GALGAL_R02679.c123.linsi",321,0.0115517220420643
"GALGAL_R02680.c123.linsi",348,0.0101574940891812
"GALGAL_R02681.c123.linsi",354,0.00961145833156455
"GALGAL_R02682.c123.linsi",336,0.00817376969627591
"GALGAL_R02684.c123.linsi",356,0.0111848050969499
"GALGAL_R02685.c123.linsi",300,0.00941440407857199
"GALGAL_R02686.c123.linsi",311,0.00758244326531351
"GALGAL_R02687.c123.linsi",8,0.0847592635602158
"GALGAL_R02688.c123.linsi",272,0.0243666163915262
"GALGAL_R02689.c123.linsi",301,0.0141831011286311
"GALGAL_R02690.c123.linsi",361,0.0120548556733455
"GALGAL_R02691.c123.linsi",248,0.0176416163145698
"GALGAL_R02692.c123.linsi",68,0.0435297044975066
"GALGAL_R02693.c123.linsi",10,0.00453569756878486
"GALGAL_R02694.c123.linsi",270,0.0135844403367529
"GALGAL_R02695.c123.linsi",5,0.0102321826823002
"GALGAL_R02696.c123.linsi",97,0.0165693621702074
"GALGAL_R02697.c123.linsi",240,0.0237766438523387
"GALGAL_R02698.c123.linsi",347,0.0658839063995152
"GALGAL_R02699.c123.linsi",354,0.0186979751399988
"GALGAL_R02700.c123.linsi",243,0.0063302591525753
"GALGAL_R02701.c123.linsi",338,0.00679485340143576
"GALGAL_R02702.c123.linsi",361,0.0103058300795301
"GALGAL_R02703.c123.linsi",359,0.0148078630401255
"GALGAL_R02704.c123.linsi",359,0.0232315177226582
"GALGAL_R02705.c123.linsi",361,0.00364280380695324
"GALGAL_R02706.c123.linsi",349,0.00881661388261102
"GALGAL_R02707.c123.linsi",346,0.0186987738110991
"GALGAL_R02708.c123.linsi",361,0.0111754931977197
"GALGAL_R02709.c123.linsi",349,0.0154538488929213
"GALGAL_R02710.c123.linsi",348,0.017135866910839
"GALGAL_R02711.c123.linsi",355,0.00810172786354491
"GALGAL_R02712.c123.linsi",357,0.0517793340426026
"GALGAL_R02713.c123.linsi",349,0.0241083926156444
"GALGAL_R02714.c123.linsi",314,0.0186897487934732
"GALGAL_R02715.c123.linsi",351,0.0263222616269565
"GALGAL_R02716.c123.linsi",356,0.0188823754456498
"GALGAL_R02717.c123.linsi",358,0.0221356104345841
"GALGAL_R02718.c123.linsi",345,0.0101989599078884
"GALGAL_R02719.c123.linsi",26,0.0260452157597981
"GALGAL_R02720.c123.linsi",329,0.00416101498610847
"GALGAL_R02721.c123.linsi",311,0.00963856141725845
"GALGAL_R02722.c123.linsi",357,0.0454627392131683
"GALGAL_R02723.c123.linsi",360,0.00540346027987984
"GALGAL_R02724.c123.linsi",359,0.0114261757017623
"GALGAL_R02725.c123.linsi",361,0.00406556743759169
"GALGAL_R02726.c123.linsi",359,0.0380802444630878
"GALGAL_R02727.c123.linsi",352,0.00444774770022557
"GALGAL_R02728.c123.linsi",341,0.00246644911187636
"GALGAL_R02729.c123.linsi",342,0.00538749961786711
"GALGAL_R02730.c123.linsi",334,0.00746396908900049
"GALGAL_R02731.c123.linsi",350,0.00780708016637152
"GALGAL_R02732.c123.linsi",357,0.0020672907648558
"GALGAL_R02733.c123.linsi",355,0.0288638774696453
"GALGAL_R02734.c123.linsi",358,0.00182084808740319
"GALGAL_R02735.c123.linsi",259,0.0188284005918808
"GALGAL_R02736.c123.linsi",333,0.00429733330620513
"GALGAL_R02737.c123.linsi",330,0.00953790671422055
"GALGAL_R02738.c123.linsi",326,0.0343210005656703
"GALGAL_R02739.c123.linsi",347,0.0107969316396396
"GALGAL_R02740.c123.linsi",348,0.0106414426961323
"GALGAL_R02741.c123.linsi",342,0.00849908930313898
"GALGAL_R02742.c123.linsi",361,0.00632712273565674
"GALGAL_R02743.c123.linsi",358,0.00585505109874635
"GALGAL_R02744.c123.linsi",354,0.00219264046971392
"GALGAL_R02745.c123.linsi",316,0.0100844116971197
"GALGAL_R02746.c123.linsi",335,0.0183786944059095
"GALGAL_R02747.c123.linsi",358,0.0298380218280468
"GALGAL_R02748.c123.linsi",359,0.00657007547976133
"GALGAL_R02749.c123.linsi",335,0.0224974610425252
"GALGAL_R02750.c123.linsi",360,0.00818995664229863
"GALGAL_R02751.c123.linsi",358,0.00693752268983006
"GALGAL_R02752.c123.linsi",342,0.00626045082063591
"GALGAL_R02753.c123.linsi",354,0.00676262965987487
"GALGAL_R02754.c123.linsi",360,0.00445772974738915
"GALGAL_R02755.c123.linsi",357,0.0255558070669559
"GALGAL_R02756.c123.linsi",245,0.0051565172498172
"GALGAL_R02757.c123.linsi",36,0.00824879826448121
"GALGAL_R02758.c123.linsi",24,0.0101879377208825
"GALGAL_R02759.c123.linsi",362,0.00436825716088844
"GALGAL_R02760.c123.linsi",351,0.0131744728017344
"GALGAL_R02761.c123.linsi",313,0.0113438204895221
"GALGAL_R02762.c123.linsi",351,0.0197115925610623
"GALGAL_R02763.c123.linsi",332,0.00895867650654314
"GALGAL_R02764.c123.linsi",347,0.00480907954651565
"GALGAL_R02765.c123.linsi",341,0.0161802948642176
"GALGAL_R02766.c123.linsi",4,0.0114514775768616
"GALGAL_R02767.c123.linsi",213,0.046950646449039
"GALGAL_R02768.c123.linsi",332,0.00489364332784531
"GALGAL_R02769.c123.linsi",341,0.0133043341089251
"GALGAL_R02770.c123.linsi",355,0.0100722160578489
"GALGAL_R02771.c123.linsi",333,0.00668812713553776
"GALGAL_R02772.c123.linsi",324,0.00639951631467771
"GALGAL_R02773.c123.linsi",128,0.0164905603379895
"GALGAL_R02774.c123.linsi",349,0.00907865888379003
"GALGAL_R02775.c123.linsi",216,0.0202946655478339
"GALGAL_R02778.c123.linsi",26,0.0187429123918907
"GALGAL_R02779.c123.linsi",235,0.0392316718488762
"GALGAL_R02780.c123.linsi",51,0.0199992031172583
"GALGAL_R02781.c123.linsi",94,0.0243590337927958
"GALGAL_R02782.c123.linsi",297,0.0116543519542925
"GALGAL_R02783.c123.linsi",329,0.00601403086153188
"GALGAL_R02784.c123.linsi",325,0.0265704982047791
"GALGAL_R02785.c123.linsi",357,0.0172353396916747
"GALGAL_R02786.c123.linsi",348,0.0349940897435827
"GALGAL_R02787.c123.linsi",297,0.0101330443498073
"GALGAL_R02788.c123.linsi",207,0.0438086620423689
"GALGAL_R02789.c123.linsi",356,0.0154289156810907
"GALGAL_R02790.c123.linsi",360,0.0512530842268102
"GALGAL_R02791.c123.linsi",352,0.0305911616578574
"GALGAL_R02792.c123.linsi",336,0.0121939985189638
"GALGAL_R02793.c123.linsi",356,0.0233020862490666
"GALGAL_R02794.c123.linsi",354,0.0273958559285161
"GALGAL_R02795.c123.linsi",354,0.0568816176069352
"GALGAL_R02796.c123.linsi",310,0.0231679366916901
"GALGAL_R02797.c123.linsi",177,0.027450867635507
"GALGAL_R02798.c123.linsi",304,0.0670198024905103
"GALGAL_R02799.c123.linsi",198,0.0365339759652785
"GALGAL_R02800.c123.linsi",334,0.0257499686626736
"GALGAL_R02801.c123.linsi",348,0.030037284600793
"GALGAL_R02802.c123.linsi",359,0.00845372147733691
"GALGAL_R02803.c123.linsi",203,0.00713794932119984
"GALGAL_R02804.c123.linsi",345,0.0138436323649857
"GALGAL_R02805.c123.linsi",359,0.00405402925789524
"GALGAL_R02806.c123.linsi",351,0.00795539227597694
"GALGAL_R02807.c123.linsi",362,0.00384935089985352
"GALGAL_R02808.c123.linsi",359,0.00836907714149563
"GALGAL_R02809.c123.linsi",349,0.0121626451237151
"GALGAL_R02810.c123.linsi",332,0.0131606827041258
"GALGAL_R02811.c123.linsi",325,0.00463839908435058
"GALGAL_R02812.c123.linsi",324,0.0172419847979397
"GALGAL_R02813.c123.linsi",346,0.0406131119020741
"GALGAL_R02814.c123.linsi",266,0.00843052645178813
"GALGAL_R02815.c123.linsi",341,0.0428555471080313
"GALGAL_R02816.c123.linsi",299,0.0756238905241935
"GALGAL_R02817.c123.linsi",346,0.0139353980687666
"GALGAL_R02818.c123.linsi",339,0.0110217568619859
"GALGAL_R02819.c123.linsi",301,0.0207281157643165
"GALGAL_R02820.c123.linsi",61,0.0089681503422936
"GALGAL_R02821.c123.linsi",358,0.01509593809494
"GALGAL_R02822.c123.linsi",361,0.0041159169387306
"GALGAL_R02823.c123.linsi",354,0.0062182289948868
"GALGAL_R02824.c123.linsi",343,0.0109417127662193
"GALGAL_R02825.c123.linsi",334,0.00802262854785517
"GALGAL_R02826.c123.linsi",345,0.00984084953424605
"GALGAL_R02827.c123.linsi",316,0.008638081778156
"GALGAL_R02828.c123.linsi",350,0.0493970115559099
"GALGAL_R02829.c123.linsi",361,0.00863124474276046
"GALGAL_R02831.c123.linsi",348,0.0130911070675012
"GALGAL_R02832.c123.linsi",337,0.0383822405337582
"GALGAL_R02833.c123.linsi",328,0.0316614784959178
"GALGAL_R02834.c123.linsi",351,0.0236298062920454
"GALGAL_R02836.c123.linsi",313,0.0223199969098693
"GALGAL_R02837.c123.linsi",352,0.0279937698473024
"GALGAL_R02838.c123.linsi",294,0.0154995002044534
"GALGAL_R02839.c123.linsi",314,0.0606671905090217
"GALGAL_R02840.c123.linsi",337,0.0179803015584364
"GALGAL_R02842.c123.linsi",277,0.029250790318062
"GALGAL_R02843.c123.linsi",226,0.0170949997841208
"GALGAL_R02844.c123.linsi",358,0.0176368093188365
"GALGAL_R02845.c123.linsi",308,0.0102620317254332
"GALGAL_R02846.c123.linsi",198,0.0305884315726306
"GALGAL_R02847.c123.linsi",302,0.0109662295963434
"GALGAL_R02848.c123.linsi",97,0.0187218046870228
"GALGAL_R02849.c123.linsi",201,0.0545389395443499
"GALGAL_R02850.c123.linsi",276,0.0247685164706886
"GALGAL_R02851.c123.linsi",280,0.00296720557901054
"GALGAL_R02852.c123.linsi",287,0.0289008129623427
"GALGAL_R02853.c123.linsi",354,0.0190644333740975
"GALGAL_R02854.c123.linsi",284,0.010486082035574
"GALGAL_R02855.c123.linsi",355,0.0268152853428403
"GALGAL_R02856.c123.linsi",209,0.0147833576225601
"GALGAL_R02857.c123.linsi",246,0.0216773711108481
"GALGAL_R02858.c123.linsi",256,0.0328005828453367
"GALGAL_R02859.c123.linsi",353,0.00499392483339659
"GALGAL_R02860.c123.linsi",340,0.0133137656440372
"GALGAL_R02861.c123.linsi",351,0.00827803335815857
"GALGAL_R02862.c123.linsi",342,0.0387403188881562
"GALGAL_R02863.c123.linsi",358,0.00637083618716586
"GALGAL_R02864.c123.linsi",351,0.00391430435398846
"GALGAL_R02865.c123.linsi",335,0.00955116394191917
"GALGAL_R02866.c123.linsi",330,0.00985778286440782
"GALGAL_R02867.c123.linsi",360,0.0124622416209153
"GALGAL_R02868.c123.linsi",339,0.0130295839593713
"GALGAL_R02869.c123.linsi",356,0.00469857931229161
"GALGAL_R02870.c123.linsi",338,0.0126592950252621
"GALGAL_R02871.c123.linsi",361,0.00953288532945848
"GALGAL_R02872.c123.linsi",356,0.00458275317382108
"GALGAL_R02873.c123.linsi",315,0.0113768011108362
"GALGAL_R02874.c123.linsi",358,0.0231597182445662
"GALGAL_R02875.c123.linsi",223,0.0427220999162507
"GALGAL_R02876.c123.linsi",220,0.0120763181038094
"GALGAL_R02877.c123.linsi",348,0.0174916230640132
"GALGAL_R02878.c123.linsi",352,0.013220775186267
"GALGAL_R02879.c123.linsi",338,0.0546505188817661
"GALGAL_R02880.c123.linsi",322,0.0256149545091619
"GALGAL_R02881.c123.linsi",337,0.0201018942373074
"GALGAL_R02882.c123.linsi",63,0.0274843426197469
"GALGAL_R02883.c123.linsi",349,0.00381327371660731
"GALGAL_R02884.c123.linsi",358,0.0207584101949107
"GALGAL_R02885.c123.linsi",315,0.00915538252412999
"GALGAL_R02886.c123.linsi",357,0.0668848158479562
"GALGAL_R02887.c123.linsi",340,0.0409197924121193
"GALGAL_R02888.c123.linsi",258,0.156381455911933
"GALGAL_R02889.c123.linsi",324,0.0958029773369267
"GALGAL_R02890.c123.linsi",327,0.0510127334684586
"GALGAL_R02891.c123.linsi",304,0.054162936166146
"GALGAL_R02892.c123.linsi",245,0.00994462587599004
"GALGAL_R02893.c123.linsi",254,0.0175897782595875
"GALGAL_R02894.c123.linsi",148,0.0112215295498497
"GALGAL_R02895.c123.linsi",313,0.00782851594722395
"GALGAL_R02896.c123.linsi",352,0.0525735148984504
"GALGAL_R02897.c123.linsi",51,0.0164027573145
"GALGAL_R02898.c123.linsi",6,0.0207159087539155
"GALGAL_R02899.c123.linsi",350,0.0114924672083032
"GALGAL_R02900.c123.linsi",272,0.012356918188606
"GALGAL_R02901.c123.linsi",232,0.0181801227615865
"GALGAL_R02902.c123.linsi",344,0.0171951593520612
"GALGAL_R02903.c123.linsi",332,0.0161481988964595
"GALGAL_R02904.c123.linsi",349,0.0143868964123458
"GALGAL_R02905.c123.linsi",319,0.00750067655769347
"GALGAL_R02906.c123.linsi",345,0.0082447368774423
"GALGAL_R02907.c123.linsi",357,0.0116296863886527
"GALGAL_R02908.c123.linsi",339,0.0166785246905381
"GALGAL_R02909.c123.linsi",355,0.0112286627935387
"GALGAL_R02915.c123.linsi",18,0.00982669115973771
"GALGAL_R02916.c123.linsi",344,0.0134486924945604
"GALGAL_R02917.c123.linsi",270,0.0129984077352755
"GALGAL_R02918.c123.linsi",272,0.0266743669265402
"GALGAL_R02919.c123.linsi",216,0.0287391923532625
"GALGAL_R02920.c123.linsi",299,0.0280291675125329
"GALGAL_R02921.c123.linsi",329,0.029408237811679
"GALGAL_R02922.c123.linsi",342,0.0302552393407036
"GALGAL_R02923.c123.linsi",243,0.0159532234631399
"GALGAL_R02924.c123.linsi",349,0.042139716111369
"GALGAL_R02925.c123.linsi",145,0.0184757622829889
"GALGAL_R02926.c123.linsi",128,0.0320229842772103
"GALGAL_R02927.c123.linsi",134,0.00879503251385244
"GALGAL_R02928.c123.linsi",350,0.0141505129032982
"GALGAL_R02929.c123.linsi",336,0.0199254124932051
"GALGAL_R02930.c123.linsi",268,0.0190956630522728
"GALGAL_R02931.c123.linsi",339,0.0120910709007374
"GALGAL_R02932.c123.linsi",329,0.00638630031638566
"GALGAL_R02933.c123.linsi",311,0.0149871413459065
"GALGAL_R02934.c123.linsi",85,0.0293473681137121
"GALGAL_R02935.c123.linsi",278,0.0346115314776448
"GALGAL_R02936.c123.linsi",209,0.0284262103014399
"GALGAL_R02937.c123.linsi",273,0.0455338266939216
"GALGAL_R02938.c123.linsi",276,0.0223982378051655
"GALGAL_R02939.c123.linsi",342,0.0055206290401114
"GALGAL_R02942.c123.linsi",287,0.0111258614745249
"GALGAL_R02943.c123.linsi",96,0.0307773112876945
"GALGAL_R02945.c123.linsi",213,0.0263464464056976
"GALGAL_R02946.c123.linsi",319,0.0155609571501452
"GALGAL_R02947.c123.linsi",314,0.0297555693978413
"GALGAL_R02948.c123.linsi",5,0.0154222128134659
"GALGAL_R02949.c123.linsi",245,0.0647151256935233
"GALGAL_R02950.c123.linsi",177,0.038305020142015
"GALGAL_R02951.c123.linsi",262,0.0218656058642597
"GALGAL_R02952.c123.linsi",9,0.0281985829385877
"GALGAL_R02953.c123.linsi",293,0.0254290198755107
"GALGAL_R02954.c123.linsi",340,0.0248294480919808
"GALGAL_R02955.c123.linsi",257,0.0542010729453827
"GALGAL_R02956.c123.linsi",286,0.00727924628006386
"GALGAL_R02957.c123.linsi",344,0.0124339977953103
"GALGAL_R02958.c123.linsi",347,0.0109333007780616
"GALGAL_R02959.c123.linsi",337,0.0147977283010242
"GALGAL_R02960.c123.linsi",324,0.0464022011319001
"GALGAL_R02961.c123.linsi",336,0.0171395770944901
"GALGAL_R02962.c123.linsi",341,0.0172698121324225
"GALGAL_R02963.c123.linsi",281,0.00555719616614152
"GALGAL_R02964.c123.linsi",329,0.00968409880489349
"GALGAL_R02965.c123.linsi",277,0.00661187677231539
"GALGAL_R02966.c123.linsi",352,0.0072691081958004
"GALGAL_R02967.c123.linsi",355,0.00946487108077732
"GALGAL_R02968.c123.linsi",352,0.00823546172860199
"GALGAL_R02969.c123.linsi",337,0.0422587743346595
"GALGAL_R02970.c123.linsi",307,0.0066485625883916
"GALGAL_R02971.c123.linsi",334,0.05989475755726
"GALGAL_R03017.c123.linsi",330,0.00794005969711843
"GALGAL_R03019.c123.linsi",135,0.0237675126297554
"GALGAL_R03020.c123.linsi",281,0.0217123218544655
"GALGAL_R03021.c123.linsi",275,0.0527579860530769
"GALGAL_R03024.c123.linsi",348,0.01658298002833
"GALGAL_R03025.c123.linsi",91,0.0117756497025889
"GALGAL_R03026.c123.linsi",338,0.0104143552262837
"GALGAL_R03027.c123.linsi",171,0.00509389486026975
"GALGAL_R03038.c123.linsi",10,0.0300351154644369
"GALGAL_R03040.c123.linsi",104,0.0206776466406206
"GALGAL_R03041.c123.linsi",10,0.0123799381809969
"GALGAL_R03042.c123.linsi",30,0.0134315890414222
"GALGAL_R03049.c123.linsi",33,0.020140319085158
"GALGAL_R03054.c123.linsi",16,0.0096627221510301
"GALGAL_R03056.c123.linsi",5,0.0219846102341393
"GALGAL_R03064.c123.linsi",291,0.00364470300439048
"GALGAL_R03067.c123.linsi",94,0.0213754861767097
"GALGAL_R03068.c123.linsi",47,0.0128278666533873
"GALGAL_R03070.c123.linsi",9,0.0106595249044764
"GALGAL_R03072.c123.linsi",17,0.10567510692728
"GALGAL_R03073.c123.linsi",326,0.00805125242734316
"GALGAL_R03075.c123.linsi",213,0.0108957997017625
"GALGAL_R03076.c123.linsi",85,0.0242815526202814
"GALGAL_R03077.c123.linsi",302,0.0339503858045116
"GALGAL_R03078.c123.linsi",84,0.0207756883129996
"GALGAL_R03081.c123.linsi",289,0.00503334642150445
"GALGAL_R03083.c123.linsi",19,0.0106884680281559
"GALGAL_R03085.c123.linsi",8,0.0055244200127551
"GALGAL_R03086.c123.linsi",8,0.0695888502497325
"GALGAL_R03087.c123.linsi",286,0.0218736612866391
"GALGAL_R03090.c123.linsi",88,0.0258152389300228
"GALGAL_R03091.c123.linsi",58,0.0383675233070303
"GALGAL_R03094.c123.linsi",22,0.0414728765358288
"GALGAL_R03096.c123.linsi",92,0.0189103034530321
"GALGAL_R03097.c123.linsi",265,0.0263929887064103
"GALGAL_R03099.c123.linsi",60,0.0270757641768034
"GALGAL_R03100.c123.linsi",6,0.0257971789060711
"GALGAL_R03102.c123.linsi",58,0.0184518709765106
"GALGAL_R03103.c123.linsi",23,0.0233803361666914
"GALGAL_R03106.c123.linsi",228,0.00281288146863168
"GALGAL_R03107.c123.linsi",150,0.0419163034252353
"GALGAL_R03108.c123.linsi",97,0.0315584779956464
"GALGAL_R03109.c123.linsi",206,0.0252960110828285
"GALGAL_R03110.c123.linsi",80,0.0105725655931937
"GALGAL_R03112.c123.linsi",38,0.106600038809965
"GALGAL_R03114.c123.linsi",18,0.00438206244044459
"GALGAL_R03117.c123.linsi",62,0.0461207627278246
"GALGAL_R03118.c123.linsi",30,0.047374683908635
"GALGAL_R03119.c123.linsi",168,0.0522591717402289
"GALGAL_R03124.c123.linsi",5,0.00362744057534555
"GALGAL_R03127.c123.linsi",212,0.0208624929122928
"GALGAL_R03128.c123.linsi",171,0.0308502022842264
"GALGAL_R03130.c123.linsi",176,0.052433161261096
"GALGAL_R03131.c123.linsi",6,0.00743183756689733
"GALGAL_R03136.c123.linsi",342,0.0174400250005915
"GALGAL_R03138.c123.linsi",58,0.0235561379650077
"GALGAL_R03139.c123.linsi",273,0.00380933409754537
"GALGAL_R03140.c123.linsi",346,0.022523879240105
"GALGAL_R03141.c123.linsi",243,0.00908584301609232
"GALGAL_R03142.c123.linsi",70,0.0187531233384603
"GALGAL_R03143.c123.linsi",325,0.00287276127357451
"GALGAL_R03144.c123.linsi",306,0.0161991560771512
"GALGAL_R03145.c123.linsi",303,0.00272470700081912
"GALGAL_R03146.c123.linsi",313,0.0216099524122044
"GALGAL_R03147.c123.linsi",227,0.000913775743573339
"GALGAL_R03148.c123.linsi",283,0.00464355635152556
"GALGAL_R03149.c123.linsi",244,0.00247872093867001
"GALGAL_R03150.c123.linsi",301,0.00719761449892124
"GALGAL_R03151.c123.linsi",300,0.00771355167695186
"GALGAL_R03152.c123.linsi",333,0.00944484294435699
"GALGAL_R03153.c123.linsi",227,0.00933180827908806
"GALGAL_R03154.c123.linsi",335,0.00504897945270474
"GALGAL_R03155.c123.linsi",356,0.00564859870786074
"GALGAL_R03156.c123.linsi",353,0.00432587876579809
"GALGAL_R03157.c123.linsi",347,0.00819822226683341
"GALGAL_R03158.c123.linsi",336,0.0101208735570322
"GALGAL_R03159.c123.linsi",321,0.00395706107317941
"GALGAL_R03160.c123.linsi",300,0.0210081391805611
"GALGAL_R03161.c123.linsi",306,0.00789063849482269
"GALGAL_R03162.c123.linsi",336,0.00593360349276249
"GALGAL_R03163.c123.linsi",10,0.0124940918678552
"GALGAL_R03164.c123.linsi",261,0.00670811072151116
"GALGAL_R03165.c123.linsi",326,0.0319952486406409
"GALGAL_R03166.c123.linsi",347,0.0140755407823723
"GALGAL_R03167.c123.linsi",42,0.00175529260405874
"GALGAL_R03168.c123.linsi",241,0.0191925741690257
"GALGAL_R03169.c123.linsi",341,0.00224801719650394
"GALGAL_R03170.c123.linsi",224,0.0054296139174028
"GALGAL_R03171.c123.linsi",314,0.0100255596103275
"GALGAL_R03172.c123.linsi",95,0.00126875381701875
"GALGAL_R03173.c123.linsi",294,0.00135479060893275
"GALGAL_R03174.c123.linsi",309,0.000962999673743179
"GALGAL_R03175.c123.linsi",280,0.000950624925173239
"GALGAL_R03176.c123.linsi",251,0.00352326069558947
"GALGAL_R03177.c123.linsi",298,0.00298559851729685
"GALGAL_R03178.c123.linsi",304,0.00421851741385787
"GALGAL_R03179.c123.linsi",330,0.00200962988686287
"GALGAL_R03180.c123.linsi",48,0.0150363687457937
"GALGAL_R03181.c123.linsi",333,0.0301114840855718
"GALGAL_R03182.c123.linsi",289,0.00481269773590283
"GALGAL_R03183.c123.linsi",284,0.00348315406194955
"GALGAL_R03184.c123.linsi",12,0.00639809731983177
"GALGAL_R03185.c123.linsi",175,0.0288293564719597
"GALGAL_R03186.c123.linsi",289,0.0102922370318793
"GALGAL_R03187.c123.linsi",319,0.00303562733185041
"GALGAL_R03188.c123.linsi",331,0.00296732967471743
"GALGAL_R03189.c123.linsi",304,0.00196895985653361
"GALGAL_R03190.c123.linsi",309,0.00355376693948205
"GALGAL_R03192.c123.linsi",324,0.0032815151523458
"GALGAL_R03193.c123.linsi",138,0.00444536331271059
"GALGAL_R03194.c123.linsi",337,0.0213146010084679
"GALGAL_R03195.c123.linsi",320,0.00414868428418364
"GALGAL_R03196.c123.linsi",58,0.000750906589656182
"GALGAL_R03197.c123.linsi",305,0.00570119105997739
"GALGAL_R03198.c123.linsi",350,0.0062092100937603
"GALGAL_R03199.c123.linsi",345,0.00274178453399256
"GALGAL_R03200.c123.linsi",290,0.00254631533835518
"GALGAL_R03201.c123.linsi",338,0.00802991042266658
"GALGAL_R03202.c123.linsi",243,0.00191121496855946
"GALGAL_R03203.c123.linsi",139,0.00957220787606623
"GALGAL_R03204.c123.linsi",336,0.00903319588156643
"GALGAL_R03205.c123.linsi",319,0.0111266619238946
"GALGAL_R03206.c123.linsi",227,0.00865091241538489
"GALGAL_R03207.c123.linsi",195,0.012997126490265
"GALGAL_R03208.c123.linsi",329,0.00147221236633184
"GALGAL_R03209.c123.linsi",330,0.00407742774965054
"GALGAL_R03210.c123.linsi",328,0.00341917448567539
"GALGAL_R03211.c123.linsi",338,0.00422019289052677
"GALGAL_R03212.c123.linsi",304,0.00519157880686531
"GALGAL_R03213.c123.linsi",262,0.00711265584683866
"GALGAL_R03214.c123.linsi",287,0.0154936932442074
"GALGAL_R03215.c123.linsi",307,0.00917448540962442
"GALGAL_R03216.c123.linsi",344,0.00220544100676639
"GALGAL_R03217.c123.linsi",282,0.00446441607728806
"GALGAL_R03218.c123.linsi",346,0.0126060651063873
"GALGAL_R03219.c123.linsi",309,0.0167640502904159
"GALGAL_R03220.c123.linsi",148,0.00781428190445946
"GALGAL_R03221.c123.linsi",258,0.00596251715082822
"GALGAL_R03222.c123.linsi",285,0.00250883704516646
"GALGAL_R03223.c123.linsi",336,0.0240352865650118
"GALGAL_R03224.c123.linsi",330,0.00295558682842984
"GALGAL_R03225.c123.linsi",120,0.0055715100009901
"GALGAL_R03226.c123.linsi",347,0.00790642542161679
"GALGAL_R03227.c123.linsi",285,0.0375295995571832
"GALGAL_R03228.c123.linsi",206,0.00163888747504902
"GALGAL_R03229.c123.linsi",287,0.00398916368648595
"GALGAL_R03230.c123.linsi",352,0.0105618928810233
"GALGAL_R03231.c123.linsi",86,0.00291984264269632
"GALGAL_R03232.c123.linsi",162,0.0037947346400407
"GALGAL_R03233.c123.linsi",285,0.00159395887049771
"GALGAL_R03234.c123.linsi",211,0.000883533282815697
"GALGAL_R03235.c123.linsi",140,0.00700495561341026
"GALGAL_R03236.c123.linsi",337,0.00174876848848341
"GALGAL_R03237.c123.linsi",157,0.0447483896059153
"GALGAL_R03238.c123.linsi",282,0.00260233913051869
"GALGAL_R03239.c123.linsi",299,0.00197157170039406
"GALGAL_R03240.c123.linsi",235,0.00664864880808866
"GALGAL_R03241.c123.linsi",297,0.0123656800420656
"GALGAL_R03242.c123.linsi",278,0.00728247020578076
"GALGAL_R03243.c123.linsi",206,0.00388683949961496
"GALGAL_R03244.c123.linsi",336,0.00317262927210056
"GALGAL_R03245.c123.linsi",344,0.0113731421037645
"GALGAL_R03246.c123.linsi",245,0.00508341765378126
"GALGAL_R03247.c123.linsi",354,0.00920731599211522
"GALGAL_R03248.c123.linsi",342,0.00611205474997889
"GALGAL_R03249.c123.linsi",130,0.00458164162233507
"GALGAL_R03250.c123.linsi",275,0.00143115936987325
"GALGAL_R03251.c123.linsi",297,0.00405361715155902
"GALGAL_R03252.c123.linsi",288,0.00414298824080303
"GALGAL_R03254.c123.linsi",348,0.0232851771950522
"GALGAL_R03255.c123.linsi",77,0.00341284720948765
"GALGAL_R03256.c123.linsi",81,0.0269966438641766
"GALGAL_R03257.c123.linsi",102,0.0762220021473075
"GALGAL_R03258.c123.linsi",341,0.0730338759420845
"GALGAL_R03259.c123.linsi",309,0.0268920552731074
"GALGAL_R03260.c123.linsi",319,0.0113431420517297
"GALGAL_R03261.c123.linsi",278,0.00680430006722031
"GALGAL_R03275.c123.linsi",315,0.00325426324032326
"GALGAL_R03276.c123.linsi",325,0.00104824910424364
"GALGAL_R03277.c123.linsi",288,0.00518494861135167
"GALGAL_R03278.c123.linsi",11,0.0111143360180616
"GALGAL_R03296.c123.linsi",326,0.0445858722750566
"GALGAL_R03297.c123.linsi",40,0.0183037368239578
"GALGAL_R03298.c123.linsi",174,0.011875181504594
"GALGAL_R03299.c123.linsi",183,0.00789477313929743
"GALGAL_R03300.c123.linsi",348,0.0236504003720668
"GALGAL_R03301.c123.linsi",348,0.0704050132166417
"GALGAL_R03302.c123.linsi",26,0.000964252820254427
"GALGAL_R03303.c123.linsi",298,0.00118901262396223
"GALGAL_R03304.c123.linsi",348,0.00905387792088057
"GALGAL_R03305.c123.linsi",304,0.00086100653085116
"GALGAL_R03306.c123.linsi",347,0.026751806274815
"GALGAL_R03307.c123.linsi",339,0.0284241707604433
"GALGAL_R03312.c123.linsi",324,0.00334430395430507
"GALGAL_R03313.c123.linsi",215,0.0246740114227987
"GALGAL_R03324.c123.linsi",335,0.00453522073700161
"GALGAL_R03327.c123.linsi",300,0.00172739880464827
"GALGAL_R03328.c123.linsi",276,0.0164529555459175
"GALGAL_R03329.c123.linsi",276,0.00309880160204667
"GALGAL_R03330.c123.linsi",340,0.00466172711750225
"GALGAL_R03331.c123.linsi",316,0.00623421346383357
"GALGAL_R03332.c123.linsi",350,0.0067620359528872
"GALGAL_R03333.c123.linsi",167,0.00374575093276739
"GALGAL_R03334.c123.linsi",164,0.00450549729627126
"GALGAL_R03335.c123.linsi",199,0.00779222965422141
"GALGAL_R03336.c123.linsi",317,0.00232522133944374
"GALGAL_R03337.c123.linsi",320,0.0303148643505248
"GALGAL_R03338.c123.linsi",8,0.0374830779796226
"GALGAL_R03339.c123.linsi",279,0.00446759076792228
"GALGAL_R03341.c123.linsi",347,0.024747668561979
"GALGAL_R03342.c123.linsi",345,0.00726358052536769
"GALGAL_R03348.c123.linsi",282,0.0104117857819487
"GALGAL_R03349.c123.linsi",325,0.0108812381052262
"GALGAL_R03350.c123.linsi",85,0.00239584254965045
"GALGAL_R03361.c123.linsi",136,0.0203651062857297
"GALGAL_R03362.c123.linsi",329,0.0660732021117014
"GALGAL_R03363.c123.linsi",246,0.00190933947597861
"GALGAL_R03369.c123.linsi",163,0.0293407575517939
"GALGAL_R03374.c123.linsi",157,0.0586660937861082
"GALGAL_R03375.c123.linsi",167,0.00855826532667593
"GALGAL_R03376.c123.linsi",352,0.100201243092867
"GALGAL_R03385.c123.linsi",207,0.00467476995229373
"GALGAL_R03386.c123.linsi",271,0.00114085093002716
"GALGAL_R03387.c123.linsi",255,0.0182124543636897
"GALGAL_R03388.c123.linsi",35,0.0325558923102298
"GALGAL_R03389.c123.linsi",82,0.0583795016361025
"GALGAL_R03390.c123.linsi",314,0.0032003625678591
"GALGAL_R03391.c123.linsi",47,0.013968286116699
"GALGAL_R03392.c123.linsi",11,0.00691721256892021
"GALGAL_R03393.c123.linsi",349,0.113013749515502
"GALGAL_R03402.c123.linsi",332,0.00327083019341161
"GALGAL_R03403.c123.linsi",307,0.00293108247667956
"GALGAL_R03404.c123.linsi",320,0.00309401673862159
"GALGAL_R03405.c123.linsi",342,0.0103544450543621
"GALGAL_R03406.c123.linsi",300,0.0330318791118268
"GALGAL_R03416.c123.linsi",333,0.0163560062874095
"GALGAL_R03418.c123.linsi",321,0.00591770854888346
"GALGAL_R03425.c123.linsi",118,0.0197250355509204
"GALGAL_R03426.c123.linsi",348,0.0147506212537932
"GALGAL_R03427.c123.linsi",328,0.00434825277890424
"GALGAL_R03428.c123.linsi",54,0.0261371423633567
"GALGAL_R03430.c123.linsi",292,0.00751617886021785
"GALGAL_R03431.c123.linsi",353,0.0113536504162335
"GALGAL_R03432.c123.linsi",312,0.00304171671038133
"GALGAL_R03433.c123.linsi",280,0.00135439982616997
"GALGAL_R03434.c123.linsi",334,0.000922936656260059
"GALGAL_R03435.c123.linsi",354,0.00612414310957668
"GALGAL_R03436.c123.linsi",326,0.00264294936354027
"GALGAL_R03437.c123.linsi",349,0.00281028813326319
"GALGAL_R03438.c123.linsi",291,0.0123980297443184
"GALGAL_R03439.c123.linsi",297,0.0173999040192528
"GALGAL_R03440.c123.linsi",291,0.00182719222570129
"GALGAL_R03441.c123.linsi",321,0.0013906109095637
"GALGAL_R03442.c123.linsi",347,0.00294497831546184
"GALGAL_R03443.c123.linsi",348,0.00227807434179378
"GALGAL_R03444.c123.linsi",247,0.00506912924222323
"GALGAL_R03445.c123.linsi",249,0.00230836734162005
"GALGAL_R03446.c123.linsi",355,0.00891382912347477
"GALGAL_R03447.c123.linsi",342,0.00967592521120575
"GALGAL_R03448.c123.linsi",354,0.00568974372099091
"GALGAL_R03449.c123.linsi",302,0.0275583997993163
"GALGAL_R03450.c123.linsi",320,0.00387084936731618
"GALGAL_R03451.c123.linsi",304,0.0032835027338751
"GALGAL_R03452.c123.linsi",350,0.00435950437298984
"GALGAL_R03453.c123.linsi",346,0.00475640174547262
"GALGAL_R03454.c123.linsi",339,0.0278732718692114
"GALGAL_R03455.c123.linsi",109,0.0168352743813463
"GALGAL_R03456.c123.linsi",319,0.00707221487486778
"GALGAL_R03457.c123.linsi",345,0.00371169705865344
"GALGAL_R03458.c123.linsi",314,0.00353370812077326
"GALGAL_R03459.c123.linsi",266,0.00191839639360108
"GALGAL_R03460.c123.linsi",289,0.00147733198076803
"GALGAL_R03461.c123.linsi",301,0.000856681175522008
"GALGAL_R03462.c123.linsi",209,0.00205422444096479
"GALGAL_R03463.c123.linsi",214,0.0799390944874632
"GALGAL_R03464.c123.linsi",325,0.00789446860816914
"GALGAL_R03465.c123.linsi",231,0.00177038907679051
"GALGAL_R03466.c123.linsi",327,0.00246350734175741
"GALGAL_R03467.c123.linsi",350,0.0120216283132302
"GALGAL_R03468.c123.linsi",282,0.00439248141434218
"GALGAL_R03469.c123.linsi",311,0.00260138894676007
"GALGAL_R03470.c123.linsi",287,0.00296332650926556
"GALGAL_R03471.c123.linsi",301,0.0127707077388782
"GALGAL_R03472.c123.linsi",272,0.00175831502908215
"GALGAL_R03476.c123.linsi",267,0.0218795779888197
"GALGAL_R03477.c123.linsi",334,0.00819274838805567
"GALGAL_R03478.c123.linsi",190,0.0155314795488466
"GALGAL_R03479.c123.linsi",350,0.0320400290309572
"GALGAL_R03480.c123.linsi",344,0.00752065808164768
"GALGAL_R03481.c123.linsi",167,0.00508064380356588
"GALGAL_R03482.c123.linsi",321,0.00440423658346023
"GALGAL_R03483.c123.linsi",304,0.00416992647936985
"GALGAL_R03484.c123.linsi",347,0.00283644846705108
"GALGAL_R03485.c123.linsi",329,0.00218826211292994
"GALGAL_R03486.c123.linsi",350,0.00160572712703408
"GALGAL_R03487.c123.linsi",295,0.00499174975757647
"GALGAL_R03488.c123.linsi",339,0.0028930811430622
"GALGAL_R03489.c123.linsi",349,0.00296320716136958
"GALGAL_R03490.c123.linsi",348,0.00396257791884759
"GALGAL_R03491.c123.linsi",335,0.00191641523539763
"GALGAL_R03492.c123.linsi",299,0.00757683323183304
"GALGAL_R03493.c123.linsi",9,0.0213134494799587
"GALGAL_R03494.c123.linsi",351,0.00718898881774387
"GALGAL_R03495.c123.linsi",348,0.0109140272648775
"GALGAL_R03496.c123.linsi",205,0.0147525328903017
"GALGAL_R03497.c123.linsi",231,0.0107392005904537
"GALGAL_R03498.c123.linsi",275,0.00199002793239157
"GALGAL_R03499.c123.linsi",348,0.00897398348211836
"GALGAL_R03500.c123.linsi",333,0.00572799122289269
"GALGAL_R03501.c123.linsi",345,0.00290439808052132
"GALGAL_R03502.c123.linsi",88,0.00490360123033275
"GALGAL_R03503.c123.linsi",352,0.0139990603093376
"GALGAL_R03504.c123.linsi",330,0.00775636932150021
"GALGAL_R03505.c123.linsi",348,0.00928828151873707
"GALGAL_R03506.c123.linsi",354,0.00466447143975699
"GALGAL_R03507.c123.linsi",351,0.00902687653654839
"GALGAL_R03508.c123.linsi",352,0.0283801695247832
"GALGAL_R03509.c123.linsi",356,0.00778357767172252
"GALGAL_R03510.c123.linsi",337,0.00248788288888958
"GALGAL_R03511.c123.linsi",311,0.0240094697974541
"GALGAL_R03512.c123.linsi",286,0.00292180767435438
"GALGAL_R03513.c123.linsi",351,0.00365572333968536
"GALGAL_R03514.c123.linsi",344,0.00249806901796448
"GALGAL_R03515.c123.linsi",352,0.014063088368749
"GALGAL_R03516.c123.linsi",343,0.00422682117140933
"GALGAL_R03517.c123.linsi",326,0.00224893209920123
"GALGAL_R03518.c123.linsi",284,0.00441097522884113
"GALGAL_R03519.c123.linsi",319,0.00280308365415301
"GALGAL_R03520.c123.linsi",329,0.0103294765839668
"GALGAL_R03521.c123.linsi",301,0.00243082048853897
"GALGAL_R03522.c123.linsi",282,0.00197910611344327
"GALGAL_R03523.c123.linsi",346,0.00411226709821188
"GALGAL_R03524.c123.linsi",303,0.00263979417758281
"GALGAL_R03525.c123.linsi",330,0.00666681203421138
"GALGAL_R03526.c123.linsi",217,0.00633168008597297
"GALGAL_R03527.c123.linsi",340,0.00438336744349795
"GALGAL_R03528.c123.linsi",347,0.00480339312831925
"GALGAL_R03529.c123.linsi",330,0.00207992345291344
"GALGAL_R03530.c123.linsi",328,0.00480898096437511
"GALGAL_R03531.c123.linsi",212,0.00290526900794174
"GALGAL_R03532.c123.linsi",260,0.00273537298995931
"GALGAL_R03533.c123.linsi",321,0.002935636590129
"GALGAL_R03534.c123.linsi",323,0.00205781448973928
"GALGAL_R03535.c123.linsi",306,0.00271261401383014
"GALGAL_R03536.c123.linsi",344,0.0263797326111166
"GALGAL_R03537.c123.linsi",228,0.00333352536202815
"GALGAL_R03538.c123.linsi",310,0.00357483318708923
"GALGAL_R03539.c123.linsi",305,0.00218256749876226
"GALGAL_R03540.c123.linsi",335,0.0181348266477989
"GALGAL_R03541.c123.linsi",295,0.0020435486191644
"GALGAL_R03542.c123.linsi",292,0.0142545012356998
"GALGAL_R03543.c123.linsi",262,0.00186185255696242
"GALGAL_R03544.c123.linsi",275,0.00676098516660182
"GALGAL_R03545.c123.linsi",125,0.0173909654709318
"GALGAL_R03546.c123.linsi",296,0.00191680961733231
"GALGAL_R03547.c123.linsi",287,0.0018530853542549
"GALGAL_R03548.c123.linsi",284,0.00526530832856687
"GALGAL_R03549.c123.linsi",312,0.00953396744792499
"GALGAL_R03550.c123.linsi",339,0.00594138261126261
"GALGAL_R03551.c123.linsi",331,0.000821458428130925
"GALGAL_R03552.c123.linsi",243,0.00520467424478909
"GALGAL_R03553.c123.linsi",279,0.003728314949089
"GALGAL_R03554.c123.linsi",350,0.00165912850119145
"GALGAL_R03555.c123.linsi",278,0.00119524714002714
"GALGAL_R03556.c123.linsi",299,0.00135549837490011
"GALGAL_R03557.c123.linsi",308,0.00126677110023811
"GALGAL_R03558.c123.linsi",345,0.00446768449431573
"GALGAL_R03559.c123.linsi",320,0.00222460181272635
"GALGAL_R03560.c123.linsi",274,0.0075278129663365
"GALGAL_R03561.c123.linsi",312,0.00284271841306879
"GALGAL_R03562.c123.linsi",327,0.00387059136807962
"GALGAL_R03563.c123.linsi",331,0.011715184425744
"GALGAL_R03564.c123.linsi",297,0.00793387263519602
"GALGAL_R03565.c123.linsi",271,0.00172432794996164
"GALGAL_R03566.c123.linsi",316,0.00296799911866842
"GALGAL_R03567.c123.linsi",307,0.00871444355412422
"GALGAL_R03568.c123.linsi",285,0.00964044632695715
"GALGAL_R03569.c123.linsi",237,0.000766665682903395
"GALGAL_R03570.c123.linsi",299,0.00415359894825208
"GALGAL_R03571.c123.linsi",245,0.0133940948486155
"GALGAL_R03572.c123.linsi",268,0.00784992589467715
"GALGAL_R03573.c123.linsi",353,0.00447714844389324
"GALGAL_R03574.c123.linsi",256,0.00635619843794026
"GALGAL_R03575.c123.linsi",345,0.0061952165027202
"GALGAL_R03576.c123.linsi",321,0.00208924769172328
"GALGAL_R03577.c123.linsi",149,0.00990210683567807
"GALGAL_R03578.c123.linsi",314,0.00152657552131834
"GALGAL_R03580.c123.linsi",343,0.019253854646213
"GALGAL_R03581.c123.linsi",247,0.0310559883587584
"GALGAL_R03582.c123.linsi",336,0.0590534513903593
"GALGAL_R03583.c123.linsi",283,0.0373559171268074
"GALGAL_R03584.c123.linsi",349,0.0622939653562966
"GALGAL_R03585.c123.linsi",331,0.0490774764201422
"GALGAL_R03586.c123.linsi",332,0.0389991795164009
"GALGAL_R03589.c123.linsi",5,0.00662077694489868
"GALGAL_R03591.c123.linsi",346,0.0119402062244016
"GALGAL_R03592.c123.linsi",195,0.0140577994468445
"GALGAL_R03593.c123.linsi",358,0.0164379185028899
"GALGAL_R03594.c123.linsi",311,0.0550815457185143
"GALGAL_R03595.c123.linsi",344,0.00545313282316546
"GALGAL_R03596.c123.linsi",312,0.0228358550815026
"GALGAL_R03597.c123.linsi",258,0.000533694539939544
"GALGAL_R03598.c123.linsi",323,0.0274057001808085
"GALGAL_R03599.c123.linsi",337,0.00194687301550644
"GALGAL_R03600.c123.linsi",327,0.00765588258725398
"GALGAL_R03601.c123.linsi",354,0.00716559961089698
"GALGAL_R03602.c123.linsi",352,0.00565361943664556
"GALGAL_R03605.c123.linsi",67,0.023051440250788
"GALGAL_R03606.c123.linsi",57,0.0338941544521577
"GALGAL_R03607.c123.linsi",333,0.0191878768956951
"GALGAL_R03608.c123.linsi",267,0.0371921679958639
"GALGAL_R03609.c123.linsi",316,0.0442073383802199
"GALGAL_R03610.c123.linsi",362,0.00193733647290343
"GALGAL_R03611.c123.linsi",321,0.0510455237185069
"GALGAL_R03612.c123.linsi",308,0.00679160934672036
"GALGAL_R03613.c123.linsi",355,0.0091300586865951
"GALGAL_R03614.c123.linsi",337,0.0225114074001386
"GALGAL_R03615.c123.linsi",230,0.00811857725074342
"GALGAL_R03616.c123.linsi",12,0.0273245681843986
"GALGAL_R03617.c123.linsi",238,0.0589970037484625
"GALGAL_R03618.c123.linsi",80,0.0140474256272012
"GALGAL_R03619.c123.linsi",54,0.0249603821712443
"GALGAL_R03620.c123.linsi",13,0.0208157820758509
"GALGAL_R03621.c123.linsi",197,0.0219377545481145
"GALGAL_R03622.c123.linsi",349,0.00714645509895502
"GALGAL_R03623.c123.linsi",344,0.00633275933214906
"GALGAL_R03624.c123.linsi",142,0.0350563704199765
"GALGAL_R03625.c123.linsi",355,0.00907496355532508
"GALGAL_R03626.c123.linsi",325,0.0286812802851117
"GALGAL_R03627.c123.linsi",354,0.0061457617195983
"GALGAL_R03628.c123.linsi",134,0.00777860338109247
"GALGAL_R03629.c123.linsi",359,0.00843818499920138
"GALGAL_R03630.c123.linsi",335,0.00899947853745253
"GALGAL_R03631.c123.linsi",336,0.0111573695625523
"GALGAL_R03632.c123.linsi",307,0.000989404912338553
"GALGAL_R03633.c123.linsi",356,0.00621298310571149
"GALGAL_R03634.c123.linsi",285,0.00258800689190892
"GALGAL_R03635.c123.linsi",51,0.0358707436718466
"GALGAL_R03636.c123.linsi",345,0.00437768646621234
"GALGAL_R03637.c123.linsi",99,0.0015254837579088
"GALGAL_R03638.c123.linsi",356,0.00498373902078924
"GALGAL_R03639.c123.linsi",363,0.00834839594663682
"GALGAL_R03640.c123.linsi",356,0.00547094337306988
"GALGAL_R03641.c123.linsi",359,0.00451328830139267
"GALGAL_R03642.c123.linsi",31,0.0121742142235803
"GALGAL_R03643.c123.linsi",348,0.0305775347128975
"GALGAL_R03644.c123.linsi",41,0.0146651761307557
"GALGAL_R03645.c123.linsi",350,0.00749134606876195
"GALGAL_R03646.c123.linsi",316,0.00219694595654698
"GALGAL_R03647.c123.linsi",330,0.00612263233133727
"GALGAL_R03648.c123.linsi",309,0.00583017183271901
"GALGAL_R03649.c123.linsi",361,0.0113491326927699
"GALGAL_R03650.c123.linsi",356,0.00525692783382296
"GALGAL_R03651.c123.linsi",347,0.00550231384014014
"GALGAL_R03652.c123.linsi",19,0.0870249788967813
"GALGAL_R03653.c123.linsi",338,0.00871255593995881
"GALGAL_R03654.c123.linsi",339,0.00731581929531319
"GALGAL_R03657.c123.linsi",269,0.00254839889164475
"GALGAL_R03658.c123.linsi",356,0.0487221934469876
"GALGAL_R03659.c123.linsi",309,0.0057445597251726
"GALGAL_R03660.c123.linsi",324,0.00491012855676245
"GALGAL_R03661.c123.linsi",358,0.00199874743639477
"GALGAL_R03662.c123.linsi",340,0.00521414169661588
"GALGAL_R03663.c123.linsi",325,0.00377336342956902
"GALGAL_R03664.c123.linsi",330,0.00952521300572117
"GALGAL_R03665.c123.linsi",298,0.00293785767979915
"GALGAL_R03666.c123.linsi",315,0.00389989373260614
"GALGAL_R03667.c123.linsi",337,0.00206367805157264
"GALGAL_R03669.c123.linsi",361,0.00708970453064642
"GALGAL_R03670.c123.linsi",163,0.00242128710104701
"GALGAL_R03671.c123.linsi",162,0.00464704813144145
"GALGAL_R03672.c123.linsi",355,0.00222728139713785
"GALGAL_R03673.c123.linsi",357,0.00671275897426298
"GALGAL_R03674.c123.linsi",308,0.00339041463495687
"GALGAL_R03675.c123.linsi",358,0.00467583429922319
"GALGAL_R03676.c123.linsi",349,0.00572303906973331
"GALGAL_R03677.c123.linsi",359,0.00956354479561389
"GALGAL_R03678.c123.linsi",38,0.00485344212508912
"GALGAL_R03679.c123.linsi",350,0.0039193012516995
"GALGAL_R03680.c123.linsi",361,0.0147806673575104
"GALGAL_R03681.c123.linsi",355,0.00964901970870805
"GALGAL_R03682.c123.linsi",361,0.00764303394876659
"GALGAL_R03683.c123.linsi",352,0.00793107716368886
"GALGAL_R03684.c123.linsi",354,0.0101419326629407
"GALGAL_R03685.c123.linsi",358,0.00526617394458173
"GALGAL_R03686.c123.linsi",317,0.00516963034866031
"GALGAL_R03687.c123.linsi",360,0.00705965443593348
"GALGAL_R03688.c123.linsi",360,0.00481380172877375
"GALGAL_R03692.c123.linsi",345,0.00366336423818594
"GALGAL_R03693.c123.linsi",344,0.00497018630198304
"GALGAL_R03694.c123.linsi",298,0.0223150103945422
"GALGAL_R03695.c123.linsi",353,0.0148100602027781
"GALGAL_R03696.c123.linsi",352,0.00419460018364854
"GALGAL_R03697.c123.linsi",353,0.0061139760023889
"GALGAL_R03698.c123.linsi",362,0.0110761890150114
"GALGAL_R03699.c123.linsi",167,0.00386807562107615
"GALGAL_R03700.c123.linsi",354,0.0216738071639009
"GALGAL_R03701.c123.linsi",231,0.00211405631671089
"GALGAL_R03702.c123.linsi",341,0.015356680617661
"GALGAL_R03703.c123.linsi",315,0.00449982357870983
"GALGAL_R03704.c123.linsi",301,0.043776656140943
"GALGAL_R03705.c123.linsi",255,0.00291151314881184
"GALGAL_R03706.c123.linsi",195,0.00368236502535462
"GALGAL_R03707.c123.linsi",288,0.00741678249654638
"GALGAL_R03708.c123.linsi",334,0.0142227531892728
"GALGAL_R03709.c123.linsi",339,0.0125024796360068
"GALGAL_R03710.c123.linsi",337,0.00576249558142296
"GALGAL_R03711.c123.linsi",355,0.00951896610717188
"GALGAL_R03712.c123.linsi",342,0.00572858038542518
"GALGAL_R03713.c123.linsi",357,0.00273716199816867
"GALGAL_R03714.c123.linsi",347,0.0384491205873292
"GALGAL_R03715.c123.linsi",177,0.00499526116699641
"GALGAL_R03716.c123.linsi",359,0.00178881538754446
"GALGAL_R03717.c123.linsi",359,0.00346439975785575
"GALGAL_R03718.c123.linsi",360,0.0116021129171646
"GALGAL_R03719.c123.linsi",362,0.0095695308900129
"GALGAL_R03720.c123.linsi",352,0.00386599900377961
"GALGAL_R03721.c123.linsi",8,0.0227458536964287
"GALGAL_R03722.c123.linsi",349,0.0123556314848474
"GALGAL_R03723.c123.linsi",357,0.00738618730063628
"GALGAL_R03724.c123.linsi",350,0.00466640932297403
"GALGAL_R03725.c123.linsi",344,0.00996695259105742
"GALGAL_R03726.c123.linsi",42,0.00243678547758604
"GALGAL_R03727.c123.linsi",106,0.0034679007831966
"GALGAL_R03728.c123.linsi",354,0.0123077406758115
"GALGAL_R03729.c123.linsi",329,0.00127821795194459
"GALGAL_R03730.c123.linsi",339,0.0133908384120454
"GALGAL_R03731.c123.linsi",318,0.00380298128680894
"GALGAL_R03732.c123.linsi",8,0.04160926327474
"GALGAL_R03733.c123.linsi",5,0.00714967854614444
"GALGAL_R03734.c123.linsi",314,0.00199965586160414
"GALGAL_R03735.c123.linsi",358,0.0148423266749019
"GALGAL_R03736.c123.linsi",359,0.0093856014983938
"GALGAL_R03737.c123.linsi",355,0.0146831682415252
"GALGAL_R03738.c123.linsi",352,0.00299930613303181
"GALGAL_R03739.c123.linsi",344,0.00617060854262108
"GALGAL_R03740.c123.linsi",132,0.0065582546260875
"GALGAL_R03741.c123.linsi",356,0.00296195304884536
"GALGAL_R03742.c123.linsi",350,0.00799902353473667
"GALGAL_R03743.c123.linsi",6,0.0112078197878902
"GALGAL_R03744.c123.linsi",350,0.0109898745542816
"GALGAL_R03745.c123.linsi",260,0.00564055329691075
"GALGAL_R03746.c123.linsi",325,0.00254846115411132
"GALGAL_R03747.c123.linsi",347,0.0153120291309202
"GALGAL_R03748.c123.linsi",362,0.0134539503326205
"GALGAL_R03749.c123.linsi",351,0.0256464652975426
"GALGAL_R03750.c123.linsi",312,0.00201950886159754
"GALGAL_R03751.c123.linsi",357,0.00455475445473026
"GALGAL_R03752.c123.linsi",316,0.00187332531398912
"GALGAL_R03753.c123.linsi",274,0.00140733424943422
"GALGAL_R03754.c123.linsi",317,0.00245277241459838
"GALGAL_R03755.c123.linsi",339,0.00347621780657277
"GALGAL_R03756.c123.linsi",348,0.00313745874080127
"GALGAL_R03757.c123.linsi",361,0.00582059038074039
"GALGAL_R03758.c123.linsi",115,0.00154724804078417
"GALGAL_R03759.c123.linsi",352,0.005636023875952
"GALGAL_R03760.c123.linsi",254,0.00215285010451701
"GALGAL_R03761.c123.linsi",272,0.0130274383033791
"GALGAL_R03762.c123.linsi",355,0.0144670544711067
"GALGAL_R03763.c123.linsi",132,0.00562075969073424
"GALGAL_R03764.c123.linsi",358,0.00975695389633316
"GALGAL_R03765.c123.linsi",330,0.0053850714599923
"GALGAL_R03766.c123.linsi",144,0.0371045946864399
"GALGAL_R03767.c123.linsi",314,0.0118664620927898
"GALGAL_R03768.c123.linsi",300,0.0092948284623972
"GALGAL_R03769.c123.linsi",358,0.00309641933041833
"GALGAL_R03770.c123.linsi",358,0.00323351565223639
"GALGAL_R03771.c123.linsi",12,0.00989836110305316
"GALGAL_R03772.c123.linsi",43,0.00140365236404113
"GALGAL_R03773.c123.linsi",158,0.0034806123751842
"GALGAL_R03774.c123.linsi",309,0.00342938444862779
"GALGAL_R03775.c123.linsi",358,0.00372562398485368
"GALGAL_R03777.c123.linsi",361,0.00239461568640872
"GALGAL_R03778.c123.linsi",316,0.0107075370973027
"GALGAL_R03779.c123.linsi",298,0.00847994112668797
"GALGAL_R03780.c123.linsi",343,0.00363178792432863
"GALGAL_R03781.c123.linsi",315,0.00197595197139074
"GALGAL_R03782.c123.linsi",339,0.00246364622024347
"GALGAL_R03783.c123.linsi",316,0.0068379829438491
"GALGAL_R03784.c123.linsi",356,0.005118831251851
"GALGAL_R03785.c123.linsi",350,0.00375496849388353
"GALGAL_R03786.c123.linsi",348,0.00127307955105207
"GALGAL_R03787.c123.linsi",26,0.00976150291997683
"GALGAL_R03788.c123.linsi",332,0.00715125959122986
"GALGAL_R03789.c123.linsi",334,0.00479291208506148
"GALGAL_R03790.c123.linsi",345,0.00937630621792538
"GALGAL_R03791.c123.linsi",340,0.00288781118572707
"GALGAL_R03792.c123.linsi",358,0.0371462752867323
"GALGAL_R03793.c123.linsi",358,0.0093793601454939
"GALGAL_R03794.c123.linsi",363,0.0130216386096159
"GALGAL_R03795.c123.linsi",347,0.00791811246964315
"GALGAL_R03796.c123.linsi",235,0.00692559478616115
"GALGAL_R03797.c123.linsi",353,0.00800061967052873
"GALGAL_R03798.c123.linsi",8,0.029556382256406
"GALGAL_R03799.c123.linsi",336,0.00549584739147595
"GALGAL_R03800.c123.linsi",332,0.00246618730036309
"GALGAL_R03801.c123.linsi",361,0.00541516797246009
"GALGAL_R03802.c123.linsi",355,0.0170745527572809
"GALGAL_R03803.c123.linsi",47,0.00221988057238019
"GALGAL_R03804.c123.linsi",314,0.00101044448237235
"GALGAL_R03805.c123.linsi",346,0.00230230800818758
"GALGAL_R03806.c123.linsi",361,0.0080906575270293
"GALGAL_R03807.c123.linsi",9,0.016951177562785
"GALGAL_R03808.c123.linsi",346,0.00398599400743551
"GALGAL_R03809.c123.linsi",358,0.0123526194021269
"GALGAL_R03810.c123.linsi",357,0.00373788959604945
"GALGAL_R03811.c123.linsi",340,0.0069046607604705
"GALGAL_R03812.c123.linsi",26,0.0774927055341324
"GALGAL_R03813.c123.linsi",356,0.00622959937596732
"GALGAL_R03814.c123.linsi",358,0.0235130382914238
"GALGAL_R03815.c123.linsi",346,0.0076696939756252
"GALGAL_R03816.c123.linsi",359,0.0241394077960198
"GALGAL_R03817.c123.linsi",362,0.00395884738100682
"GALGAL_R03818.c123.linsi",177,0.00811248221738473
"GALGAL_R03819.c123.linsi",354,0.00575893694356155
"GALGAL_R03820.c123.linsi",5,0.0219082047142357
"GALGAL_R03821.c123.linsi",223,0.0541947834776619
"GALGAL_R03824.c123.linsi",358,0.00908963587325452
"GALGAL_R03825.c123.linsi",355,0.00615632260799894
"GALGAL_R03826.c123.linsi",349,0.00309544549035576
"GALGAL_R03827.c123.linsi",7,0.0524799773672012
"GALGAL_R03828.c123.linsi",357,0.00884829659679763
"GALGAL_R03829.c123.linsi",11,0.0901644269639244
"GALGAL_R03830.c123.linsi",56,0.00104747312076282
"GALGAL_R03831.c123.linsi",8,0.0571329897090466
"GALGAL_R03832.c123.linsi",6,0.0124980475724778
"GALGAL_R03833.c123.linsi",5,0.0061071696083581
"GALGAL_R03835.c123.linsi",4,0.0125278923813559
"GALGAL_R03836.c123.linsi",34,0.0473768937546566
"GALGAL_R03837.c123.linsi",316,0.004196595010971
"GALGAL_R03838.c123.linsi",352,0.00686835967592625
"GALGAL_R03839.c123.linsi",351,0.00363386142310005
"GALGAL_R03840.c123.linsi",303,0.00616093988905477
"GALGAL_R03841.c123.linsi",357,0.00236629933379078
"GALGAL_R03842.c123.linsi",333,0.00118231512891917
"GALGAL_R03844.c123.linsi",345,0.00776530223813317
"GALGAL_R03845.c123.linsi",337,0.00253227762967158
"GALGAL_R03846.c123.linsi",12,0.0221229075644684
"GALGAL_R03847.c123.linsi",329,0.038976912915793
"GALGAL_R03850.c123.linsi",352,0.016983798619991
"GALGAL_R03851.c123.linsi",335,0.00769130635637009
"GALGAL_R03852.c123.linsi",186,0.0386625095850712
"GALGAL_R03853.c123.linsi",295,0.00323787110729848
"GALGAL_R03854.c123.linsi",156,0.0567099396319624
"GALGAL_R03855.c123.linsi",252,0.0964893709044756
"GALGAL_R03857.c123.linsi",220,0.0196712110991136
"GALGAL_R03859.c123.linsi",354,0.077076848847641
"GALGAL_R03861.c123.linsi",253,0.0216335184149462
"GALGAL_R03863.c123.linsi",210,0.00635755028593098
"GALGAL_R03864.c123.linsi",146,0.008191253563721
"GALGAL_R03865.c123.linsi",148,0.00956363440493185
"GALGAL_R03866.c123.linsi",5,0.0358818963872377
"GALGAL_R03867.c123.linsi",340,0.030629516602166
"GALGAL_R03868.c123.linsi",334,0.003318068837861
"GALGAL_R03869.c123.linsi",349,0.0212064422704952
"GALGAL_R03871.c123.linsi",49,0.00552288113168958
"GALGAL_R03872.c123.linsi",355,0.0144382579342702
"GALGAL_R03873.c123.linsi",8,0.00481251922470519
"GALGAL_R03874.c123.linsi",107,0.012174324871099
"GALGAL_R03875.c123.linsi",55,0.0220680778538048
"GALGAL_R03876.c123.linsi",351,0.00693308970995629
"GALGAL_R03877.c123.linsi",7,0.0263446943217796
"GALGAL_R03878.c123.linsi",37,0.00739846716013431
"GALGAL_R03879.c123.linsi",317,0.0112707306961788
"GALGAL_R03880.c123.linsi",354,0.0260993415628071
"GALGAL_R03881.c123.linsi",357,0.00444696805920218
"GALGAL_R03882.c123.linsi",331,0.00860560953364938
"GALGAL_R03883.c123.linsi",356,0.00437751190716286
"GALGAL_R03885.c123.linsi",288,0.00984086195394918
"GALGAL_R03886.c123.linsi",363,0.0113582335225424
"GALGAL_R03887.c123.linsi",361,0.00744409831343285
"GALGAL_R03888.c123.linsi",294,0.0123014962645309
"GALGAL_R03889.c123.linsi",290,0.0139975478722264
"GALGAL_R03890.c123.linsi",332,0.00419982676134427
"GALGAL_R03891.c123.linsi",280,0.016513408846363
"GALGAL_R03892.c123.linsi",356,0.00526780880563108
"GALGAL_R03893.c123.linsi",249,0.00549671869348091
"GALGAL_R03894.c123.linsi",352,0.003791527030523
"GALGAL_R03895.c123.linsi",297,0.0241814015130211
"GALGAL_R03896.c123.linsi",226,0.0135256198289256
"GALGAL_R03897.c123.linsi",337,0.0207116393701497
"GALGAL_R03898.c123.linsi",342,0.0198801417735611
"GALGAL_R03899.c123.linsi",302,0.021050913411367
"GALGAL_R03900.c123.linsi",59,0.0322427914346789
"GALGAL_R03901.c123.linsi",283,0.0163146096662234
"GALGAL_R03902.c123.linsi",249,0.0604752468089797
"GALGAL_R03903.c123.linsi",261,0.0341020755553089
"GALGAL_R03904.c123.linsi",355,0.00797541252293083
"GALGAL_R03905.c123.linsi",337,0.00777041351385823
"GALGAL_R03906.c123.linsi",349,0.0174091038755798
"GALGAL_R03907.c123.linsi",354,0.00776745720970149
"GALGAL_R03908.c123.linsi",285,0.00658145007456218
"GALGAL_R03909.c123.linsi",186,0.00053437918426487
"GALGAL_R03910.c123.linsi",310,0.00272462757943097
"GALGAL_R03911.c123.linsi",348,0.0408341701647818
"GALGAL_R03912.c123.linsi",360,0.00937976386118949
"GALGAL_R03913.c123.linsi",360,0.0032554637869972
"GALGAL_R03914.c123.linsi",307,0.00648154635210192
"GALGAL_R03915.c123.linsi",355,0.0103342297919635
"GALGAL_R03916.c123.linsi",326,0.0134721359022454
"GALGAL_R03917.c123.linsi",221,0.00475692148465179
"GALGAL_R03918.c123.linsi",326,0.0058007356752465
"GALGAL_R03919.c123.linsi",331,0.00147648369445311
"GALGAL_R03920.c123.linsi",350,0.00175495787848038
"GALGAL_R03921.c123.linsi",349,0.00142088703734505
"GALGAL_R03922.c123.linsi",360,0.00450444971918218
"GALGAL_R03923.c123.linsi",327,0.00280509935920154
"GALGAL_R03924.c123.linsi",354,0.00304294935225841
"GALGAL_R03925.c123.linsi",349,0.00321541671613552
"GALGAL_R03926.c123.linsi",356,0.00254227304611981
"GALGAL_R03927.c123.linsi",327,0.00373214305039667
"GALGAL_R03928.c123.linsi",346,0.00253355123388038
"GALGAL_R03929.c123.linsi",328,0.00656582278810515
"GALGAL_R03930.c123.linsi",277,0.00147412529363839
"GALGAL_R03931.c123.linsi",335,0.00412899320021144
"GALGAL_R03932.c123.linsi",339,0.00680387139605033
"GALGAL_R03933.c123.linsi",341,0.00696575162331155
"GALGAL_R03934.c123.linsi",306,0.0074024255394354
"GALGAL_R03935.c123.linsi",357,0.00643887680479301
"GALGAL_R03936.c123.linsi",354,0.013356907317933
"GALGAL_R03937.c123.linsi",358,0.00849325451566887
"GALGAL_R03938.c123.linsi",358,0.00713433534176105
"GALGAL_R03939.c123.linsi",353,0.00993840648653662
"GALGAL_R03940.c123.linsi",358,0.0156243997295307
"GALGAL_R03941.c123.linsi",347,0.00293429558529625
"GALGAL_R03942.c123.linsi",361,0.0159416189359485
"GALGAL_R03943.c123.linsi",233,0.0067465322455364
"GALGAL_R03944.c123.linsi",342,0.00933619548217521
"GALGAL_R03945.c123.linsi",353,0.00456073604613287
"GALGAL_R03946.c123.linsi",358,0.00578141442438401
"GALGAL_R03947.c123.linsi",179,0.0126859751363376
"GALGAL_R03948.c123.linsi",193,0.018536379820511
"GALGAL_R03949.c123.linsi",294,0.0393492298501844
"GALGAL_R03950.c123.linsi",359,0.00587732328006878
"GALGAL_R03951.c123.linsi",347,0.0040349234137817
"GALGAL_R03952.c123.linsi",327,0.00357820174279652
"GALGAL_R03953.c123.linsi",335,0.00352917866806547
"GALGAL_R03954.c123.linsi",337,0.00355826490186211
"GALGAL_R03955.c123.linsi",245,0.00781648057760424
"GALGAL_R03956.c123.linsi",349,0.00927822836118171
"GALGAL_R03957.c123.linsi",334,0.00894147183246685
"GALGAL_R03958.c123.linsi",320,0.0127889787492062
"GALGAL_R03959.c123.linsi",351,0.00526052436401939
"GALGAL_R03960.c123.linsi",360,0.00357709883044175
"GALGAL_R03961.c123.linsi",318,0.00631376481581542
"GALGAL_R03962.c123.linsi",347,0.00474801331477335
"GALGAL_R03963.c123.linsi",246,0.00645981613873552
"GALGAL_R03964.c123.linsi",207,0.00365761156553132
"GALGAL_R03965.c123.linsi",264,0.00208587747567537
"GALGAL_R03966.c123.linsi",320,0.00242917205699496
"GALGAL_R03967.c123.linsi",296,0.00537688009527129
"GALGAL_R03968.c123.linsi",338,0.00536899943960044
"GALGAL_R03969.c123.linsi",121,0.00830290051956873
"GALGAL_R03970.c123.linsi",349,0.0223376428541566
"GALGAL_R03971.c123.linsi",350,0.0360772640115861
"GALGAL_R03972.c123.linsi",341,0.00464147284869152
"GALGAL_R03973.c123.linsi",200,0.0128056013086834
"GALGAL_R03974.c123.linsi",333,0.00265827168764088
"GALGAL_R03975.c123.linsi",346,0.0142038445247275
"GALGAL_R03976.c123.linsi",353,0.0350527704880501
"GALGAL_R03977.c123.linsi",340,0.00188195939031826
"GALGAL_R03978.c123.linsi",349,0.0033035569369888
"GALGAL_R03979.c123.linsi",353,0.0516012453558421
"GALGAL_R03980.c123.linsi",358,0.00596271314050759
"GALGAL_R03981.c123.linsi",343,0.0026334383733442
"GALGAL_R03982.c123.linsi",350,0.00448859796322874
"GALGAL_R03983.c123.linsi",346,0.00137895200746073
"GALGAL_R03984.c123.linsi",321,0.00135101549867956
"GALGAL_R03985.c123.linsi",350,0.0170484881151121
"GALGAL_R03986.c123.linsi",361,0.00631993334619148
"GALGAL_R03987.c123.linsi",358,0.0113467344611341
"GALGAL_R03988.c123.linsi",352,0.017300458107371
"GALGAL_R03989.c123.linsi",341,0.00539131490392768
"GALGAL_R03990.c123.linsi",350,0.00223595012198408
"GALGAL_R03991.c123.linsi",357,0.00490185203079615
"GALGAL_R03993.c123.linsi",261,0.00670295762452181
"GALGAL_R03994.c123.linsi",326,0.00323378746097722
"GALGAL_R03995.c123.linsi",226,0.0256806265283609
"GALGAL_R03996.c123.linsi",361,0.0135841275800916
"GALGAL_R03997.c123.linsi",326,0.00479933971870068
"GALGAL_R03998.c123.linsi",328,0.00361918531404476
"GALGAL_R03999.c123.linsi",357,0.0184764789624254
"GALGAL_R04000.c123.linsi",43,0.00550661967877525
"GALGAL_R04001.c123.linsi",356,0.0056613086802742
"GALGAL_R04002.c123.linsi",355,0.00575311987039366
"GALGAL_R04003.c123.linsi",356,0.0087911026081828
"GALGAL_R04004.c123.linsi",237,0.0041164113380367
"GALGAL_R04005.c123.linsi",348,0.00351883100337515
"GALGAL_R04006.c123.linsi",352,0.01843067567502
"GALGAL_R04007.c123.linsi",355,0.0361771292755481
"GALGAL_R04008.c123.linsi",355,0.00254770242747362
"GALGAL_R04009.c123.linsi",357,0.00580926150434302
"GALGAL_R04010.c123.linsi",360,0.0239239965570251
"GALGAL_R04011.c123.linsi",360,0.00598452573820961
"GALGAL_R04012.c123.linsi",362,0.00551341045357241
"GALGAL_R04013.c123.linsi",313,0.00498423796372784
"GALGAL_R04014.c123.linsi",302,0.00679373819358686
"GALGAL_R04015.c123.linsi",323,0.0052967115162163
"GALGAL_R04016.c123.linsi",350,0.0134520664761986
"GALGAL_R04017.c123.linsi",357,0.00704363197248697
"GALGAL_R04018.c123.linsi",361,0.00687132193070085
"GALGAL_R04019.c123.linsi",335,0.00336637587269163
"GALGAL_R04020.c123.linsi",345,0.00300083509884988
"GALGAL_R04021.c123.linsi",352,0.0157613453288654
"GALGAL_R04022.c123.linsi",8,0.00615597611445308
"GALGAL_R04023.c123.linsi",332,0.00421501474764523
"GALGAL_R04024.c123.linsi",44,0.0481666646932941
"GALGAL_R04025.c123.linsi",333,0.00327939436498866
"GALGAL_R04026.c123.linsi",355,0.00362668323933196
"GALGAL_R04027.c123.linsi",340,0.00383963815476201
"GALGAL_R04028.c123.linsi",239,0.00134323482884409
"GALGAL_R04029.c123.linsi",339,0.00222111544643184
"GALGAL_R04030.c123.linsi",356,0.00641693552646731
"GALGAL_R04031.c123.linsi",358,0.00518735289729336
"GALGAL_R04032.c123.linsi",355,0.005635450007316
"GALGAL_R04033.c123.linsi",358,0.0109442578465665
"GALGAL_R04034.c123.linsi",358,0.00395566022601938
"GALGAL_R04035.c123.linsi",361,0.00541643863353908
"GALGAL_R04036.c123.linsi",358,0.00533732042209605
"GALGAL_R04037.c123.linsi",316,0.0107601282378047
"GALGAL_R04038.c123.linsi",352,0.00466253312313087
"GALGAL_R04039.c123.linsi",315,0.01646548592945
"GALGAL_R04040.c123.linsi",358,0.0148972887806678
"GALGAL_R04041.c123.linsi",326,0.00227640342491771
"GALGAL_R04042.c123.linsi",318,0.00704898241831189
"GALGAL_R04043.c123.linsi",313,0.00493038637849507
"GALGAL_R04044.c123.linsi",286,0.0124504020583462
"GALGAL_R04045.c123.linsi",320,0.00290975664917229
"GALGAL_R04046.c123.linsi",296,0.0085206818766533
"GALGAL_R04047.c123.linsi",346,0.0100825686998466
"GALGAL_R04048.c123.linsi",254,0.00154475432509612
"GALGAL_R04049.c123.linsi",362,0.004081606899623
"GALGAL_R04050.c123.linsi",346,0.00207240444293018
"GALGAL_R04051.c123.linsi",348,0.00214849603176711
"GALGAL_R04052.c123.linsi",301,0.00256711641199649
"GALGAL_R04053.c123.linsi",310,0.00933518551463298
"GALGAL_R04054.c123.linsi",350,0.00258660382916809
"GALGAL_R04055.c123.linsi",354,0.00421425365797391
"GALGAL_R04056.c123.linsi",352,0.0082585925105758
"GALGAL_R04057.c123.linsi",272,0.00687809441197068
"GALGAL_R04058.c123.linsi",343,0.00742510721218353
"GALGAL_R04059.c123.linsi",323,0.0128677046495271
"GALGAL_R04060.c123.linsi",315,0.00214942780683453
"GALGAL_R04061.c123.linsi",339,0.0205818397381486
"GALGAL_R04062.c123.linsi",360,0.00694292475532253
"GALGAL_R04063.c123.linsi",341,0.0115631794614965
"GALGAL_R04064.c123.linsi",327,0.00552263284697992
"GALGAL_R04065.c123.linsi",350,0.00417772440054945
"GALGAL_R04066.c123.linsi",351,0.00854244571056394
"GALGAL_R04067.c123.linsi",343,0.00127218612272821
"GALGAL_R04068.c123.linsi",354,0.0166238954984495
"GALGAL_R04069.c123.linsi",342,0.00375507555276156
"GALGAL_R04070.c123.linsi",353,0.00336934705725502
"GALGAL_R04071.c123.linsi",342,0.00445301087227981
"GALGAL_R04072.c123.linsi",321,0.00419580858647754
"GALGAL_R04073.c123.linsi",361,0.00694849274085613
"GALGAL_R04074.c123.linsi",300,0.00500199403270994
"GALGAL_R04075.c123.linsi",346,0.00361408733895736
"GALGAL_R04076.c123.linsi",334,0.0029257701994683
"GALGAL_R04077.c123.linsi",335,0.0139811814605684
"GALGAL_R04078.c123.linsi",356,0.00126035775814848
"GALGAL_R04079.c123.linsi",361,0.000916640537359937
"GALGAL_R04080.c123.linsi",354,0.00359039409376087
"GALGAL_R04081.c123.linsi",288,0.0314862673501509
"GALGAL_R04082.c123.linsi",330,0.00516745620529927
"GALGAL_R04083.c123.linsi",256,0.056787029204904
"GALGAL_R04084.c123.linsi",279,0.00473465509264697
"GALGAL_R04085.c123.linsi",356,0.00164070921913406
"GALGAL_R04086.c123.linsi",279,0.00216352180611741
"GALGAL_R04087.c123.linsi",356,0.0103486317595553
"GALGAL_R04088.c123.linsi",360,0.00693925556262926
"GALGAL_R04089.c123.linsi",353,0.00467705230936349
"GALGAL_R04090.c123.linsi",8,0.0152484448851335
"GALGAL_R04091.c123.linsi",360,0.00628913907097671
"GALGAL_R04092.c123.linsi",359,0.0100936281540819
"GALGAL_R04093.c123.linsi",344,0.0108028864794946
"GALGAL_R04094.c123.linsi",282,0.00953285260910585
"GALGAL_R04095.c123.linsi",354,0.0187926311854714
"GALGAL_R04096.c123.linsi",345,0.00491110616146234
"GALGAL_R04097.c123.linsi",339,0.0162622647340925
"GALGAL_R04098.c123.linsi",298,0.018608623738566
"GALGAL_R04099.c123.linsi",328,0.00534048829141387
"GALGAL_R04100.c123.linsi",339,0.00455892880930514
"GALGAL_R04101.c123.linsi",354,0.00362929463785557
"GALGAL_R04102.c123.linsi",355,0.00612169767359458
"GALGAL_R04103.c123.linsi",340,0.00516227420682398
"GALGAL_R04104.c123.linsi",344,0.00477308341668445
"GALGAL_R04105.c123.linsi",327,0.00932662434781145
"GALGAL_R04106.c123.linsi",334,0.0012405027325318
"GALGAL_R04107.c123.linsi",343,0.00194337257244629
"GALGAL_R04108.c123.linsi",353,0.00489285347184744
"GALGAL_R04109.c123.linsi",322,0.0052665614869162
"GALGAL_R04110.c123.linsi",354,0.0048853489456653
"GALGAL_R04111.c123.linsi",314,0.042533276251872
"GALGAL_R04112.c123.linsi",272,0.00194838135067198
"GALGAL_R04113.c123.linsi",351,0.00475546603839623
"GALGAL_R04114.c123.linsi",37,0.00180034811418723
"GALGAL_R04115.c123.linsi",280,0.00283186534881779
"GALGAL_R04116.c123.linsi",355,0.00426815890082688
"GALGAL_R04117.c123.linsi",328,0.00243277759346495
"GALGAL_R04118.c123.linsi",361,0.00438036617022643
"GALGAL_R04119.c123.linsi",352,0.00532392180385338
"GALGAL_R04120.c123.linsi",324,0.00790891667685123
"GALGAL_R04121.c123.linsi",324,0.00527779143274369
"GALGAL_R04122.c123.linsi",358,0.0129587807158576
"GALGAL_R04123.c123.linsi",360,0.0113217212111699
"GALGAL_R04124.c123.linsi",347,0.00574733311451793
"GALGAL_R04125.c123.linsi",351,0.00826533540434606
"GALGAL_R04126.c123.linsi",348,0.00852338683881629
"GALGAL_R04127.c123.linsi",352,0.00646094609796404
"GALGAL_R04128.c123.linsi",342,0.00178730603799033
"GALGAL_R04129.c123.linsi",327,0.00228496736317178
"GALGAL_R04130.c123.linsi",312,0.00344902850458709
"GALGAL_R04131.c123.linsi",285,0.00178553376211069
"GALGAL_R04132.c123.linsi",325,0.00566246035211933
"GALGAL_R04133.c123.linsi",354,0.00701270881496166
"GALGAL_R04134.c123.linsi",315,0.00896677622102877
"GALGAL_R04135.c123.linsi",357,0.0165815600330828
"GALGAL_R04136.c123.linsi",357,0.00706042247547623
"GALGAL_R04137.c123.linsi",330,0.023420411300505
"GALGAL_R04138.c123.linsi",311,0.00313913474581553
"GALGAL_R04139.c123.linsi",358,0.00394416787143571
"GALGAL_R04140.c123.linsi",355,0.002951684559816
"GALGAL_R04141.c123.linsi",344,0.00387370572431375
"GALGAL_R04142.c123.linsi",344,0.0025125026438697
"GALGAL_R04143.c123.linsi",341,0.00726617633982262
"GALGAL_R04144.c123.linsi",309,0.00174716454480777
"GALGAL_R04145.c123.linsi",335,0.00433013530802019
"GALGAL_R04146.c123.linsi",241,0.00202208305259311
"GALGAL_R04147.c123.linsi",115,0.00882572673035108
"GALGAL_R04148.c123.linsi",336,0.00228377504637539
"GALGAL_R04149.c123.linsi",342,0.00313069851927208
"GALGAL_R04150.c123.linsi",355,0.0197770857511928
"GALGAL_R04151.c123.linsi",351,0.00369219891893399
"GALGAL_R04152.c123.linsi",336,0.00186837663520878
"GALGAL_R04153.c123.linsi",351,0.00547561070921341
"GALGAL_R04154.c123.linsi",362,0.0142144338559111
"GALGAL_R04155.c123.linsi",340,0.00444506740396058
"GALGAL_R04156.c123.linsi",26,0.00690891190335897
"GALGAL_R04157.c123.linsi",278,0.00266960283563146
"GALGAL_R04158.c123.linsi",356,0.00476277606229559
"GALGAL_R04159.c123.linsi",349,0.0328171878110236
"GALGAL_R04160.c123.linsi",343,0.00219447330711961
"GALGAL_R04161.c123.linsi",325,0.0576070820611036
"GALGAL_R04162.c123.linsi",358,0.00722401108026227
"GALGAL_R04163.c123.linsi",356,0.0199681083387393
"GALGAL_R04164.c123.linsi",210,0.0017338641486119
"GALGAL_R04165.c123.linsi",334,0.00461000205262995
"GALGAL_R04166.c123.linsi",361,0.00728925894474738
"GALGAL_R04167.c123.linsi",345,0.004705693239879
"GALGAL_R04168.c123.linsi",360,0.00761141713228086
"GALGAL_R04169.c123.linsi",360,0.00335454988384293
"GALGAL_R04170.c123.linsi",341,0.00464352972967293
"GALGAL_R04171.c123.linsi",356,0.00673198911915714
"GALGAL_R04172.c123.linsi",354,0.00477939246355257
"GALGAL_R04173.c123.linsi",317,0.00655424993207486
"GALGAL_R04174.c123.linsi",252,0.0194630283181017
"GALGAL_R04175.c123.linsi",340,0.002357513147532
"GALGAL_R04176.c123.linsi",346,0.00449006482083718
"GALGAL_R04177.c123.linsi",362,0.00585403809139203
"GALGAL_R04178.c123.linsi",326,0.00901731082206204
"GALGAL_R04179.c123.linsi",270,0.0171071253171212
"GALGAL_R04180.c123.linsi",350,0.0257820417706521
"GALGAL_R04181.c123.linsi",343,0.0229515624943924
"GALGAL_R04182.c123.linsi",328,0.00406455279351565
"GALGAL_R04183.c123.linsi",342,0.00757724633921379
"GALGAL_R04184.c123.linsi",292,0.00548369526609803
"GALGAL_R04185.c123.linsi",205,0.0173777689797752
"GALGAL_R04186.c123.linsi",359,0.00829475995641436
"GALGAL_R04187.c123.linsi",358,0.00829433215768339
"GALGAL_R04188.c123.linsi",340,0.00604133182034665
"GALGAL_R04189.c123.linsi",351,0.00783281704656442
"GALGAL_R04190.c123.linsi",342,0.0076422963158089
"GALGAL_R04191.c123.linsi",348,0.00543798718494269
"GALGAL_R04192.c123.linsi",9,0.0169058452497451
"GALGAL_R04193.c123.linsi",13,0.0289535695881341
"GALGAL_R04194.c123.linsi",287,0.0499216417498991
"GALGAL_R04195.c123.linsi",278,0.00244608237818967
"GALGAL_R04196.c123.linsi",351,0.00768139689092734
"GALGAL_R04197.c123.linsi",350,0.00260890592310806
"GALGAL_R04198.c123.linsi",359,0.00477742444460939
"GALGAL_R04199.c123.linsi",360,0.00271068584841715
"GALGAL_R04200.c123.linsi",351,0.00590164598705844
"GALGAL_R04201.c123.linsi",277,0.018994045851636
"GALGAL_R04202.c123.linsi",337,0.00345866029619285
"GALGAL_R04203.c123.linsi",353,0.0042485324862504
"GALGAL_R04204.c123.linsi",292,0.00225706524960936
"GALGAL_R04205.c123.linsi",350,0.00337653207992397
"GALGAL_R04206.c123.linsi",358,0.00755185197559223
"GALGAL_R04207.c123.linsi",349,0.00215272551547146
"GALGAL_R04208.c123.linsi",359,0.00347806729795126
"GALGAL_R04209.c123.linsi",352,0.00720424964801459
"GALGAL_R04210.c123.linsi",357,0.0355157691033947
"GALGAL_R04211.c123.linsi",344,0.0154008061536078
"GALGAL_R04212.c123.linsi",360,0.0041447947443626
"GALGAL_R04213.c123.linsi",355,0.0263054742710657
"GALGAL_R04214.c123.linsi",164,0.0295459464429541
"GALGAL_R04215.c123.linsi",350,0.00877809873818604
"GALGAL_R04216.c123.linsi",346,0.0106778371662642
"GALGAL_R04217.c123.linsi",297,0.0298295497235044
"GALGAL_R04218.c123.linsi",349,0.00772228229459785
"GALGAL_R04219.c123.linsi",356,0.0070074562805367
"GALGAL_R04220.c123.linsi",356,0.00377238507026302
"GALGAL_R04221.c123.linsi",157,0.00500078449500007
"GALGAL_R04222.c123.linsi",354,0.0527111752100513
"GALGAL_R04223.c123.linsi",97,0.00608886627596096
"GALGAL_R04224.c123.linsi",309,0.00600101584263344
"GALGAL_R04225.c123.linsi",361,0.0164629439424622
"GALGAL_R04226.c123.linsi",348,0.00463622156467341
"GALGAL_R04227.c123.linsi",332,0.0028976987891413
"GALGAL_R04228.c123.linsi",339,0.00257272293481334
"GALGAL_R04229.c123.linsi",340,0.00373745602742986
"GALGAL_R04230.c123.linsi",188,0.00627381942576154
"GALGAL_R04231.c123.linsi",357,0.0155939341514454
"GALGAL_R04232.c123.linsi",228,0.00146333497150551
"GALGAL_R04233.c123.linsi",351,0.0109042960248833
"GALGAL_R04234.c123.linsi",189,0.0490476758977692
"GALGAL_R04235.c123.linsi",347,0.00304909305383676
"GALGAL_R04236.c123.linsi",335,0.00234901085676481
"GALGAL_R04237.c123.linsi",356,0.00484761318379504
"GALGAL_R04239.c123.linsi",168,0.0450749416216766
"GALGAL_R04240.c123.linsi",351,0.000458264165478987
"GALGAL_R04241.c123.linsi",273,0.0197857780035837
"GALGAL_R04242.c123.linsi",362,0.00839464162773138
"GALGAL_R04243.c123.linsi",349,0.0121745099411894
"GALGAL_R04248.c123.linsi",323,0.00972501129846956
"GALGAL_R04250.c123.linsi",355,0.00775110685855756
"GALGAL_R04251.c123.linsi",311,0.00598728037517471
"GALGAL_R04252.c123.linsi",28,0.0423265319413388
"GALGAL_R04253.c123.linsi",345,0.00653156438735451
"GALGAL_R04254.c123.linsi",356,0.0047537048324035
"GALGAL_R04255.c123.linsi",345,0.00987027943259546
"GALGAL_R04257.c123.linsi",335,0.00488677257231047
"GALGAL_R04258.c123.linsi",48,0.01965822457746
"GALGAL_R04259.c123.linsi",308,0.0115571416762961
"GALGAL_R04262.c123.linsi",334,0.00164649627814976
"GALGAL_R04263.c123.linsi",352,0.00524480440910906
"GALGAL_R04264.c123.linsi",355,0.00396653696671277
"GALGAL_R04265.c123.linsi",322,0.00726529993266831
"GALGAL_R04266.c123.linsi",309,0.00865976150205205
"GALGAL_R04267.c123.linsi",342,0.0354478292665752
"GALGAL_R04268.c123.linsi",343,0.015293045644967
"GALGAL_R04269.c123.linsi",341,0.0215043801815417
"GALGAL_R04270.c123.linsi",338,0.0321664913621076
"GALGAL_R04271.c123.linsi",130,0.00275736861598707
"GALGAL_R04272.c123.linsi",337,0.0070745520763352
"GALGAL_R04273.c123.linsi",315,0.0203670666629822
"GALGAL_R04274.c123.linsi",310,0.00564561160760274
"GALGAL_R04275.c123.linsi",360,0.00735103140436571
"GALGAL_R04276.c123.linsi",349,0.00699637684689669
"GALGAL_R04277.c123.linsi",357,0.0113204868617235
"GALGAL_R04278.c123.linsi",355,0.00564385095659673
"GALGAL_R04279.c123.linsi",354,0.00851828693015806
"GALGAL_R04280.c123.linsi",353,0.0342282008669819
"GALGAL_R04281.c123.linsi",152,0.00298932524737451
"GALGAL_R04282.c123.linsi",345,0.0136873699475913
"GALGAL_R04283.c123.linsi",360,0.00282404748085177
"GALGAL_R04284.c123.linsi",357,0.0015433004007324
"GALGAL_R04285.c123.linsi",332,0.00627570382665506
"GALGAL_R04286.c123.linsi",362,0.00344240044601492
"GALGAL_R04287.c123.linsi",63,0.015433146071282
"GALGAL_R04288.c123.linsi",351,0.00168930854247741
"GALGAL_R04289.c123.linsi",293,0.0279513580137468
"GALGAL_R04290.c123.linsi",240,0.02881320317819
"GALGAL_R04291.c123.linsi",336,0.0127268705081676
"GALGAL_R04292.c123.linsi",328,0.0122599015132673
"GALGAL_R04293.c123.linsi",330,0.0195549752092042
"GALGAL_R04294.c123.linsi",357,0.00898563303095017
"GALGAL_R04295.c123.linsi",334,0.0120282599510413
"GALGAL_R04296.c123.linsi",269,0.00739293763745581
"GALGAL_R04297.c123.linsi",307,0.00357633232693649
"GALGAL_R04298.c123.linsi",195,0.00122145090485988
"GALGAL_R04299.c123.linsi",339,0.00328675943847963
"GALGAL_R04300.c123.linsi",351,0.0147649699449106
"GALGAL_R04301.c123.linsi",346,0.0074476085019667
"GALGAL_R04302.c123.linsi",352,0.0278048818887978
"GALGAL_R04303.c123.linsi",325,0.0054997717589068
"GALGAL_R04304.c123.linsi",130,0.0170675082761333
"GALGAL_R04305.c123.linsi",359,0.0110891867121115
"GALGAL_R04307.c123.linsi",360,0.00731207547213879
"GALGAL_R04309.c123.linsi",345,0.0294273074369971
"GALGAL_R04310.c123.linsi",5,0.0324724770355895
"GALGAL_R04311.c123.linsi",11,0.0134022627983398
"GALGAL_R04312.c123.linsi",4,0.0116301676465803
"GALGAL_R04313.c123.linsi",320,0.0161362582255096
"GALGAL_R04314.c123.linsi",323,0.00369717850044092
"GALGAL_R04315.c123.linsi",356,0.0109460584335758
"GALGAL_R04316.c123.linsi",343,0.0344577439629861
"GALGAL_R04317.c123.linsi",361,0.00600235983974342
"GALGAL_R04318.c123.linsi",306,0.00981342133891131
"GALGAL_R04319.c123.linsi",313,0.0103576768385593
"GALGAL_R04321.c123.linsi",5,0.0139048257384774
"GALGAL_R04322.c123.linsi",330,0.0147896996107374
"GALGAL_R04323.c123.linsi",279,0.0171073576266278
"GALGAL_R04324.c123.linsi",346,0.136258513872756
"GALGAL_R04325.c123.linsi",41,0.00734407388799531
"GALGAL_R04326.c123.linsi",328,0.0159731736101791
"GALGAL_R04327.c123.linsi",349,0.0110589156760842
"GALGAL_R04328.c123.linsi",271,0.003872938322974
"GALGAL_R04329.c123.linsi",356,0.0111493300043337
"GALGAL_R04330.c123.linsi",56,0.0253619013946595
"GALGAL_R04331.c123.linsi",359,0.000931793018407733
"GALGAL_R04332.c123.linsi",341,0.00651830278815086
"GALGAL_R04333.c123.linsi",48,0.0156553050982269
"GALGAL_R04334.c123.linsi",6,0.0325729063188549
"GALGAL_R04335.c123.linsi",356,0.00882695537864187
"GALGAL_R04336.c123.linsi",354,0.0125282528241513
"GALGAL_R04337.c123.linsi",4,0.00264918872633043
"GALGAL_R04338.c123.linsi",355,0.0381069901650053
"GALGAL_R04339.c123.linsi",327,0.0106253698556581
"GALGAL_R04341.c123.linsi",275,0.00866753221840196
"GALGAL_R04342.c123.linsi",324,0.00407906776028043
"GALGAL_R04343.c123.linsi",357,0.0116223413931818
"GALGAL_R04344.c123.linsi",361,0.00843075066841689
"GALGAL_R04345.c123.linsi",352,0.00930744956626237
"GALGAL_R04346.c123.linsi",357,0.0264116140079125
"GALGAL_R04347.c123.linsi",329,0.0434837538573084
"GALGAL_R04348.c123.linsi",359,0.166315983156919
"GALGAL_R04349.c123.linsi",354,0.0233537516084961
"GALGAL_R04350.c123.linsi",343,0.059162965040103
"GALGAL_R04351.c123.linsi",300,0.0105607989756435
"GALGAL_R04352.c123.linsi",347,0.00960406049923905
"GALGAL_R04353.c123.linsi",320,0.00903917536734427
"GALGAL_R04354.c123.linsi",351,0.0070657426329194
"GALGAL_R04355.c123.linsi",359,0.0152945332694963
"GALGAL_R04356.c123.linsi",359,0.0171556071096381
"GALGAL_R04357.c123.linsi",340,0.00417001553819196
"GALGAL_R04358.c123.linsi",344,0.00244550983064148
"GALGAL_R04359.c123.linsi",354,0.00560260544601044
"GALGAL_R04360.c123.linsi",360,0.0081764118024851
"GALGAL_R04361.c123.linsi",344,0.0176280993027832
"GALGAL_R04362.c123.linsi",322,0.0129595847226012
"GALGAL_R04363.c123.linsi",358,0.00880372571344844
"GALGAL_R04364.c123.linsi",354,0.017648089451495
"GALGAL_R04365.c123.linsi",320,0.0172691653556998
"GALGAL_R04366.c123.linsi",356,0.00649232542881186
"GALGAL_R04367.c123.linsi",356,0.00398642505417508
"GALGAL_R04368.c123.linsi",309,0.00680258882613605
"GALGAL_R04369.c123.linsi",359,0.01295141260363
"GALGAL_R04370.c123.linsi",291,0.0037572309393739
"GALGAL_R04371.c123.linsi",351,0.00808805394628183
"GALGAL_R04372.c123.linsi",324,0.0221277071045647
"GALGAL_R04373.c123.linsi",351,0.0107255719179699
"GALGAL_R04374.c123.linsi",357,0.00256700738897788
"GALGAL_R04375.c123.linsi",346,0.00399968166394546
"GALGAL_R04376.c123.linsi",361,0.00592679853803827
"GALGAL_R04377.c123.linsi",343,0.0300901376066652
"GALGAL_R04378.c123.linsi",284,0.00510289284361104
"GALGAL_R04379.c123.linsi",347,0.00829669007502136
"GALGAL_R04380.c123.linsi",346,0.020591738462563
"GALGAL_R04381.c123.linsi",340,0.00390391524882997
"GALGAL_R04382.c123.linsi",355,0.00703802864210995
"GALGAL_R04383.c123.linsi",345,0.00253423387418577
"GALGAL_R04384.c123.linsi",356,0.00164395912010037
"GALGAL_R04385.c123.linsi",334,0.0121660289037289
"GALGAL_R04386.c123.linsi",350,0.00163504975062496
"GALGAL_R04387.c123.linsi",351,0.0103964805727195
"GALGAL_R04388.c123.linsi",360,0.00317017551491357
"GALGAL_R04389.c123.linsi",356,0.00284096837940863
"GALGAL_R04390.c123.linsi",321,0.00981465929315019
"GALGAL_R04391.c123.linsi",246,0.0299796823650666
"GALGAL_R04392.c123.linsi",355,0.0136699566247146
"GALGAL_R04393.c123.linsi",355,0.00668261480846294
"GALGAL_R04394.c123.linsi",327,0.00679664487501427
"GALGAL_R04395.c123.linsi",350,0.0028082434662642
"GALGAL_R04396.c123.linsi",350,0.0258586030017619
"GALGAL_R04397.c123.linsi",357,0.00650322347787801
"GALGAL_R04398.c123.linsi",361,0.0141452971636703
"GALGAL_R04399.c123.linsi",257,0.0128230921515629
"GALGAL_R04400.c123.linsi",352,0.00405154545790342
"GALGAL_R04401.c123.linsi",351,0.0133099086035272
"GALGAL_R04402.c123.linsi",359,0.00364385524985755
"GALGAL_R04403.c123.linsi",350,0.00604908061109053
"GALGAL_R04404.c123.linsi",354,0.0135354402497257
"GALGAL_R04405.c123.linsi",353,0.00342286791474246
"GALGAL_R04406.c123.linsi",347,0.00306355701503335
"GALGAL_R04407.c123.linsi",352,0.0324019796788979
"GALGAL_R04408.c123.linsi",289,0.00100909484530026
"GALGAL_R04409.c123.linsi",318,0.034228085604697
"GALGAL_R04410.c123.linsi",348,0.0393145707271321
"GALGAL_R04411.c123.linsi",355,0.0107146593889214
"GALGAL_R04412.c123.linsi",343,0.0262336775496525
"GALGAL_R04413.c123.linsi",326,0.00919647900254448
"GALGAL_R04414.c123.linsi",359,0.0180825915516122
"GALGAL_R04415.c123.linsi",359,0.0159687624678129
"GALGAL_R04416.c123.linsi",326,0.00762965556768128
"GALGAL_R04417.c123.linsi",348,0.00275925271464322
"GALGAL_R04418.c123.linsi",363,0.0182310821308814
"GALGAL_R04419.c123.linsi",335,0.00310002772925716
"GALGAL_R04420.c123.linsi",343,0.00219174713236364
"GALGAL_R04421.c123.linsi",343,0.00389826075938264
"GALGAL_R04422.c123.linsi",232,0.0305108706041587
"GALGAL_R04423.c123.linsi",353,0.0211310876450869
"GALGAL_R04424.c123.linsi",353,0.0038983530529699
"GALGAL_R04425.c123.linsi",354,0.011649139545992
"GALGAL_R04426.c123.linsi",354,0.00795083725430742
"GALGAL_R04427.c123.linsi",351,0.0228656175160212
"GALGAL_R04428.c123.linsi",358,0.0142869178976847
"GALGAL_R04429.c123.linsi",344,0.00551949098943866
"GALGAL_R04430.c123.linsi",341,0.0109753573512192
"GALGAL_R04431.c123.linsi",279,0.0355288171524209
"GALGAL_R04433.c123.linsi",300,0.0417118272710409
"GALGAL_R04434.c123.linsi",211,0.0034807213309741
"GALGAL_R04435.c123.linsi",351,0.0233948822491545
"GALGAL_R04436.c123.linsi",209,0.0203552145424198
"GALGAL_R04437.c123.linsi",335,0.0560146451839785
"GALGAL_R04438.c123.linsi",347,0.00708541137868123
"GALGAL_R04439.c123.linsi",354,0.00276655922906944
"GALGAL_R04440.c123.linsi",357,0.0040362770471545
"GALGAL_R04441.c123.linsi",356,0.00285617537359734
"GALGAL_R04442.c123.linsi",209,0.00586154390946959
"GALGAL_R04443.c123.linsi",350,0.00470814701480389
"GALGAL_R04444.c123.linsi",145,0.00230464743765772
"GALGAL_R04445.c123.linsi",345,0.00384155854553962
"GALGAL_R04446.c123.linsi",339,0.0104768495143782
"GALGAL_R04447.c123.linsi",335,0.0198079334331365
"GALGAL_R04448.c123.linsi",337,0.00755885733535141
"GALGAL_R04449.c123.linsi",337,0.0135231037472924
"GALGAL_R04450.c123.linsi",358,0.00862484850101549
"GALGAL_R04451.c123.linsi",351,0.0535442662659756
"GALGAL_R04452.c123.linsi",357,0.0198512862534614
"GALGAL_R04453.c123.linsi",350,0.0394393170390605
"GALGAL_R04454.c123.linsi",174,0.00457533955512372
"GALGAL_R04455.c123.linsi",357,0.00779205194349684
"GALGAL_R04456.c123.linsi",352,0.00506808385507862
"GALGAL_R04457.c123.linsi",350,0.0313890451100141
"GALGAL_R04458.c123.linsi",156,0.0156942282014601
"GALGAL_R04459.c123.linsi",360,0.0263077943239668
"GALGAL_R04460.c123.linsi",357,0.0414282763085706
"GALGAL_R04461.c123.linsi",349,0.0123676231660498
"GALGAL_R04462.c123.linsi",228,0.00598645861724982
"GALGAL_R04463.c123.linsi",362,0.0145433042373076
"GALGAL_R04464.c123.linsi",355,0.00303062399334857
"GALGAL_R04465.c123.linsi",354,0.00841069614567391
"GALGAL_R04466.c123.linsi",350,0.00953204346697776
"GALGAL_R04469.c123.linsi",355,0.00216725332450918
"GALGAL_R04470.c123.linsi",357,0.00406833335598749
"GALGAL_R04471.c123.linsi",359,0.00683006364816665
"GALGAL_R04472.c123.linsi",360,0.00641319767809254
"GALGAL_R04473.c123.linsi",348,0.00640755329987903
"GALGAL_R04474.c123.linsi",175,0.0075662009485744
"GALGAL_R04475.c123.linsi",358,0.0280454013264254
"GALGAL_R04476.c123.linsi",353,0.0139819421055464
"GALGAL_R04477.c123.linsi",334,0.00934310416600029
"GALGAL_R04478.c123.linsi",351,0.00536484142826812
"GALGAL_R04479.c123.linsi",184,0.038307001305979
"GALGAL_R04480.c123.linsi",314,0.00641238169181905
"GALGAL_R04483.c123.linsi",355,0.0575016416320752
"GALGAL_R04484.c123.linsi",354,0.00872208937812805
"GALGAL_R04485.c123.linsi",330,0.00531515735077584
"GALGAL_R04486.c123.linsi",360,0.00376677610707898
"GALGAL_R04487.c123.linsi",5,0.0127217985868599
"GALGAL_R04488.c123.linsi",345,0.00662822778036377
"GALGAL_R04489.c123.linsi",330,0.00582313258750859
"GALGAL_R04490.c123.linsi",353,0.0377422981117606
"GALGAL_R04491.c123.linsi",8,0.0285874853019656
"GALGAL_R04492.c123.linsi",13,0.0109790147892024
"GALGAL_R04493.c123.linsi",288,0.00533139286793476
"GALGAL_R04494.c123.linsi",4,0.0188446706861021
"GALGAL_R04495.c123.linsi",345,0.044642634836518
"GALGAL_R04496.c123.linsi",349,0.00409771240771075
"GALGAL_R04497.c123.linsi",355,0.0102913775577722
"GALGAL_R04498.c123.linsi",9,0.0185885764360263
"GALGAL_R04499.c123.linsi",344,0.00697275818054432
"GALGAL_R04500.c123.linsi",317,0.01072322098043
"GALGAL_R04501.c123.linsi",349,0.00956135993871706
"GALGAL_R04503.c123.linsi",6,0.020710623675512
"GALGAL_R04507.c123.linsi",325,0.00358963032670212
"GALGAL_R04508.c123.linsi",353,0.0125232994804583
"GALGAL_R04509.c123.linsi",324,0.00582350348809258
"GALGAL_R04512.c123.linsi",329,0.0114050860647897
"GALGAL_R04513.c123.linsi",22,0.0134808106134077
"GALGAL_R04514.c123.linsi",267,0.0172299432822055
"GALGAL_R04515.c123.linsi",77,0.0107346764828411
"GALGAL_R04516.c123.linsi",306,0.0112175653273874
"GALGAL_R04517.c123.linsi",350,0.00756686076125733
"GALGAL_R04518.c123.linsi",303,0.00422925678553802
"GALGAL_R04519.c123.linsi",330,0.00941374416745728
"GALGAL_R04520.c123.linsi",359,0.0120249967066415
"GALGAL_R04521.c123.linsi",360,0.00541041691996476
"GALGAL_R04522.c123.linsi",358,0.00197127013957577
"GALGAL_R04523.c123.linsi",354,0.00284462357771499
"GALGAL_R04524.c123.linsi",342,0.042118036120709
"GALGAL_R04525.c123.linsi",344,0.0239034611934122
"GALGAL_R04526.c123.linsi",358,0.0253908691804823
"GALGAL_R04527.c123.linsi",357,0.0319647119687281
"GALGAL_R04528.c123.linsi",264,0.0182483495488753
"GALGAL_R04529.c123.linsi",313,0.048838893267311
"GALGAL_R04530.c123.linsi",332,0.012117005058007
"GALGAL_R04531.c123.linsi",342,0.00616074544762064
"GALGAL_R04532.c123.linsi",337,0.0109462350151879
"GALGAL_R04533.c123.linsi",355,0.00680265284872349
"GALGAL_R04534.c123.linsi",359,0.00833627582757459
"GALGAL_R04535.c123.linsi",356,0.0159037952176664
"GALGAL_R04536.c123.linsi",347,0.00873219549757565
"GALGAL_R04537.c123.linsi",335,0.00940913967877551
"GALGAL_R04538.c123.linsi",360,0.00776476120979052
"GALGAL_R04539.c123.linsi",320,0.00546489427252304
"GALGAL_R04540.c123.linsi",358,0.00404295307482037
"GALGAL_R04541.c123.linsi",360,0.00525067210395022
"GALGAL_R04542.c123.linsi",31,0.0212051072588294
"GALGAL_R04543.c123.linsi",262,0.00268399851544885
"GALGAL_R04544.c123.linsi",358,0.00342834402599293
"GALGAL_R04545.c123.linsi",346,0.00436527537506902
"GALGAL_R04546.c123.linsi",348,0.00315199334558254
"GALGAL_R04547.c123.linsi",349,0.00390714612032696
"GALGAL_R04548.c123.linsi",359,0.00367109950817793
"GALGAL_R04549.c123.linsi",353,0.0174155691143167
"GALGAL_R04550.c123.linsi",353,0.00953611033448723
"GALGAL_R04551.c123.linsi",278,0.00490854673699616
"GALGAL_R04552.c123.linsi",348,0.0130289721544369
"GALGAL_R04553.c123.linsi",331,0.00652363949262117
"GALGAL_R04554.c123.linsi",362,0.00284410825198893
"GALGAL_R04555.c123.linsi",348,0.020765467284362
"GALGAL_R04556.c123.linsi",362,0.00531389564842822
"GALGAL_R04557.c123.linsi",356,0.0012761294350373
"GALGAL_R04558.c123.linsi",355,0.00938796568817843
"GALGAL_R04559.c123.linsi",346,0.000799889986661017
"GALGAL_R04560.c123.linsi",358,0.00349031723315896
"GALGAL_R04561.c123.linsi",362,0.00533978720881297
"GALGAL_R04562.c123.linsi",360,0.0110166804001457
"GALGAL_R04563.c123.linsi",355,0.00679332956596398
"GALGAL_R04564.c123.linsi",337,0.00840086443491198
"GALGAL_R04565.c123.linsi",356,0.0187327010361514
"GALGAL_R04566.c123.linsi",347,0.0123106990526491
"GALGAL_R04567.c123.linsi",359,0.00838373778037305
"GALGAL_R04568.c123.linsi",356,0.0109685035491907
"GALGAL_R04569.c123.linsi",363,0.00893519470663312
"GALGAL_R04570.c123.linsi",359,0.00744161894032357
"GALGAL_R04571.c123.linsi",348,0.00856659880990965
"GALGAL_R04572.c123.linsi",292,0.00599018055006382
"GALGAL_R04573.c123.linsi",355,0.0121113328862074
"GALGAL_R04574.c123.linsi",334,0.00648893435217025
"GALGAL_R04575.c123.linsi",358,0.0119027290673001
"GALGAL_R04576.c123.linsi",350,0.00233621043976174
"GALGAL_R04577.c123.linsi",358,0.0702069137134216
"GALGAL_R04578.c123.linsi",354,0.00962248160224335
"GALGAL_R04579.c123.linsi",357,0.0195804304523265
"GALGAL_R04580.c123.linsi",348,0.0409066142555524
"GALGAL_R04581.c123.linsi",340,0.00863731782248529
"GALGAL_R04582.c123.linsi",333,0.0168494805422448
"GALGAL_R04583.c123.linsi",283,0.00799098469334061
"GALGAL_R04584.c123.linsi",349,0.00711486477050309
"GALGAL_R04585.c123.linsi",186,0.00888086778808135
"GALGAL_R04586.c123.linsi",325,0.00673239334812954
"GALGAL_R04587.c123.linsi",356,0.00497627874354886
"GALGAL_R04588.c123.linsi",351,0.00906308345765932
"GALGAL_R04589.c123.linsi",351,0.0056560462414315
"GALGAL_R04590.c123.linsi",356,0.0150284809306963
"GALGAL_R04591.c123.linsi",165,0.00227120941031776
"GALGAL_R04592.c123.linsi",301,0.0222585276365669
"GALGAL_R04593.c123.linsi",345,0.00523165344276198
"GALGAL_R04594.c123.linsi",356,0.0110411415922314
"GALGAL_R04595.c123.linsi",8,0.0122609134686863
"GALGAL_R04596.c123.linsi",344,0.0135584324459433
"GALGAL_R04597.c123.linsi",343,0.00472329229682802
"GALGAL_R04598.c123.linsi",360,0.0035981912835386
"GALGAL_R04599.c123.linsi",359,0.00199584605926822
"GALGAL_R04600.c123.linsi",361,0.020257225657518
"GALGAL_R04601.c123.linsi",362,0.0100450569658486
"GALGAL_R04602.c123.linsi",359,0.0061060120191628
"GALGAL_R04603.c123.linsi",357,0.00625358608184882
"GALGAL_R04604.c123.linsi",358,0.00756835284313251
"GALGAL_R04606.c123.linsi",355,0.0115439572272851
"GALGAL_R04607.c123.linsi",353,0.0153614467061253
"GALGAL_R04608.c123.linsi",328,0.0236403705762284
"GALGAL_R04609.c123.linsi",267,0.0118443869470207
"GALGAL_R04610.c123.linsi",345,0.0185009500713807
"GALGAL_R04611.c123.linsi",336,0.00447339491453704
"GALGAL_R04612.c123.linsi",357,0.00583522847259592
"GALGAL_R04613.c123.linsi",360,0.00534003362209169
"GALGAL_R04614.c123.linsi",324,0.00793150903992563
"GALGAL_R04615.c123.linsi",150,0.0179859325199068
"GALGAL_R04616.c123.linsi",240,0.047366918482251
"GALGAL_R04617.c123.linsi",347,0.033866310117265
"GALGAL_R04618.c123.linsi",327,0.00378468021759893
"GALGAL_R04619.c123.linsi",319,0.0128783802860311
"GALGAL_R04620.c123.linsi",341,0.00409496455031954
"GALGAL_R04621.c123.linsi",308,0.00850785931452261
"GALGAL_R04622.c123.linsi",327,0.015558538922709
"GALGAL_R04623.c123.linsi",344,0.0136246360559334
"GALGAL_R04624.c123.linsi",289,0.0196265999863281
"GALGAL_R04625.c123.linsi",339,0.0210701028166285
"GALGAL_R04626.c123.linsi",353,0.00661789820773534
"GALGAL_R04627.c123.linsi",335,0.0110511887238692
"GALGAL_R04628.c123.linsi",356,0.0519785683917546
"GALGAL_R04629.c123.linsi",350,0.0112365259989744
"GALGAL_R04631.c123.linsi",92,0.0437355691882049
"GALGAL_R04632.c123.linsi",356,0.00334745307220588
"GALGAL_R04633.c123.linsi",338,0.00558405416942387
"GALGAL_R04634.c123.linsi",356,0.00579082268759569
"GALGAL_R04635.c123.linsi",357,0.00380670345100831
"GALGAL_R04636.c123.linsi",210,0.00607493755812448
"GALGAL_R04637.c123.linsi",352,0.00399679464970289
"GALGAL_R04638.c123.linsi",353,0.0167000112132376
"GALGAL_R04639.c123.linsi",359,0.0209780839599318
"GALGAL_R04640.c123.linsi",343,0.0175253998024821
"GALGAL_R04641.c123.linsi",33,0.00306300168677404
"GALGAL_R04642.c123.linsi",350,0.0144981620428673
"GALGAL_R04643.c123.linsi",359,0.00206408989223827
"GALGAL_R04644.c123.linsi",344,0.00818523745792553
"GALGAL_R04645.c123.linsi",351,0.00635713199581223
"GALGAL_R04646.c123.linsi",358,0.0096823315101165
"GALGAL_R04647.c123.linsi",329,0.00308633209191496
"GALGAL_R04648.c123.linsi",353,0.00392797946483829
"GALGAL_R04649.c123.linsi",361,0.00133955530272348
"GALGAL_R04650.c123.linsi",33,0.00958682423534657
"GALGAL_R04651.c123.linsi",321,0.00412936189955556
"GALGAL_R04652.c123.linsi",354,0.0159496202734276
"GALGAL_R04653.c123.linsi",347,0.00178852628051285
"GALGAL_R04654.c123.linsi",330,0.00303673449154088
"GALGAL_R04655.c123.linsi",76,0.0156524522773715
"GALGAL_R04656.c123.linsi",295,0.00663339866954339
"GALGAL_R04657.c123.linsi",353,0.0573824517943253
"GALGAL_R04658.c123.linsi",353,0.00456672693826292
"GALGAL_R04659.c123.linsi",353,0.00779357622473147
"GALGAL_R04660.c123.linsi",219,0.00562401845725562
"GALGAL_R04661.c123.linsi",319,0.0517770483336993
"GALGAL_R04662.c123.linsi",330,0.0200310776301525
"GALGAL_R04663.c123.linsi",285,0.010850941913578
"GALGAL_R04664.c123.linsi",339,0.00883099645825751
"GALGAL_R04665.c123.linsi",351,0.0101270517649509
"GALGAL_R04666.c123.linsi",356,0.0304696153156876
"GALGAL_R04667.c123.linsi",354,0.0317711359487071
"GALGAL_R04668.c123.linsi",344,0.0228700332904168
"GALGAL_R04669.c123.linsi",318,0.0119571542782405
"GALGAL_R04670.c123.linsi",349,0.00879327495615984
"GALGAL_R04671.c123.linsi",344,0.0351439183493846
"GALGAL_R04672.c123.linsi",338,0.0259433971590467
"GALGAL_R04673.c123.linsi",155,0.0421443523123921
"GALGAL_R04674.c123.linsi",356,0.0457644818258969
"GALGAL_R04675.c123.linsi",354,0.0111134259483416
"GALGAL_R04676.c123.linsi",353,0.0092164323587319
"GALGAL_R04677.c123.linsi",6,0.0336070352707144
"GALGAL_R04678.c123.linsi",353,0.0197418995991303
"GALGAL_R04679.c123.linsi",356,0.0159778199142637
"GALGAL_R04680.c123.linsi",354,0.00900398164317032
"GALGAL_R04681.c123.linsi",355,0.0573131520459407
"GALGAL_R04682.c123.linsi",342,0.0018142138458648
"GALGAL_R04683.c123.linsi",331,0.0447665393903351
"GALGAL_R04684.c123.linsi",351,0.010192065028691
"GALGAL_R04685.c123.linsi",145,0.00327232846491164
"GALGAL_R04686.c123.linsi",335,0.00350898193718836
"GALGAL_R04687.c123.linsi",347,0.00361497955436654
"GALGAL_R04688.c123.linsi",301,0.00601899051105185
"GALGAL_R04689.c123.linsi",352,0.00891937071445841
"GALGAL_R04690.c123.linsi",357,0.00409116876606727
"GALGAL_R04691.c123.linsi",294,0.00332775022888084
"GALGAL_R04692.c123.linsi",356,0.0187229814043501
"GALGAL_R04693.c123.linsi",163,0.010239861003901
"GALGAL_R04694.c123.linsi",335,0.00513361472425508
"GALGAL_R04695.c123.linsi",348,0.0130961907290267
"GALGAL_R04696.c123.linsi",311,0.010731814236748
"GALGAL_R04697.c123.linsi",325,0.0057012665460405
"GALGAL_R04698.c123.linsi",303,0.00609470564098864
"GALGAL_R04699.c123.linsi",355,0.00551826761678595
"GALGAL_R04700.c123.linsi",326,0.00873163805923278
"GALGAL_R04701.c123.linsi",359,0.0264466966140994
"GALGAL_R04702.c123.linsi",190,0.0105926019373772
"GALGAL_R04703.c123.linsi",354,0.00668879969256742
"GALGAL_R04704.c123.linsi",335,0.0177156894305615
"GALGAL_R04705.c123.linsi",8,0.0236892651748143
"GALGAL_R04706.c123.linsi",349,0.00317521352607522
"GALGAL_R04707.c123.linsi",350,0.00464170691584247
"GALGAL_R04708.c123.linsi",284,0.034507452788868
"GALGAL_R04709.c123.linsi",323,0.00737570813962045
"GALGAL_R04710.c123.linsi",184,0.00471627710206428
"GALGAL_R04711.c123.linsi",252,0.00474245726296547
"GALGAL_R04712.c123.linsi",346,0.028224085753394
"GALGAL_R04713.c123.linsi",13,0.0271155062703403
"GALGAL_R04714.c123.linsi",216,0.0112984065790538
"GALGAL_R04715.c123.linsi",362,0.0147962865096839
"GALGAL_R04716.c123.linsi",330,0.00772140826879989
"GALGAL_R04717.c123.linsi",305,0.00964851575282724
"GALGAL_R04718.c123.linsi",95,0.0083490970512618
"GALGAL_R04719.c123.linsi",89,0.0155807263278228
"GALGAL_R04720.c123.linsi",329,0.00644032802918027
"GALGAL_R04721.c123.linsi",304,0.0140831773916943
"GALGAL_R04722.c123.linsi",326,0.0248583656474999
"GALGAL_R04723.c123.linsi",272,0.0895681895319791
"GALGAL_R04724.c123.linsi",349,0.0128771097910897
"GALGAL_R04725.c123.linsi",276,0.14759180365936
"GALGAL_R04726.c123.linsi",347,0.0083332222505069
"GALGAL_R04727.c123.linsi",359,0.0394733493571559
"GALGAL_R04728.c123.linsi",257,0.0074613621055676
"GALGAL_R04729.c123.linsi",9,0.0116262364084957
"GALGAL_R04730.c123.linsi",348,0.00950864838725559
"GALGAL_R04731.c123.linsi",278,0.0163286604801268
"GALGAL_R04732.c123.linsi",358,0.00853943739201945
"GALGAL_R04733.c123.linsi",179,0.0272649245201331
"GALGAL_R04734.c123.linsi",156,0.0102899873943133
"GALGAL_R04735.c123.linsi",348,0.0142694385464573
"GALGAL_R04736.c123.linsi",304,0.0079804323361925
"GALGAL_R04737.c123.linsi",322,0.0119337835092789
"GALGAL_R04738.c123.linsi",355,0.00205249963186387
"GALGAL_R04739.c123.linsi",343,0.00964829605059194
"GALGAL_R04740.c123.linsi",348,0.027266083939479
"GALGAL_R04741.c123.linsi",350,0.0104097276347836
"GALGAL_R04742.c123.linsi",295,0.0102637072770962
"GALGAL_R04743.c123.linsi",330,0.0106336818819557
"GALGAL_R04744.c123.linsi",339,0.00716596701175684
"GALGAL_R04745.c123.linsi",346,0.00929492548538996
"GALGAL_R04746.c123.linsi",332,0.0547543079967311
"GALGAL_R04747.c123.linsi",338,0.0560027308603587
"GALGAL_R04748.c123.linsi",331,0.0157692070885586
"GALGAL_R04749.c123.linsi",323,0.0206045116115404
"GALGAL_R04750.c123.linsi",339,0.00713465426444968
"GALGAL_R04751.c123.linsi",338,0.00831714556212796
"GALGAL_R04752.c123.linsi",279,0.0156704348700344
"GALGAL_R04753.c123.linsi",358,0.0133308511631486
"GALGAL_R04755.c123.linsi",348,0.0251359184710366
"GALGAL_R04756.c123.linsi",351,0.0405486568695185
"GALGAL_R04757.c123.linsi",350,0.00139008104713905
"GALGAL_R04758.c123.linsi",357,0.00707133773936486
"GALGAL_R04759.c123.linsi",344,0.00518075584690116
"GALGAL_R04760.c123.linsi",299,0.00641256453808791
"GALGAL_R04761.c123.linsi",350,0.00145961543017561
"GALGAL_R04762.c123.linsi",345,0.0034191956711499
"GALGAL_R04763.c123.linsi",298,0.00619690764672133
"GALGAL_R04764.c123.linsi",341,0.0136655088395986
"GALGAL_R04765.c123.linsi",362,0.00655727577887461
"GALGAL_R04766.c123.linsi",355,0.0103178986359154
"GALGAL_R04767.c123.linsi",345,0.0195082773100976
"GALGAL_R04768.c123.linsi",327,0.0110999832497738
"GALGAL_R04769.c123.linsi",337,0.00312375192881452
"GALGAL_R04770.c123.linsi",332,0.011732561284903
"GALGAL_R04771.c123.linsi",327,0.0467732486015257
"GALGAL_R04772.c123.linsi",351,0.0282129189259786
"GALGAL_R04773.c123.linsi",349,0.0202381883250591
"GALGAL_R04774.c123.linsi",339,0.0111385881496733
"GALGAL_R04775.c123.linsi",344,0.0523865411450559
"GALGAL_R04776.c123.linsi",348,0.0227906536489251
"GALGAL_R04777.c123.linsi",328,0.0371860242255713
"GALGAL_R04778.c123.linsi",354,0.0108436278383119
"GALGAL_R04779.c123.linsi",354,0.00678933830678669
"GALGAL_R04780.c123.linsi",360,0.00514268427777258
"GALGAL_R04781.c123.linsi",345,0.00999122775872236
"GALGAL_R04782.c123.linsi",358,0.00387539304620654
"GALGAL_R04783.c123.linsi",354,0.00985739112190972
"GALGAL_R04784.c123.linsi",349,0.0208753179268715
"GALGAL_R04785.c123.linsi",360,0.0047273854599088
"GALGAL_R04786.c123.linsi",361,0.00702489341727579
"GALGAL_R04787.c123.linsi",359,0.00370627318604029
"GALGAL_R04788.c123.linsi",357,0.00845343592940992
"GALGAL_R04789.c123.linsi",361,0.0048485273743356
"GALGAL_R04790.c123.linsi",346,0.0042593307813579
"GALGAL_R04791.c123.linsi",358,0.00281490155131268
"GALGAL_R04792.c123.linsi",360,0.00269936397483416
"GALGAL_R04793.c123.linsi",361,0.00217313975192052
"GALGAL_R04794.c123.linsi",340,0.00665041015929656
"GALGAL_R04795.c123.linsi",360,0.00944926469139736
"GALGAL_R04796.c123.linsi",354,0.0241515966789523
"GALGAL_R04797.c123.linsi",359,0.00579344699438312
"GALGAL_R04798.c123.linsi",362,0.00331976622125972
"GALGAL_R04799.c123.linsi",356,0.0042628390922729
"GALGAL_R04800.c123.linsi",338,0.0050595233558886
"GALGAL_R04801.c123.linsi",325,0.00799575241868877
"GALGAL_R04802.c123.linsi",355,0.0104991753068097
"GALGAL_R04803.c123.linsi",358,0.00921449736162823
"GALGAL_R04804.c123.linsi",358,0.0143128397253576
"GALGAL_R04805.c123.linsi",357,0.00286516472393754
"GALGAL_R04806.c123.linsi",344,0.00553895095725583
"GALGAL_R04807.c123.linsi",362,0.0147947680738128
"GALGAL_R04808.c123.linsi",327,0.00402589622800827
"GALGAL_R04809.c123.linsi",359,0.00352085581738094
"GALGAL_R04810.c123.linsi",354,0.0231277280806943
"GALGAL_R04811.c123.linsi",360,0.00549138621957018
"GALGAL_R04812.c123.linsi",360,0.00377366059410634
"GALGAL_R04813.c123.linsi",359,0.00613686015626581
"GALGAL_R04814.c123.linsi",352,0.00249768204877858
"GALGAL_R04816.c123.linsi",352,0.00811996999290418
"GALGAL_R04817.c123.linsi",360,0.0106850345647928
"GALGAL_R04818.c123.linsi",25,0.00782671120742386
"GALGAL_R04819.c123.linsi",28,0.00598398810324555
"GALGAL_R04820.c123.linsi",352,0.10332526387644
"GALGAL_R04821.c123.linsi",358,0.0117198035735862
"GALGAL_R04822.c123.linsi",344,0.0223823188560306
"GALGAL_R04823.c123.linsi",356,0.0140131446136013
"GALGAL_R04824.c123.linsi",151,0.00562304364493193
"GALGAL_R04825.c123.linsi",338,0.0115578273402217
"GALGAL_R04860.c123.linsi",44,0.0180635020584351
"GALGAL_R04861.c123.linsi",6,0.0189229002593777
"GALGAL_R04862.c123.linsi",243,0.0355773116341632
"GALGAL_R04863.c123.linsi",238,0.0509715033186807
"GALGAL_R04878.c123.linsi",280,0.0197275203824196
"GALGAL_R04879.c123.linsi",269,0.0154701358062301
"GALGAL_R04880.c123.linsi",247,0.0140304113830501
"GALGAL_R04885.c123.linsi",89,0.0595352415539657
"GALGAL_R04895.c123.linsi",9,0.0145564657108863
"GALGAL_R04897.c123.linsi",68,0.0101272791845777
"GALGAL_R04898.c123.linsi",303,0.111181171170932
"GALGAL_R04899.c123.linsi",125,0.0152972370720586
"GALGAL_R04900.c123.linsi",323,0.0365486901188566
"GALGAL_R04901.c123.linsi",231,0.0505972708515847
"GALGAL_R04902.c123.linsi",7,0.00333414385437751
"GALGAL_R04906.c123.linsi",174,0.0122901526659406
"GALGAL_R04908.c123.linsi",27,0.0444512915583512
"GALGAL_R04909.c123.linsi",321,0.012053413259081
"GALGAL_R04911.c123.linsi",57,0.00160414138634495
"GALGAL_R04912.c123.linsi",10,0.0174454526007698
"GALGAL_R04914.c123.linsi",140,0.033743294180503
"GALGAL_R04915.c123.linsi",132,0.0326891132111619
"GALGAL_R04921.c123.linsi",220,0.00902885084219756
"GALGAL_R04924.c123.linsi",140,0.028186771472445
"GALGAL_R04927.c123.linsi",7,0.00654093070070131
"GALGAL_R04932.c123.linsi",23,0.00760779859939124
"GALGAL_R04933.c123.linsi",186,0.0364689537037065
"GALGAL_R04934.c123.linsi",338,0.0112043461755849
"GALGAL_R04936.c123.linsi",316,0.0158815840859912
"GALGAL_R04937.c123.linsi",326,0.0184205426071041
"GALGAL_R04938.c123.linsi",335,0.0201069448884667
"GALGAL_R04941.c123.linsi",7,0.0107930226676746
"GALGAL_R04952.c123.linsi",312,0.0348318203065694
"GALGAL_R04953.c123.linsi",279,0.0119006577544885
"GALGAL_R04955.c123.linsi",200,0.0294099190358041
"GALGAL_R04959.c123.linsi",8,0.013862993451047
"GALGAL_R04961.c123.linsi",316,0.0188260671395063
"GALGAL_R04962.c123.linsi",104,0.0200423146534188
"GALGAL_R04963.c123.linsi",193,0.0280413779104193
"GALGAL_R04966.c123.linsi",268,0.0150131969031275
"GALGAL_R04967.c123.linsi",7,0.0864558233827274
"GALGAL_R04968.c123.linsi",136,0.0233472353980761
"GALGAL_R04969.c123.linsi",247,0.0299048929010229
"GALGAL_R04970.c123.linsi",174,0.0315310444897026
"GALGAL_R04973.c123.linsi",4,0.0230626225229534
"GALGAL_R04974.c123.linsi",98,0.0329753325372615
"GALGAL_R04977.c123.linsi",99,0.0200701047073029
"GALGAL_R04978.c123.linsi",69,0.0601232092359433
"GALGAL_R04982.c123.linsi",247,0.0303584313488748
"GALGAL_R04984.c123.linsi",15,0.00639556117240345
"GALGAL_R04987.c123.linsi",6,0.00816416053560224
"GALGAL_R04990.c123.linsi",344,0.00806324864900818
"GALGAL_R04991.c123.linsi",317,0.00298967002007705
"GALGAL_R04992.c123.linsi",258,0.0260933146408138
"GALGAL_R04993.c123.linsi",255,0.00182756310311045
"GALGAL_R04994.c123.linsi",332,0.00654895298696569
"GALGAL_R04995.c123.linsi",339,0.00842333812508313
"GALGAL_R04997.c123.linsi",325,0.00488046104697775
"GALGAL_R04998.c123.linsi",214,0.00129747625324795
"GALGAL_R04999.c123.linsi",233,0.0148939927134898
"GALGAL_R05000.c123.linsi",350,0.0133771703752936
"GALGAL_R05001.c123.linsi",338,0.0044574384573283
"GALGAL_R05002.c123.linsi",312,0.00627290202346971
"GALGAL_R05004.c123.linsi",306,0.0139515535180468
"GALGAL_R05005.c123.linsi",348,0.0234935220599058
"GALGAL_R05006.c123.linsi",338,0.0184569717326959
"GALGAL_R05007.c123.linsi",344,0.036672897452144
"GALGAL_R05008.c123.linsi",346,0.00196127766654967
"GALGAL_R05009.c123.linsi",336,0.00420949962419252
"GALGAL_R05010.c123.linsi",333,0.00546979485241859
"GALGAL_R05011.c123.linsi",47,0.0184728878721158
"GALGAL_R05012.c123.linsi",234,0.00211811243646719
"GALGAL_R05013.c123.linsi",334,0.00343071327360035
"GALGAL_R05014.c123.linsi",319,0.0167192995436742
"GALGAL_R05015.c123.linsi",312,0.00148220481382294
"GALGAL_R05016.c123.linsi",307,0.00187024547893881
"GALGAL_R05017.c123.linsi",337,0.00321007357149493
"GALGAL_R05018.c123.linsi",306,0.006238979048633
"GALGAL_R05019.c123.linsi",312,0.025318396168587
"GALGAL_R05020.c123.linsi",346,0.0713596758273802
"GALGAL_R05021.c123.linsi",8,0.0287601059767551
"GALGAL_R05022.c123.linsi",283,0.000788732301388246
"GALGAL_R05023.c123.linsi",334,0.00407243206452758
"GALGAL_R05024.c123.linsi",349,0.0084448406544019
"GALGAL_R05025.c123.linsi",224,0.00243635046578321
"GALGAL_R05026.c123.linsi",355,0.00195018679042091
"GALGAL_R05027.c123.linsi",314,0.0022239501764918
"GALGAL_R05029.c123.linsi",339,0.0109465293947593
"GALGAL_R05030.c123.linsi",208,0.00239139701129425
"GALGAL_R05031.c123.linsi",9,0.00516439858875019
"GALGAL_R05032.c123.linsi",357,0.00508069001695963
"GALGAL_R05033.c123.linsi",261,0.00344728705687196
"GALGAL_R05034.c123.linsi",35,0.00255299241806197
"GALGAL_R05035.c123.linsi",223,0.0284971658249223
"GALGAL_R05038.c123.linsi",8,0.0300764847679964
"GALGAL_R05044.c123.linsi",237,0.0168412588186838
"GALGAL_R05045.c123.linsi",247,0.0157967425653103
"GALGAL_R05046.c123.linsi",233,0.00675241017499493
"GALGAL_R05047.c123.linsi",272,0.00230505078768558
"GALGAL_R05048.c123.linsi",316,0.00471743412747797
"GALGAL_R05049.c123.linsi",54,0.0483999745866858
"GALGAL_R05050.c123.linsi",128,0.00823052770178331
"GALGAL_R05051.c123.linsi",301,0.00862225194379646
"GALGAL_R05052.c123.linsi",117,0.0181364115358262
"GALGAL_R05053.c123.linsi",338,0.0325938664659944
"GALGAL_R05054.c123.linsi",280,0.0380855306936263
"GALGAL_R05055.c123.linsi",305,0.0205614324407755
"GALGAL_R05057.c123.linsi",315,0.00429071151094841
"GALGAL_R05058.c123.linsi",299,0.00223979561783704
"GALGAL_R05059.c123.linsi",237,0.00927898231199549
"GALGAL_R05060.c123.linsi",63,0.00087002832056758
"GALGAL_R05061.c123.linsi",240,0.00155621834494879
"GALGAL_R05062.c123.linsi",282,0.00359403623121099
"GALGAL_R05063.c123.linsi",263,0.00622458876506518
"GALGAL_R05064.c123.linsi",295,0.00147746026239631
"GALGAL_R05065.c123.linsi",316,0.00159543473345202
"GALGAL_R05066.c123.linsi",285,0.00159302080800972
"GALGAL_R05067.c123.linsi",288,0.00215702378104698
"GALGAL_R05068.c123.linsi",348,0.00226340294339971
"GALGAL_R05069.c123.linsi",348,0.00295056924353137
"GALGAL_R05070.c123.linsi",292,0.00680214173478582
"GALGAL_R05071.c123.linsi",328,0.00394502090026928
"GALGAL_R05072.c123.linsi",334,0.00165860304491713
"GALGAL_R05073.c123.linsi",345,0.0120624127071258
"GALGAL_R05074.c123.linsi",324,0.00214913549297878
"GALGAL_R05075.c123.linsi",340,0.0293927902656326
"GALGAL_R05076.c123.linsi",326,0.000888699680020895
"GALGAL_R05077.c123.linsi",304,0.019130169017168
"GALGAL_R05078.c123.linsi",336,0.00447365207323984
"GALGAL_R05079.c123.linsi",353,0.00192688132859259
"GALGAL_R05080.c123.linsi",310,0.00409144251785578
"GALGAL_R05081.c123.linsi",321,0.00441475186913751
"GALGAL_R05082.c123.linsi",344,0.00183597796967622
"GALGAL_R05083.c123.linsi",278,0.0023880270165283
"GALGAL_R05084.c123.linsi",325,0.0053784290236252
"GALGAL_R05085.c123.linsi",114,0.0121703040430095
"GALGAL_R05086.c123.linsi",115,0.00158826224534416
"GALGAL_R05087.c123.linsi",255,0.0089998789985355
"GALGAL_R05088.c123.linsi",319,0.00366324513146593
"GALGAL_R05089.c123.linsi",294,0.0014748670259269
"GALGAL_R05090.c123.linsi",158,0.00246310613858207
"GALGAL_R05091.c123.linsi",335,0.00178059832306693
"GALGAL_R05092.c123.linsi",240,0.000303043736905711
"GALGAL_R05093.c123.linsi",326,0.00170263264231092
"GALGAL_R05094.c123.linsi",339,0.00330550397533359
"GALGAL_R05095.c123.linsi",41,0.00925462540020801
"GALGAL_R05096.c123.linsi",323,0.00882537888216652
"GALGAL_R05097.c123.linsi",335,0.0287378199197055
"GALGAL_R05098.c123.linsi",349,0.00347275782815159
"GALGAL_R05099.c123.linsi",285,0.0016993009924241
"GALGAL_R05100.c123.linsi",281,0.00797336005147778
"GALGAL_R05101.c123.linsi",239,0.00807667777254923
"GALGAL_R05102.c123.linsi",343,0.0184145011672517
"GALGAL_R05103.c123.linsi",231,0.0114804578138608
"GALGAL_R05106.c123.linsi",347,0.0433064503517553
"GALGAL_R05107.c123.linsi",102,0.00656552286028214
"GALGAL_R05108.c123.linsi",344,0.0630496304572535
"GALGAL_R05109.c123.linsi",323,0.00387434680650918
"GALGAL_R05110.c123.linsi",303,0.00344872779076482
"GALGAL_R05111.c123.linsi",322,0.00102235175330515
"GALGAL_R05112.c123.linsi",331,0.00305803606915731
"GALGAL_R05126.c123.linsi",357,0.00565545797352758
"GALGAL_R05127.c123.linsi",179,0.0210459272383526
"GALGAL_R05128.c123.linsi",329,0.062594672057759
"GALGAL_R05129.c123.linsi",134,0.081167940803684
"GALGAL_R05130.c123.linsi",39,0.00889150189039572
"GALGAL_R05131.c123.linsi",295,0.00181835328908243
"GALGAL_R05132.c123.linsi",251,0.00391634512171569
"GALGAL_R05134.c123.linsi",13,0.0063560081685601
"GALGAL_R05137.c123.linsi",238,0.0316381684651328
"GALGAL_R05140.c123.linsi",257,0.0137964556848689
"GALGAL_R05145.c123.linsi",326,0.0529370706658897
"GALGAL_R05146.c123.linsi",26,0.03455993498687
"GALGAL_R05147.c123.linsi",312,0.0270359251930512
"GALGAL_R05148.c123.linsi",307,0.0218551991314599
"GALGAL_R05149.c123.linsi",8,0.00528325159225555
"GALGAL_R05150.c123.linsi",290,0.0120449638029933
"GALGAL_R05151.c123.linsi",350,0.002483890166437
"GALGAL_R05152.c123.linsi",319,0.00907289299690237
"GALGAL_R05153.c123.linsi",218,0.0165163461074096
"GALGAL_R05154.c123.linsi",318,0.0155280302000911
"GALGAL_R05155.c123.linsi",244,0.0137018660771768
"GALGAL_R05156.c123.linsi",19,0.0154519103610286
"GALGAL_R05157.c123.linsi",294,0.00205853099303815
"GALGAL_R05158.c123.linsi",341,0.021196855180413
"GALGAL_R05159.c123.linsi",327,0.00585794019851932
"GALGAL_R05160.c123.linsi",239,0.00163408952529546
"GALGAL_R05162.c123.linsi",83,0.0356213390635567
"GALGAL_R05163.c123.linsi",185,0.00469171561750963
"GALGAL_R05165.c123.linsi",191,0.0131211865905596
"GALGAL_R05166.c123.linsi",340,0.00523282318032079
"GALGAL_R05167.c123.linsi",347,0.00646517921699319
"GALGAL_R05168.c123.linsi",358,0.00260248078748728
"GALGAL_R05176.c123.linsi",170,0.00428966270731465
"GALGAL_R05178.c123.linsi",178,0.0145596071356902
"GALGAL_R05179.c123.linsi",344,0.00323552106300603
"GALGAL_R05182.c123.linsi",340,0.0104633645984529
"GALGAL_R05183.c123.linsi",295,0.00521741777879933
"GALGAL_R05186.c123.linsi",324,0.0113787863368394
"GALGAL_R05188.c123.linsi",311,0.0218793293135202
"GALGAL_R05189.c123.linsi",10,0.00981354343697375
"GALGAL_R05190.c123.linsi",271,0.0254540492323408
"GALGAL_R05192.c123.linsi",5,0.0308159577760486
"GALGAL_R05194.c123.linsi",161,0.00992419498235777
"GALGAL_R05195.c123.linsi",5,0.011549865913059
"GALGAL_R05197.c123.linsi",313,0.0105116856186711
"GALGAL_R05198.c123.linsi",271,0.00118335513761893
"GALGAL_R05199.c123.linsi",278,0.0203926188805726
"GALGAL_R05200.c123.linsi",343,0.0398187145679271
"GALGAL_R05210.c123.linsi",140,0.0330551558588558
"GALGAL_R05213.c123.linsi",47,0.0165756429069484
"GALGAL_R05214.c123.linsi",305,0.0103791105181402
"GALGAL_R05215.c123.linsi",313,0.011438437572504
"GALGAL_R05219.c123.linsi",328,0.0199625430602132
"GALGAL_R05220.c123.linsi",336,0.0139303466268964
"GALGAL_R05221.c123.linsi",243,0.0285864198209265
"GALGAL_R05222.c123.linsi",352,0.0274670705702237
"GALGAL_R05223.c123.linsi",186,0.0101942325776319
"GALGAL_R05230.c123.linsi",44,0.00101927624275486
"GALGAL_R05231.c123.linsi",6,0.0176271943024377
"GALGAL_R05232.c123.linsi",350,0.0112981530641621
"GALGAL_R05234.c123.linsi",330,0.0115141492369369
"GALGAL_R05236.c123.linsi",174,0.000470072561870948
"GALGAL_R05244.c123.linsi",184,0.0291183504898515
"GALGAL_R05245.c123.linsi",289,0.0205774206123843
"GALGAL_R05246.c123.linsi",205,0.00212429999738559
"GALGAL_R05247.c123.linsi",248,0.00340790876267298
"GALGAL_R05248.c123.linsi",319,0.0075697526524228
"GALGAL_R05249.c123.linsi",298,0.0035167995307045
"GALGAL_R05250.c123.linsi",287,0.00793503689448481
"GALGAL_R05251.c123.linsi",242,0.0152682415076761
"GALGAL_R05252.c123.linsi",341,0.00224394199195174
"GALGAL_R05253.c123.linsi",289,0.00515775936009674
"GALGAL_R05254.c123.linsi",356,0.00390217210048905
"GALGAL_R05255.c123.linsi",337,0.00154835059720652
"GALGAL_R05256.c123.linsi",286,0.00161293786870297
"GALGAL_R05257.c123.linsi",341,0.00224669311657236
"GALGAL_R05258.c123.linsi",353,0.00343995102267561
"GALGAL_R05259.c123.linsi",196,0.0126547929652728
"GALGAL_R05260.c123.linsi",290,0.00262555812443925
"GALGAL_R05261.c123.linsi",283,0.00490543931303578
"GALGAL_R05262.c123.linsi",248,0.00889719343188397
"GALGAL_R05263.c123.linsi",267,0.0049837555300351
"GALGAL_R05264.c123.linsi",61,0.00757509052287648
"GALGAL_R05265.c123.linsi",7,0.000996470257151124
"GALGAL_R05266.c123.linsi",351,0.00296621094562775
"GALGAL_R05267.c123.linsi",278,0.00359644068997395
"GALGAL_R05268.c123.linsi",291,0.00416650694014824
"GALGAL_R05269.c123.linsi",339,0.00481298709516044
"GALGAL_R05270.c123.linsi",251,0.00482231299968422
"GALGAL_R05271.c123.linsi",230,0.00388185178284079
"GALGAL_R05272.c123.linsi",327,0.00346947612299789
"GALGAL_R05273.c123.linsi",308,0.00152636536710471
"GALGAL_R05274.c123.linsi",309,0.0028540772778896
"GALGAL_R05275.c123.linsi",294,0.0186860748716623
"GALGAL_R05276.c123.linsi",316,0.00592858063388411
"GALGAL_R05277.c123.linsi",329,0.0591833103375634
"GALGAL_R05278.c123.linsi",271,0.00387826506746522
"GALGAL_R05279.c123.linsi",338,0.00669629876080596
"GALGAL_R05280.c123.linsi",289,0.00380941795371138
"GALGAL_R05281.c123.linsi",332,0.0304853775721801
"GALGAL_R05282.c123.linsi",316,0.00329384666025177
"GALGAL_R05283.c123.linsi",313,0.00204798171109224
"GALGAL_R05284.c123.linsi",19,0.0283966731068819
"GALGAL_R05285.c123.linsi",347,0.0123252774341466
"GALGAL_R05286.c123.linsi",203,0.0103051362771444
"GALGAL_R05287.c123.linsi",341,0.00136702245402213
"GALGAL_R05288.c123.linsi",347,0.0041245239268796
"GALGAL_R05289.c123.linsi",141,0.00896928573399547
"GALGAL_R05290.c123.linsi",295,0.00371564568924758
"GALGAL_R05291.c123.linsi",331,0.00325307750802399
"GALGAL_R05292.c123.linsi",167,0.00184767627700469
"GALGAL_R05293.c123.linsi",323,0.0065825172704708
"GALGAL_R05295.c123.linsi",279,0.00293535872668941
"GALGAL_R05296.c123.linsi",319,0.00134988902846051
"GALGAL_R05297.c123.linsi",344,0.00155538165805692
"GALGAL_R05298.c123.linsi",319,0.00720939009973231
"GALGAL_R05299.c123.linsi",332,0.0114825196679922
"GALGAL_R05300.c123.linsi",296,0.0151538125377302
"GALGAL_R05301.c123.linsi",231,0.000859575488655416
"GALGAL_R05302.c123.linsi",117,0.00405150426188117
"GALGAL_R05303.c123.linsi",274,0.00230186554397117
"GALGAL_R05304.c123.linsi",347,0.00278730907022355
"GALGAL_R05305.c123.linsi",276,0.00984762461715537
"GALGAL_R05306.c123.linsi",267,0.0103076898464686
"GALGAL_R05307.c123.linsi",342,0.00588479400405119
"GALGAL_R05308.c123.linsi",318,0.0022393908307513
"GALGAL_R05309.c123.linsi",193,0.00666488432911862
"GALGAL_R05310.c123.linsi",196,0.00593356823071324
"GALGAL_R05311.c123.linsi",315,0.0019088512362311
"GALGAL_R05312.c123.linsi",187,0.0106259519869387
"GALGAL_R05313.c123.linsi",260,0.00440224957071573
"GALGAL_R05314.c123.linsi",255,0.00675715067969914
"GALGAL_R05315.c123.linsi",349,0.00834521877977846
"GALGAL_R05316.c123.linsi",324,0.00885957213604307
"GALGAL_R05317.c123.linsi",323,0.00192004342677815
"GALGAL_R05318.c123.linsi",343,0.00217993577782528
"GALGAL_R05319.c123.linsi",344,0.00472242991679075
"GALGAL_R05320.c123.linsi",344,0.00702764812401615
"GALGAL_R05321.c123.linsi",309,0.0234786915162441
"GALGAL_R05322.c123.linsi",304,0.00311966096389263
"GALGAL_R05323.c123.linsi",345,0.00568346023254166
"GALGAL_R05324.c123.linsi",350,0.00311245195905996
"GALGAL_R05325.c123.linsi",216,0.00561955618568596
"GALGAL_R05326.c123.linsi",330,0.00271445903634451
"GALGAL_R05327.c123.linsi",347,0.00906194947519432
"GALGAL_R05328.c123.linsi",351,0.00493386251286278
"GALGAL_R05329.c123.linsi",230,0.00132583446325964
"GALGAL_R05330.c123.linsi",343,0.002646951564641
"GALGAL_R05331.c123.linsi",351,0.0064390679936923
"GALGAL_R05332.c123.linsi",336,0.00380724783307425
"GALGAL_R05333.c123.linsi",339,0.00692357672172192
"GALGAL_R05334.c123.linsi",301,0.00109795183703514
"GALGAL_R05335.c123.linsi",294,0.00102381010789894
"GALGAL_R05336.c123.linsi",314,0.0193326588639608
"GALGAL_R05337.c123.linsi",302,0.00212908810476977
"GALGAL_R05338.c123.linsi",347,0.00404798887726661
"GALGAL_R05339.c123.linsi",334,0.00444436443709839
"GALGAL_R05340.c123.linsi",290,0.0030611047004786
"GALGAL_R05341.c123.linsi",332,0.00583752046366673
"GALGAL_R05342.c123.linsi",354,0.00245391833107003
"GALGAL_R05343.c123.linsi",260,0.00168828587734934
"GALGAL_R05344.c123.linsi",332,0.00307546251702448
"GALGAL_R05345.c123.linsi",346,0.0214783952457626
"GALGAL_R05346.c123.linsi",249,0.0269597596795116
"GALGAL_R05347.c123.linsi",260,0.00119546864186831
"GALGAL_R05348.c123.linsi",321,0.00423338743030073
"GALGAL_R05349.c123.linsi",299,0.00258493951391948
"GALGAL_R05350.c123.linsi",265,0.0142310351227716
"GALGAL_R05351.c123.linsi",304,0.00292259776532864
"GALGAL_R05352.c123.linsi",323,0.00215927170360668
"GALGAL_R05353.c123.linsi",350,0.00182211197975448
"GALGAL_R05354.c123.linsi",342,0.0109958672177797
"GALGAL_R05355.c123.linsi",254,0.00157081105788344
"GALGAL_R05356.c123.linsi",329,0.00221526867345197
"GALGAL_R05357.c123.linsi",351,0.0176813920060975
"GALGAL_R05358.c123.linsi",319,0.00189098859092885
"GALGAL_R05359.c123.linsi",343,0.00457231460995022
"GALGAL_R05360.c123.linsi",293,0.00202188071689486
"GALGAL_R05361.c123.linsi",302,0.00127955171494789
"GALGAL_R05362.c123.linsi",322,0.00432980404406942
"GALGAL_R05363.c123.linsi",234,0.00522533641417862
"GALGAL_R05364.c123.linsi",305,0.00313679425346209
"GALGAL_R05365.c123.linsi",343,0.00369843580237879
"GALGAL_R05366.c123.linsi",327,0.00398527555343912
"GALGAL_R05367.c123.linsi",302,0.000858642376380165
"GALGAL_R05368.c123.linsi",330,0.0049757320026959
"GALGAL_R05369.c123.linsi",337,0.0036837235194339
"GALGAL_R05370.c123.linsi",347,0.00149208305964424
"GALGAL_R05371.c123.linsi",132,0.000965052908899952
"GALGAL_R05372.c123.linsi",104,0.0121053276351438
"GALGAL_R05373.c123.linsi",345,0.00609022772073377
"GALGAL_R05374.c123.linsi",353,0.00298473820426404
"GALGAL_R05375.c123.linsi",299,0.00451351227843811
"GALGAL_R05376.c123.linsi",336,0.00251567596654895
"GALGAL_R05377.c123.linsi",276,0.0115463097569849
"GALGAL_R05378.c123.linsi",262,0.00236439121097853
"GALGAL_R05379.c123.linsi",334,0.0098961587391794
"GALGAL_R05380.c123.linsi",346,0.00551828356172464
"GALGAL_R05381.c123.linsi",358,0.0117658399930194
"GALGAL_R05382.c123.linsi",339,0.00493634000543982
"GALGAL_R05383.c123.linsi",276,0.00519551855622164
"GALGAL_R05384.c123.linsi",321,0.0214092331422517
"GALGAL_R05385.c123.linsi",259,0.0183728291381299
"GALGAL_R05386.c123.linsi",329,0.0513510661750126
"GALGAL_R05387.c123.linsi",326,0.0107795586767766
"GALGAL_R05388.c123.linsi",8,0.112383661474821
"GALGAL_R05389.c123.linsi",187,0.00872657810545759
"GALGAL_R05393.c123.linsi",299,0.031502202325087
"GALGAL_R05394.c123.linsi",296,0.00429053395550718
"GALGAL_R05395.c123.linsi",345,0.126399862870862
"GALGAL_R05397.c123.linsi",302,0.00804547518419454
"GALGAL_R05398.c123.linsi",177,0.023234191359342
"GALGAL_R05399.c123.linsi",336,0.0230395510868943
"GALGAL_R05400.c123.linsi",349,0.0245327215514759
"GALGAL_R05401.c123.linsi",329,0.103013548719583
"GALGAL_R05402.c123.linsi",295,0.16736498331238
"GALGAL_R05403.c123.linsi",325,0.00497835082356598
"GALGAL_R05408.c123.linsi",320,0.00627287260905347
"GALGAL_R05409.c123.linsi",140,0.0142614993673017
"GALGAL_R05410.c123.linsi",156,0.0193991154464374
"GALGAL_R05411.c123.linsi",124,0.00910870934113538
"GALGAL_R05412.c123.linsi",291,0.00980701313024037
"GALGAL_R05413.c123.linsi",340,0.00873986355598891
"GALGAL_R05414.c123.linsi",337,0.00541747229802911
"GALGAL_R05415.c123.linsi",348,0.0642050242461593
"GALGAL_R05416.c123.linsi",352,0.0198572064927885
"GALGAL_R05417.c123.linsi",120,0.0451267869595933
"GALGAL_R05418.c123.linsi",333,0.0107736254711871
"GALGAL_R05419.c123.linsi",340,0.00749245106486608
"GALGAL_R05422.c123.linsi",19,0.00482014193123879
"GALGAL_R05424.c123.linsi",356,0.0222910708653091
"GALGAL_R05425.c123.linsi",351,0.014252742245162
"GALGAL_R05426.c123.linsi",319,0.0183108161240819
"GALGAL_R05427.c123.linsi",361,0.00543181911888269
"GALGAL_R05428.c123.linsi",264,0.0119758317003846
"GALGAL_R05429.c123.linsi",356,0.0132656918187534
"GALGAL_R05430.c123.linsi",134,0.0200633160998611
"GALGAL_R05431.c123.linsi",331,0.0175996792024757
"GALGAL_R05432.c123.linsi",338,0.0108009954575065
"GALGAL_R05433.c123.linsi",360,0.019882504190932
"GALGAL_R05434.c123.linsi",113,0.00185412488239968
"GALGAL_R05435.c123.linsi",354,0.00413521753625379
"GALGAL_R05436.c123.linsi",186,0.00176737870471475
"GALGAL_R05437.c123.linsi",345,0.0149511747283243
"GALGAL_R05438.c123.linsi",361,0.0187991834665954
"GALGAL_R05439.c123.linsi",342,0.00515658020541922
"GALGAL_R05440.c123.linsi",329,0.00636552411178538
"GALGAL_R05441.c123.linsi",126,0.00266222348210956
"GALGAL_R05442.c123.linsi",355,0.00367046562750294
"GALGAL_R05443.c123.linsi",361,0.00258748760413221
"GALGAL_R05444.c123.linsi",362,0.0169580722290186
"GALGAL_R05445.c123.linsi",311,0.00389432658322936
"GALGAL_R05446.c123.linsi",319,0.00428167065223932
"GALGAL_R05447.c123.linsi",360,0.00917768071070517
"GALGAL_R05448.c123.linsi",176,0.00109871451379268
"GALGAL_R05449.c123.linsi",334,0.00359946173383494
"GALGAL_R05450.c123.linsi",228,0.00560109390964362
"GALGAL_R05451.c123.linsi",352,0.00400678164013473
"GALGAL_R05452.c123.linsi",328,0.00937573785603288
"GALGAL_R05453.c123.linsi",356,0.00540138654544259
"GALGAL_R05454.c123.linsi",17,0.0170137060511376
"GALGAL_R05455.c123.linsi",304,0.0237565631096239
"GALGAL_R05456.c123.linsi",256,0.0430187999383224
"GALGAL_R05457.c123.linsi",319,0.0297170687432998
"GALGAL_R05458.c123.linsi",357,0.0161536300247871
"GALGAL_R05459.c123.linsi",355,0.00902661518832439
"GALGAL_R05460.c123.linsi",272,0.0108171871371581
"GALGAL_R05461.c123.linsi",140,0.00349601194155941
"GALGAL_R05462.c123.linsi",357,0.00385768110041599
"GALGAL_R05463.c123.linsi",337,0.0131344983100592
"GALGAL_R05464.c123.linsi",355,0.00560443200930371
"GALGAL_R05465.c123.linsi",361,0.00442960682283186
"GALGAL_R05466.c123.linsi",325,0.00388545535754788
"GALGAL_R05467.c123.linsi",361,0.0016121726320285
"GALGAL_R05468.c123.linsi",334,0.000865059880098742
"GALGAL_R05469.c123.linsi",360,0.00295093084474337
"GALGAL_R05470.c123.linsi",361,0.0023595587048899
"GALGAL_R05471.c123.linsi",359,0.00937796403142615
"GALGAL_R05472.c123.linsi",361,0.00113137249072372
"GALGAL_R05473.c123.linsi",347,0.00402346939275319
"GALGAL_R05474.c123.linsi",255,0.00838706828280622
"GALGAL_R05475.c123.linsi",340,0.00115934722942514
"GALGAL_R05476.c123.linsi",346,0.00127965825120335
"GALGAL_R05477.c123.linsi",358,0.00823210514765324
"GALGAL_R05478.c123.linsi",347,0.00338308513072994
"GALGAL_R05479.c123.linsi",356,0.0122256451494536
"GALGAL_R05480.c123.linsi",267,0.00974475687742198
"GALGAL_R05481.c123.linsi",164,0.0163358683803933
"GALGAL_R05482.c123.linsi",280,0.00297913438251574
"GALGAL_R05483.c123.linsi",349,0.0498828512106092
"GALGAL_R05484.c123.linsi",244,0.00252136148708709
"GALGAL_R05485.c123.linsi",341,0.0109932870191303
"GALGAL_R05486.c123.linsi",360,0.0127161364682931
"GALGAL_R05487.c123.linsi",342,0.0030269532052927
"GALGAL_R05488.c123.linsi",329,0.00132287064053663
"GALGAL_R05489.c123.linsi",354,0.00474800784643179
"GALGAL_R05490.c123.linsi",297,0.0043862897922838
"GALGAL_R05491.c123.linsi",298,0.00138059903992009
"GALGAL_R05492.c123.linsi",5,0.0221268644024123
"GALGAL_R05493.c123.linsi",125,0.00100012817497696
"GALGAL_R05494.c123.linsi",286,0.00270590105740633
"GALGAL_R05495.c123.linsi",60,0.0386803206387379
"GALGAL_R05496.c123.linsi",360,0.00803898577466234
"GALGAL_R05497.c123.linsi",346,0.0273829238998458
"GALGAL_R05498.c123.linsi",361,0.0158223301128976
"GALGAL_R05499.c123.linsi",362,0.0056357575935369
"GALGAL_R05500.c123.linsi",335,0.0143636580654813
"GALGAL_R05501.c123.linsi",328,0.0105382758284418
"GALGAL_R05502.c123.linsi",350,0.00249173187026434
"GALGAL_R05503.c123.linsi",356,0.00160127643232702
"GALGAL_R05504.c123.linsi",354,0.00237593933023212
"GALGAL_R05505.c123.linsi",252,0.00924655339355863
"GALGAL_R05506.c123.linsi",355,0.00247064112886977
"GALGAL_R05507.c123.linsi",346,0.0103973880732104
"GALGAL_R05508.c123.linsi",326,0.00432811241250924
"GALGAL_R05509.c123.linsi",357,0.00558883565400663
"GALGAL_R05510.c123.linsi",338,0.00103190246954659
"GALGAL_R05511.c123.linsi",293,0.00106030772563725
"GALGAL_R05512.c123.linsi",255,0.0415560302395217
"GALGAL_R05513.c123.linsi",334,0.00325583679386744
"GALGAL_R05514.c123.linsi",358,0.0106927036658283
"GALGAL_R05515.c123.linsi",342,0.00163976329735906
"GALGAL_R05516.c123.linsi",185,0.0594407153561026
"GALGAL_R05517.c123.linsi",347,0.00430026674880894
"GALGAL_R05518.c123.linsi",335,0.016505828879958
"GALGAL_R05520.c123.linsi",330,0.0024494909558811
"GALGAL_R05521.c123.linsi",342,0.00818719943524123
"GALGAL_R05522.c123.linsi",194,0.0114543759630454
"GALGAL_R05523.c123.linsi",343,0.0131845056304446
"GALGAL_R05524.c123.linsi",318,0.00520487451658878
"GALGAL_R05525.c123.linsi",356,0.00234405748637452
"GALGAL_R05526.c123.linsi",287,0.0322243727288343
"GALGAL_R05527.c123.linsi",339,0.00430365468570632
"GALGAL_R05528.c123.linsi",363,0.00544620771114927
"GALGAL_R05529.c123.linsi",5,0.0552730677106111
"GALGAL_R05530.c123.linsi",323,0.0110763249486746
"GALGAL_R05531.c123.linsi",363,0.0290151394757963
"GALGAL_R05532.c123.linsi",345,0.0354805058504129
"GALGAL_R05533.c123.linsi",354,0.012858394331126
"GALGAL_R05534.c123.linsi",324,0.0287258406911379
"GALGAL_R05535.c123.linsi",358,0.00486500011279322
"GALGAL_R05536.c123.linsi",327,0.00854011291200145
"GALGAL_R05538.c123.linsi",359,0.00618710985101194
"GALGAL_R05539.c123.linsi",361,0.0182373371135154
"GALGAL_R05540.c123.linsi",337,0.013160167161324
"GALGAL_R05541.c123.linsi",350,0.0084487624428117
"GALGAL_R05542.c123.linsi",172,0.00786167002869233
"GALGAL_R05543.c123.linsi",355,0.0597812059588147
"GALGAL_R05544.c123.linsi",353,0.00704176167282215
"GALGAL_R05545.c123.linsi",343,0.0716670289698377
"GALGAL_R05546.c123.linsi",345,0.0162445220029442
"GALGAL_R05547.c123.linsi",337,0.00276352927509735
"GALGAL_R05548.c123.linsi",8,0.0267375520069358
"GALGAL_R05549.c123.linsi",328,0.0132688053443486
"GALGAL_R05550.c123.linsi",330,0.0315462198497602
"GALGAL_R05551.c123.linsi",341,0.0170841382242227
"GALGAL_R05552.c123.linsi",338,0.0247002749506795
"GALGAL_R05553.c123.linsi",313,0.101988670490125
"GALGAL_R05554.c123.linsi",322,0.00638592553981234
"GALGAL_R05555.c123.linsi",278,0.00859514115452914
"GALGAL_R05556.c123.linsi",356,0.0030061813712427
"GALGAL_R05557.c123.linsi",339,0.00609909043047295
"GALGAL_R05558.c123.linsi",353,0.00443465855690688
"GALGAL_R05559.c123.linsi",361,0.00275301550547917
"GALGAL_R05560.c123.linsi",71,0.014777003266773
"GALGAL_R05561.c123.linsi",197,0.038312981420026
"GALGAL_R05562.c123.linsi",39,0.045060220682438
"GALGAL_R05563.c123.linsi",348,0.00574034956887067
"GALGAL_R05564.c123.linsi",8,0.00419312883080682
"GALGAL_R05565.c123.linsi",117,0.00436375649723909
"GALGAL_R05567.c123.linsi",308,0.0132178823561198
"GALGAL_R05568.c123.linsi",352,0.0136345053419518
"GALGAL_R05569.c123.linsi",174,0.0189512379913712
"GALGAL_R05570.c123.linsi",290,0.0128763388501829
"GALGAL_R05573.c123.linsi",354,0.0178113237692152
"GALGAL_R05574.c123.linsi",13,0.00503780425326852
"GALGAL_R05575.c123.linsi",357,0.00517970228916622
"GALGAL_R05576.c123.linsi",303,0.000808963751208491
"GALGAL_R05577.c123.linsi",348,0.00274057767952165
"GALGAL_R05578.c123.linsi",175,0.0034969451203544
"GALGAL_R05579.c123.linsi",356,0.00153480870480139
"GALGAL_R05580.c123.linsi",300,0.0112067772769205
"GALGAL_R05581.c123.linsi",10,0.0227112441794527
"GALGAL_R05582.c123.linsi",328,0.0067959824043144
"GALGAL_R05583.c123.linsi",319,0.0228762446720934
"GALGAL_R05584.c123.linsi",192,0.011108192926111
"GALGAL_R05585.c123.linsi",278,0.0115953539923498
"GALGAL_R05586.c123.linsi",331,0.0139906000438116
"GALGAL_R05587.c123.linsi",118,0.0238495111449746
"GALGAL_R05588.c123.linsi",343,0.031193518366794
"GALGAL_R05589.c123.linsi",344,0.013824570924746
"GALGAL_R05590.c123.linsi",172,0.00590326972895008
"GALGAL_R05591.c123.linsi",29,0.016918156718211
"GALGAL_R05594.c123.linsi",118,0.00935471737796299
"GALGAL_R05595.c123.linsi",281,0.00914401848928461
"GALGAL_R05597.c123.linsi",291,0.00387164264873417
"GALGAL_R05598.c123.linsi",348,0.0206298947888143
"GALGAL_R05599.c123.linsi",309,0.0091333052467422
"GALGAL_R05600.c123.linsi",249,0.0138545029790792
"GALGAL_R05601.c123.linsi",294,0.011536506235756
"GALGAL_R05602.c123.linsi",277,0.0154609401243208
"GALGAL_R05603.c123.linsi",329,0.0566245601382751
"GALGAL_R05604.c123.linsi",318,0.0055391259852065
"GALGAL_R05605.c123.linsi",274,0.0130568812241135
"GALGAL_R05606.c123.linsi",210,0.0195706690862621
"GALGAL_R05607.c123.linsi",352,0.0189873699849568
"GALGAL_R05608.c123.linsi",208,0.0380787321591264
"GALGAL_R05609.c123.linsi",339,0.0112292508301945
"GALGAL_R05610.c123.linsi",352,0.0174075451581123
"GALGAL_R05611.c123.linsi",320,0.00709054724322816
"GALGAL_R05613.c123.linsi",300,0.0154765742704374
"GALGAL_R05614.c123.linsi",24,0.0134962589984718
"GALGAL_R05615.c123.linsi",350,0.0165801482537235
"GALGAL_R05616.c123.linsi",298,0.0016439653079812
"GALGAL_R05618.c123.linsi",9,0.00879498914618373
"GALGAL_R05619.c123.linsi",9,0.0128004355870168
"GALGAL_R05620.c123.linsi",361,0.00221591472308075
"GALGAL_R05621.c123.linsi",281,0.011035364907957
"GALGAL_R05622.c123.linsi",346,0.00419709751534142
"GALGAL_R05623.c123.linsi",308,0.00536568504622778
"GALGAL_R05624.c123.linsi",297,0.00552575681897246
"GALGAL_R05625.c123.linsi",352,0.0117902258909834
"GALGAL_R05626.c123.linsi",361,0.0210274739538381
"GALGAL_R05627.c123.linsi",353,0.0185980905934894
"GALGAL_R05628.c123.linsi",360,0.0180426253336028
"GALGAL_R05629.c123.linsi",328,0.00259927895314591
"GALGAL_R05630.c123.linsi",337,0.00835781006525453
"GALGAL_R05631.c123.linsi",234,0.00403128547040273
"GALGAL_R05632.c123.linsi",350,0.00883729998446333
"GALGAL_R05633.c123.linsi",356,0.00713496970673718
"GALGAL_R05634.c123.linsi",353,0.0385847226392651
"GALGAL_R05635.c123.linsi",335,0.0138348868153165
"GALGAL_R05636.c123.linsi",336,0.0149976669307584
"GALGAL_R05637.c123.linsi",356,0.0290576427709711
"GALGAL_R05638.c123.linsi",269,0.0143274558806079
"GALGAL_R05639.c123.linsi",327,0.0363650752431232
"GALGAL_R05640.c123.linsi",356,0.0122110558073696
"GALGAL_R05641.c123.linsi",190,0.00693624962542463
"GALGAL_R05642.c123.linsi",327,0.00697994487642136
"GALGAL_R05643.c123.linsi",335,0.00901146872263312
"GALGAL_R05644.c123.linsi",25,0.0254977465073356
"GALGAL_R05645.c123.linsi",297,0.0183065134211295
"GALGAL_R05646.c123.linsi",32,0.0376282151467842
"GALGAL_R05647.c123.linsi",323,0.0208167429482279
"GALGAL_R05648.c123.linsi",356,0.030466800831394
"GALGAL_R05649.c123.linsi",328,0.0279322158460924
"GALGAL_R05650.c123.linsi",302,0.0181875121645987
"GALGAL_R05651.c123.linsi",317,0.0100637493874096
"GALGAL_R05652.c123.linsi",357,0.0214458197673297
"GALGAL_R05653.c123.linsi",347,0.0207486619676932
"GALGAL_R05654.c123.linsi",339,0.0206368433195148
"GALGAL_R05655.c123.linsi",346,0.00992139018942157
"GALGAL_R05656.c123.linsi",346,0.034620134379171
"GALGAL_R05657.c123.linsi",12,0.0105768324827903
"GALGAL_R05658.c123.linsi",308,0.0226740637439383
"GALGAL_R05665.c123.linsi",358,0.0127423985689588
"GALGAL_R05666.c123.linsi",356,0.000491250085372388
"GALGAL_R05667.c123.linsi",358,0.00379539936754807
"GALGAL_R05668.c123.linsi",331,0.00406402059069494
"GALGAL_R05669.c123.linsi",360,0.00508923981822887
"GALGAL_R05670.c123.linsi",358,0.0174830658104906
"GALGAL_R05671.c123.linsi",363,0.0139467691752686
"GALGAL_R05672.c123.linsi",359,0.0173380263913955
"GALGAL_R05673.c123.linsi",349,0.00366143847110737
"GALGAL_R05674.c123.linsi",323,0.0265097877534807
"GALGAL_R05675.c123.linsi",360,0.0161261129923393
"GALGAL_R05676.c123.linsi",358,0.009191509404954
"GALGAL_R05677.c123.linsi",351,0.00209051281131803
"GALGAL_R05678.c123.linsi",363,0.00279680741241072
"GALGAL_R05679.c123.linsi",351,0.0174733233032533
"GALGAL_R05680.c123.linsi",357,0.0129369756293238
"GALGAL_R05681.c123.linsi",357,0.00199440001175299
"GALGAL_R05682.c123.linsi",355,0.01222649268453
"GALGAL_R05683.c123.linsi",342,0.0104918236451721
"GALGAL_R05684.c123.linsi",355,0.0070489533343539
"GALGAL_R05685.c123.linsi",355,0.00776490412438498
"GALGAL_R05686.c123.linsi",334,0.00625688045064467
"GALGAL_R05687.c123.linsi",362,0.00297497007985094
"GALGAL_R05688.c123.linsi",353,0.00390416081067015
"GALGAL_R05689.c123.linsi",337,0.00451378274757494
"GALGAL_R05690.c123.linsi",344,0.0189310074122036
"GALGAL_R05691.c123.linsi",357,0.00607533573877049
"GALGAL_R05692.c123.linsi",354,0.00594444839766295
"GALGAL_R05693.c123.linsi",299,0.00821574910007224
"GALGAL_R05694.c123.linsi",307,0.00250040684957162
"GALGAL_R05695.c123.linsi",351,0.00297368999167693
"GALGAL_R05696.c123.linsi",346,0.00916681620491669
"GALGAL_R05697.c123.linsi",358,0.00290241306026862
"GALGAL_R05698.c123.linsi",341,0.00654603292014211
"GALGAL_R05699.c123.linsi",360,0.00733949683325202
"GALGAL_R05700.c123.linsi",262,0.00556465216181247
"GALGAL_R05701.c123.linsi",361,0.00534764504601716
"GALGAL_R05702.c123.linsi",356,0.00376033429412296
"GALGAL_R05703.c123.linsi",360,0.00365229851347197
"GALGAL_R05704.c123.linsi",353,0.00169069188423521
"GALGAL_R05705.c123.linsi",363,0.00286591576418798
"GALGAL_R05706.c123.linsi",359,0.00230063676784546
"GALGAL_R05707.c123.linsi",323,0.00239470016919483
"GALGAL_R05708.c123.linsi",359,0.00471631819394383
"GALGAL_R05709.c123.linsi",356,0.000648115179548617
"GALGAL_R05710.c123.linsi",357,0.00146695484460095
"GALGAL_R05711.c123.linsi",356,0.0116502307787983
"GALGAL_R05712.c123.linsi",331,0.00208313959396168
"GALGAL_R05713.c123.linsi",345,0.0012547197965129
"GALGAL_R05714.c123.linsi",347,0.00282399274320931
"GALGAL_R05715.c123.linsi",354,0.00263784373531603
"GALGAL_R05716.c123.linsi",358,0.00454813354310974
"GALGAL_R05717.c123.linsi",260,0.0192729637831813
"GALGAL_R05718.c123.linsi",356,0.00391651313125377
"GALGAL_R05719.c123.linsi",355,0.00629042870775485
"GALGAL_R05720.c123.linsi",359,0.00312997441349023
"GALGAL_R05721.c123.linsi",356,0.000982094152440691
"GALGAL_R05722.c123.linsi",358,0.00291989742229575
"GALGAL_R05724.c123.linsi",350,0.00190003149342778
"GALGAL_R05725.c123.linsi",342,0.00761493914564927
"GALGAL_R05726.c123.linsi",361,0.00623320528348123
"GALGAL_R05727.c123.linsi",343,0.00285640776757526
"GALGAL_R05728.c123.linsi",356,0.00169977876530187
"GALGAL_R05729.c123.linsi",327,0.00405311858703045
"GALGAL_R05730.c123.linsi",359,0.00533526103682034
"GALGAL_R05731.c123.linsi",357,0.00626864104161029
"GALGAL_R05732.c123.linsi",309,0.0139644568939666
"GALGAL_R05733.c123.linsi",343,0.00566806946982738
"GALGAL_R05734.c123.linsi",307,0.00108365082287881
"GALGAL_R05735.c123.linsi",351,0.00693721357957005
"GALGAL_R05736.c123.linsi",345,0.00146260629617796
"GALGAL_R05737.c123.linsi",356,0.00454777452413726
"GALGAL_R05738.c123.linsi",360,0.00276407412503251
"GALGAL_R05739.c123.linsi",354,0.0028361127508117
"GALGAL_R05740.c123.linsi",358,0.00327154181123999
"GALGAL_R05741.c123.linsi",360,0.0143151266808492
"GALGAL_R05742.c123.linsi",345,0.0126300746075741
"GALGAL_R05743.c123.linsi",338,0.00228637119959476
"GALGAL_R05744.c123.linsi",338,0.0146894590474107
"GALGAL_R05745.c123.linsi",298,0.0027443842878578
"GALGAL_R05746.c123.linsi",332,0.0029570384091242
"GALGAL_R05747.c123.linsi",266,0.0156182067147301
"GALGAL_R05748.c123.linsi",330,0.00154589167023187
"GALGAL_R05749.c123.linsi",361,0.00224676753779107
"GALGAL_R05750.c123.linsi",360,0.00510524144522312
"GALGAL_R05751.c123.linsi",288,0.000710125225155201
"GALGAL_R05752.c123.linsi",341,0.00169043544915717
"GALGAL_R05753.c123.linsi",315,0.00325729278204504
"GALGAL_R05754.c123.linsi",355,0.00916724542002418
"GALGAL_R05755.c123.linsi",345,0.00259160522986729
"GALGAL_R05756.c123.linsi",267,0.00344346190053216
"GALGAL_R05757.c123.linsi",356,0.00671657212265886
"GALGAL_R05758.c123.linsi",357,0.00255189994439037
"GALGAL_R05759.c123.linsi",354,0.00215750377086969
"GALGAL_R05760.c123.linsi",356,0.0125963809169886
"GALGAL_R05761.c123.linsi",353,0.00288357224376842
"GALGAL_R05762.c123.linsi",361,0.0096696975482062
"GALGAL_R05763.c123.linsi",276,0.00800881006757899
"GALGAL_R05764.c123.linsi",356,0.00731591415655344
"GALGAL_R05765.c123.linsi",342,0.0166779030013614
"GALGAL_R05766.c123.linsi",326,0.00152063165479524
"GALGAL_R05767.c123.linsi",362,0.00411732809193878
"GALGAL_R05768.c123.linsi",348,0.00247820714886065
"GALGAL_R05769.c123.linsi",357,0.00357805326164112
"GALGAL_R05770.c123.linsi",352,0.00913603534424178
"GALGAL_R05771.c123.linsi",362,0.00324170630459694
"GALGAL_R05772.c123.linsi",346,0.0319835199009123
"GALGAL_R05773.c123.linsi",344,0.0024783886745199
"GALGAL_R05774.c123.linsi",346,0.00181766568196448
"GALGAL_R05775.c123.linsi",334,0.00448197105374986
"GALGAL_R05776.c123.linsi",292,0.000458137327953815
"GALGAL_R05777.c123.linsi",319,0.000940082237516763
"GALGAL_R05778.c123.linsi",363,0.00224774807803997
"GALGAL_R05779.c123.linsi",340,0.0126265751029233
"GALGAL_R05780.c123.linsi",348,0.00299384456358127
"GALGAL_R05781.c123.linsi",216,0.00449009500266532
"GALGAL_R05782.c123.linsi",362,0.00511338614960304
"GALGAL_R05783.c123.linsi",350,0.00785630771472562
"GALGAL_R05784.c123.linsi",360,0.0030647895653018
"GALGAL_R05785.c123.linsi",360,0.00168012693768018
"GALGAL_R05786.c123.linsi",356,0.00421362476000877
"GALGAL_R05787.c123.linsi",355,0.00277790305471422
"GALGAL_R05788.c123.linsi",361,0.0111237797621471
"GALGAL_R05789.c123.linsi",333,0.00995860383156771
"GALGAL_R05790.c123.linsi",358,0.00261182331157771
"GALGAL_R05791.c123.linsi",359,0.003131803335748
"GALGAL_R05792.c123.linsi",347,0.00385931187176586
"GALGAL_R05793.c123.linsi",358,0.00235942855114836
"GALGAL_R05794.c123.linsi",360,0.00349597852822634
"GALGAL_R05795.c123.linsi",356,0.0172478254474991
"GALGAL_R05796.c123.linsi",349,0.00810584638290419
"GALGAL_R05797.c123.linsi",344,0.00312634398408636
"GALGAL_R05798.c123.linsi",357,0.0114630899075938
"GALGAL_R05799.c123.linsi",324,0.00137235712872284
"GALGAL_R05800.c123.linsi",336,0.00113722100684759
"GALGAL_R05802.c123.linsi",356,0.00108982868695681
"GALGAL_R05803.c123.linsi",358,0.00354225468493426
"GALGAL_R05804.c123.linsi",357,0.0146482107428864
"GALGAL_R05805.c123.linsi",348,0.000475871789312147
"GALGAL_R05806.c123.linsi",359,0.00379177525351374
"GALGAL_R05807.c123.linsi",348,0.0127469512593193
"GALGAL_R05808.c123.linsi",316,0.00174242216919887
"GALGAL_R05809.c123.linsi",333,0.00293481958129932
"GALGAL_R05810.c123.linsi",359,0.00171707599460318
"GALGAL_R05811.c123.linsi",352,0.00941807943073884
"GALGAL_R05816.c123.linsi",357,0.00600922803455599
"GALGAL_R05817.c123.linsi",351,0.00921449782571562
"GALGAL_R05819.c123.linsi",340,0.00161105022182204
"GALGAL_R05820.c123.linsi",338,0.00675424977113495
"GALGAL_R05821.c123.linsi",350,0.0105031568797197
"GALGAL_R05822.c123.linsi",326,0.00375015930468813
"GALGAL_R05823.c123.linsi",319,0.00757622612891859
"GALGAL_R05824.c123.linsi",356,0.00996709596663619
"GALGAL_R05825.c123.linsi",339,0.00710747317155664
"GALGAL_R05826.c123.linsi",340,0.00289301115477053
"GALGAL_R05827.c123.linsi",353,0.0194401513084867
"GALGAL_R05828.c123.linsi",346,0.00622264029862466
"GALGAL_R05829.c123.linsi",349,0.0227577142105037
"GALGAL_R05830.c123.linsi",334,0.0116944197019291
"GALGAL_R05831.c123.linsi",348,0.0189007754875296
"GALGAL_R05832.c123.linsi",354,0.0311017965273253
"GALGAL_R05833.c123.linsi",339,0.0164334626813856
"GALGAL_R05834.c123.linsi",354,0.0232540254694841
"GALGAL_R05835.c123.linsi",322,0.0998139604426155
"GALGAL_R05836.c123.linsi",319,0.0668795555067755
"GALGAL_R05837.c123.linsi",357,0.0743974796191788
"GALGAL_R05838.c123.linsi",348,0.0542243012183303
"GALGAL_R05840.c123.linsi",357,0.00165333613411826
"GALGAL_R05841.c123.linsi",353,0.00654221877761348
"GALGAL_R05842.c123.linsi",294,0.00605369782516674
"GALGAL_R05843.c123.linsi",357,0.0166767797306608
"GALGAL_R05844.c123.linsi",353,0.0191014981546404
"GALGAL_R05845.c123.linsi",361,0.00412722948428304
"GALGAL_R05846.c123.linsi",359,0.0102708731239115
"GALGAL_R05847.c123.linsi",360,0.0106509954048289
"GALGAL_R05848.c123.linsi",359,0.0192393332136319
"GALGAL_R05849.c123.linsi",358,0.0171165157103764
"GALGAL_R05850.c123.linsi",361,0.0114405190430223
"GALGAL_R05851.c123.linsi",350,0.0316975437081895
"GALGAL_R05852.c123.linsi",329,0.00186372652236198
"GALGAL_R05853.c123.linsi",278,0.00325958724564151
"GALGAL_R05856.c123.linsi",353,0.00869160826523261
"GALGAL_R05857.c123.linsi",361,0.00243372795151912
"GALGAL_R05858.c123.linsi",363,0.00755245256124719
"GALGAL_R05859.c123.linsi",314,0.00460543084432754
"GALGAL_R05860.c123.linsi",354,0.051737459122959
"GALGAL_R05861.c123.linsi",332,0.00404839426233416
"GALGAL_R05862.c123.linsi",216,0.00586539400115603
"GALGAL_R05863.c123.linsi",352,0.0349957220328948
"GALGAL_R05864.c123.linsi",265,0.0131952420110098
"GALGAL_R05865.c123.linsi",358,0.00774700663949739
"GALGAL_R05866.c123.linsi",351,0.00311611774747227
"GALGAL_R05867.c123.linsi",359,0.00564329873269568
"GALGAL_R05868.c123.linsi",355,0.00267468978718602
"GALGAL_R05869.c123.linsi",356,0.0371333476404959
"GALGAL_R05870.c123.linsi",341,0.00583751348174448
"GALGAL_R05872.c123.linsi",331,0.0464540133890489
"GALGAL_R05876.c123.linsi",352,0.00886483156927857
"GALGAL_R05877.c123.linsi",18,0.00922146724023935
"GALGAL_R05878.c123.linsi",19,0.00584119145012013
"GALGAL_R05879.c123.linsi",350,0.00293798403033437
"GALGAL_R05880.c123.linsi",309,0.00494057681995873
"GALGAL_R05881.c123.linsi",358,0.0113112470698473
"GALGAL_R05882.c123.linsi",360,0.00291321816070526
"GALGAL_R05883.c123.linsi",6,0.0174096971741036
"GALGAL_R05884.c123.linsi",253,0.00398685099928107
"GALGAL_R05885.c123.linsi",358,0.0101463952794914
"GALGAL_R05886.c123.linsi",346,0.0408107839251492
"GALGAL_R05887.c123.linsi",355,0.0243130585221113
"GALGAL_R05888.c123.linsi",338,0.00763341443832662
"GALGAL_R05889.c123.linsi",230,0.00766165686081437
"GALGAL_R05890.c123.linsi",351,0.0079030267003085
"GALGAL_R05891.c123.linsi",324,0.0381887234965459
"GALGAL_R05892.c123.linsi",321,0.0139727000306415
"GALGAL_R05893.c123.linsi",316,0.00201453806459195
"GALGAL_R05894.c123.linsi",339,0.00296063687279745
"GALGAL_R05895.c123.linsi",293,0.00858889030567705
"GALGAL_R05896.c123.linsi",338,0.0260467886766184
"GALGAL_R05897.c123.linsi",158,0.00409813687411118
"GALGAL_R05898.c123.linsi",332,0.00699754181568119
"GALGAL_R05899.c123.linsi",344,0.0156302355795388
"GALGAL_R05900.c123.linsi",191,0.00746803636507096
"GALGAL_R05901.c123.linsi",359,0.00689052177678991
"GALGAL_R05902.c123.linsi",15,0.00983657388543766
"GALGAL_R05903.c123.linsi",327,0.0055368602918068
"GALGAL_R05904.c123.linsi",130,0.00348244014306945
"GALGAL_R05905.c123.linsi",358,0.0116216121974637
"GALGAL_R05906.c123.linsi",349,0.0140533019968802
"GALGAL_R05907.c123.linsi",356,0.00416345666432057
"GALGAL_R05908.c123.linsi",350,0.00789244258106503
"GALGAL_R05909.c123.linsi",310,0.00212731237620537
"GALGAL_R05910.c123.linsi",359,0.0137646439555991
"GALGAL_R05911.c123.linsi",354,0.00672247836468117
"GALGAL_R05912.c123.linsi",4,0.0722778263089846
"GALGAL_R05913.c123.linsi",357,0.00749922332743648
"GALGAL_R05914.c123.linsi",362,0.0118500955123582
"GALGAL_R05915.c123.linsi",82,0.00673571963624789
"GALGAL_R05916.c123.linsi",348,0.0111860782056375
"GALGAL_R05917.c123.linsi",356,0.00699965190532321
"GALGAL_R05919.c123.linsi",325,0.00576722044337984
"GALGAL_R05920.c123.linsi",351,0.00421750471878987
"GALGAL_R05921.c123.linsi",318,0.00181131561272967
"GALGAL_R05922.c123.linsi",320,0.00205927123172661
"GALGAL_R05923.c123.linsi",338,0.0015051688383269
"GALGAL_R05924.c123.linsi",357,0.00259012819441966
"GALGAL_R05925.c123.linsi",348,0.00511555335929945
"GALGAL_R05926.c123.linsi",358,0.0231834026676316
"GALGAL_R05927.c123.linsi",313,0.0032614982477463
"GALGAL_R05928.c123.linsi",351,0.0029225126094159
"GALGAL_R05929.c123.linsi",357,0.00116350855933282
"GALGAL_R05930.c123.linsi",349,0.00204492611853829
"GALGAL_R05931.c123.linsi",34,0.00404464835134395
"GALGAL_R05932.c123.linsi",114,0.00286904373606982
"GALGAL_R05933.c123.linsi",338,0.00274138273726576
"GALGAL_R05934.c123.linsi",319,0.00284158598590394
"GALGAL_R05935.c123.linsi",360,0.00645500906126429
"GALGAL_R05936.c123.linsi",338,0.00473762733267002
"GALGAL_R05937.c123.linsi",254,0.00352944220288477
"GALGAL_R05938.c123.linsi",297,0.00289882307759447
"GALGAL_R05939.c123.linsi",355,0.0263970651275031
"GALGAL_R05940.c123.linsi",352,0.00935076574304592
"GALGAL_R05941.c123.linsi",359,0.00155933594108295
"GALGAL_R05942.c123.linsi",354,0.00966422791275153
"GALGAL_R05943.c123.linsi",350,0.00952668729507194
"GALGAL_R05945.c123.linsi",359,0.0219222416160955
"GALGAL_R05946.c123.linsi",135,0.0130575079679153
"GALGAL_R05947.c123.linsi",346,0.00457805694730031
"GALGAL_R05948.c123.linsi",347,0.00277976606139211
"GALGAL_R05949.c123.linsi",349,0.0074286246452203
"GALGAL_R05950.c123.linsi",348,0.00180008484547058
"GALGAL_R05951.c123.linsi",359,0.00812581465554866
"GALGAL_R05952.c123.linsi",350,0.00153815639057123
"GALGAL_R05953.c123.linsi",357,0.00612823434497813
"GALGAL_R05954.c123.linsi",27,0.03400015141446
"GALGAL_R05955.c123.linsi",353,0.00162730488321413
"GALGAL_R05956.c123.linsi",343,0.0111430744739412
"GALGAL_R05957.c123.linsi",358,0.0128115440095912
"GALGAL_R05958.c123.linsi",348,0.00492861173115142
"GALGAL_R05959.c123.linsi",336,0.0137587846304341
"GALGAL_R05960.c123.linsi",348,0.00815214282465692
"GALGAL_R05961.c123.linsi",361,0.0046973942521486
"GALGAL_R05962.c123.linsi",341,0.00481757812528483
"GALGAL_R05963.c123.linsi",9,0.00681010558985308
"GALGAL_R05964.c123.linsi",342,0.00518710975860799
"GALGAL_R05965.c123.linsi",358,0.0186200455224301
"GALGAL_R05966.c123.linsi",354,0.00694739839390594
"GALGAL_R05967.c123.linsi",264,0.0381439585858915
"GALGAL_R05971.c123.linsi",353,0.0219369281249948
"GALGAL_R05972.c123.linsi",250,0.0569184567139247
"GALGAL_R05973.c123.linsi",330,0.0290793580752122
"GALGAL_R05974.c123.linsi",308,0.0345285744348282
"GALGAL_R05975.c123.linsi",332,0.034968686118055
"GALGAL_R05976.c123.linsi",285,0.0114132337273127
"GALGAL_R05977.c123.linsi",356,0.0234978530501113
"GALGAL_R05978.c123.linsi",339,0.0530594794172228
"GALGAL_R05979.c123.linsi",254,0.0569029579807428
"GALGAL_R05980.c123.linsi",335,0.0619711299432653
"GALGAL_R05981.c123.linsi",340,0.00465423641271758
"GALGAL_R05982.c123.linsi",208,0.0384509075957082
"GALGAL_R05983.c123.linsi",5,0.0213787619847839
"GALGAL_R05984.c123.linsi",343,0.00941911208955767
"GALGAL_R05985.c123.linsi",15,0.0398221523184359
"GALGAL_R05986.c123.linsi",353,0.0039338825720654
"GALGAL_R05987.c123.linsi",6,0.0137789255298095
"GALGAL_R05988.c123.linsi",4,0.0163469984946613
"GALGAL_R05989.c123.linsi",359,0.0260845862366007
"GALGAL_R05990.c123.linsi",326,0.00957558327728602
"GALGAL_R05991.c123.linsi",352,0.0126056420361552
"GALGAL_R05992.c123.linsi",337,0.00493304602976162
"GALGAL_R05993.c123.linsi",359,0.00991573771967763
"GALGAL_R05994.c123.linsi",134,0.021125100476756
"GALGAL_R05995.c123.linsi",293,0.00394353732992129
"GALGAL_R05996.c123.linsi",348,0.0132883991711167
"GALGAL_R05997.c123.linsi",9,0.020311477995091
"GALGAL_R05998.c123.linsi",154,0.00387185961938571
"GALGAL_R05999.c123.linsi",303,0.0157149960823564
"GALGAL_R06001.c123.linsi",7,0.0157288339626088
"GALGAL_R06002.c123.linsi",5,0.0316485250324215
"GALGAL_R06003.c123.linsi",289,0.0182895048154723
"GALGAL_R06004.c123.linsi",357,0.0029987070241039
"GALGAL_R06005.c123.linsi",331,0.00813465896376253
"GALGAL_R06006.c123.linsi",343,0.0191706294635451
"GALGAL_R06007.c123.linsi",340,0.00445014355580126
"GALGAL_R06008.c123.linsi",324,0.0249917134064921
"GALGAL_R06009.c123.linsi",257,0.0134852818126249
"GALGAL_R06010.c123.linsi",360,0.0435799800245486
"GALGAL_R06011.c123.linsi",285,0.0115422408961367
"GALGAL_R06012.c123.linsi",360,0.00605904851603585
"GALGAL_R06013.c123.linsi",250,0.00591787544670065
"GALGAL_R06014.c123.linsi",352,0.00730023300804976
"GALGAL_R06015.c123.linsi",344,0.0287699487370178
"GALGAL_R06016.c123.linsi",357,0.0257503855339893
"GALGAL_R06017.c123.linsi",341,0.022698195896298
"GALGAL_R06018.c123.linsi",352,0.0129470129155371
"GALGAL_R06019.c123.linsi",349,0.00857651936805794
"GALGAL_R06020.c123.linsi",319,0.00476279929463999
"GALGAL_R06021.c123.linsi",334,0.00193868963670996
"GALGAL_R06022.c123.linsi",334,0.00437026874303672
"GALGAL_R06023.c123.linsi",359,0.00496274683851991
"GALGAL_R06024.c123.linsi",344,0.00191378578204795
"GALGAL_R06025.c123.linsi",332,0.00670756766998839
"GALGAL_R06026.c123.linsi",316,0.0068541383361424
"GALGAL_R06027.c123.linsi",349,0.00567029981774183
"GALGAL_R06028.c123.linsi",356,0.00550094428887311
"GALGAL_R06029.c123.linsi",357,0.00618006344622923
"GALGAL_R06030.c123.linsi",354,0.0056612107073297
"GALGAL_R06031.c123.linsi",355,0.00236944807410457
"GALGAL_R06032.c123.linsi",321,0.00122686459990987
"GALGAL_R06033.c123.linsi",342,0.00514191960622989
"GALGAL_R06034.c123.linsi",348,0.00337651291625661
"GALGAL_R06035.c123.linsi",360,0.00688758658260205
"GALGAL_R06036.c123.linsi",340,0.00411401544903331
"GALGAL_R06037.c123.linsi",337,0.00678403798904038
"GALGAL_R06038.c123.linsi",355,0.00935526261472986
"GALGAL_R06039.c123.linsi",196,0.000902904479989143
"GALGAL_R06040.c123.linsi",361,0.0123127802800393
"GALGAL_R06041.c123.linsi",321,0.00223151248378398
"GALGAL_R06042.c123.linsi",345,0.00481008723003475
"GALGAL_R06043.c123.linsi",324,0.00240083920226088
"GALGAL_R06044.c123.linsi",359,0.00248733093388598
"GALGAL_R06045.c123.linsi",359,0.00217889022293926
"GALGAL_R06046.c123.linsi",353,0.00317179798280142
"GALGAL_R06047.c123.linsi",360,0.002936675823374
"GALGAL_R06048.c123.linsi",361,0.0111214021820005
"GALGAL_R06049.c123.linsi",312,0.00211640597058445
"GALGAL_R06050.c123.linsi",345,0.0042335642571991
"GALGAL_R06051.c123.linsi",349,0.0253877787339903
"GALGAL_R06052.c123.linsi",358,0.00224637821424414
"GALGAL_R06053.c123.linsi",327,0.00359575558053096
"GALGAL_R06054.c123.linsi",358,0.0494460695126544
"GALGAL_R06055.c123.linsi",362,0.0110409096686939
"GALGAL_R06056.c123.linsi",343,0.00240399543947776
"GALGAL_R06057.c123.linsi",344,0.00735550296545483
"GALGAL_R06058.c123.linsi",295,0.00174570536534053
"GALGAL_R06059.c123.linsi",336,0.00172990215244006
"GALGAL_R06060.c123.linsi",311,0.0123217623542391
"GALGAL_R06061.c123.linsi",357,0.00336255062690007
"GALGAL_R06062.c123.linsi",292,0.022158231684453
"GALGAL_R06063.c123.linsi",357,0.00359075926128656
"GALGAL_R06064.c123.linsi",355,0.0376376773838823
"GALGAL_R06065.c123.linsi",327,0.00489365926867055
"GALGAL_R06066.c123.linsi",349,0.00589538098951587
"GALGAL_R06067.c123.linsi",359,0.00691972527100072
"GALGAL_R06068.c123.linsi",359,0.00530037928791636
"GALGAL_R06069.c123.linsi",351,0.0065842313677352
"GALGAL_R06070.c123.linsi",346,0.0281213915233506
"GALGAL_R06071.c123.linsi",348,0.0103512677582932
"GALGAL_R06072.c123.linsi",314,0.0130923859540604
"GALGAL_R06073.c123.linsi",308,0.0450594527345889
"GALGAL_R06074.c123.linsi",345,0.00308390221748365
"GALGAL_R06075.c123.linsi",357,0.00365151066902488
"GALGAL_R06076.c123.linsi",325,0.00830235872854586
"GALGAL_R06077.c123.linsi",338,0.00968424573431766
"GALGAL_R06078.c123.linsi",314,0.0153042318963783
"GALGAL_R06079.c123.linsi",306,0.00254082251862217
"GALGAL_R06080.c123.linsi",353,0.00515349618362805
"GALGAL_R06081.c123.linsi",354,0.00487121053887725
"GALGAL_R06082.c123.linsi",221,0.00652407775754416
"GALGAL_R06083.c123.linsi",344,0.00301693886866178
"GALGAL_R06084.c123.linsi",356,0.00792848863744109
"GALGAL_R06085.c123.linsi",351,0.0127402845993744
"GALGAL_R06086.c123.linsi",351,0.00477844123894336
"GALGAL_R06087.c123.linsi",348,0.0110980726483319
"GALGAL_R06088.c123.linsi",354,0.00593399237788437
"GALGAL_R06089.c123.linsi",358,0.00896365434689196
"GALGAL_R06090.c123.linsi",355,0.0169696296124307
"GALGAL_R06091.c123.linsi",340,0.0154868584720329
"GALGAL_R06092.c123.linsi",359,0.0115449068644087
"GALGAL_R06093.c123.linsi",342,0.0770077480305709
"GALGAL_R06094.c123.linsi",360,0.00789929479835346
"GALGAL_R06095.c123.linsi",346,0.0161112737860416
"GALGAL_R06096.c123.linsi",359,0.00579092665102065
"GALGAL_R06097.c123.linsi",357,0.0302414221992615
"GALGAL_R06098.c123.linsi",348,0.0322701950683018
"GALGAL_R06099.c123.linsi",315,0.0277133747350719
"GALGAL_R06100.c123.linsi",350,0.0816915856563794
"GALGAL_R06101.c123.linsi",345,0.0207546680669276
"GALGAL_R06102.c123.linsi",275,0.0366733417117065
"GALGAL_R06103.c123.linsi",354,0.0216050629771717
"GALGAL_R06104.c123.linsi",347,0.00181057135923253
"GALGAL_R06105.c123.linsi",358,0.00959538141058048
"GALGAL_R06106.c123.linsi",349,0.0513840704801367
"GALGAL_R06107.c123.linsi",233,0.00608223078469923
"GALGAL_R06109.c123.linsi",345,0.00964303323151405
"GALGAL_R06110.c123.linsi",363,0.00836528834122993
"GALGAL_R06111.c123.linsi",312,0.0181412029191411
"GALGAL_R06112.c123.linsi",341,0.0158117502659097
"GALGAL_R06113.c123.linsi",344,0.00725716378700262
"GALGAL_R06114.c123.linsi",329,0.00226620411704992
"GALGAL_R06115.c123.linsi",352,0.00153273563486091
"GALGAL_R06116.c123.linsi",314,0.0085334377305561
"GALGAL_R06117.c123.linsi",347,0.0163090148243065
"GALGAL_R06118.c123.linsi",344,0.00342688868342688
"GALGAL_R06119.c123.linsi",337,0.00459909608009614
"GALGAL_R06120.c123.linsi",355,0.0102918912256565
"GALGAL_R06121.c123.linsi",343,0.0163190312930776
"GALGAL_R06122.c123.linsi",360,0.0236460558189857
"GALGAL_R06123.c123.linsi",361,0.00332904707805079
"GALGAL_R06124.c123.linsi",362,0.00333197602126968
"GALGAL_R06125.c123.linsi",347,0.0169022543966138
"GALGAL_R06126.c123.linsi",354,0.00261776226102305
"GALGAL_R06127.c123.linsi",359,0.00913902185018849
"GALGAL_R06128.c123.linsi",358,0.00837653678335619
"GALGAL_R06129.c123.linsi",241,0.00601429248967061
"GALGAL_R06130.c123.linsi",328,0.00668593918572467
"GALGAL_R06131.c123.linsi",350,0.0118168803216626
"GALGAL_R06132.c123.linsi",360,0.00221871981302896
"GALGAL_R06133.c123.linsi",351,0.0049747899756882
"GALGAL_R06134.c123.linsi",353,0.0171918228074536
"GALGAL_R06135.c123.linsi",273,0.00674110934662849
"GALGAL_R06136.c123.linsi",360,0.00322957333390484
"GALGAL_R06137.c123.linsi",13,0.00704598152332306
"GALGAL_R06138.c123.linsi",139,0.00564146006536628
"GALGAL_R06139.c123.linsi",319,0.0136254896638048
"GALGAL_R06140.c123.linsi",288,0.0104307628248828
"GALGAL_R06141.c123.linsi",352,0.00803000111004444
"GALGAL_R06142.c123.linsi",347,0.0128604518904884
"GALGAL_R06143.c123.linsi",334,0.0115339839437117
"GALGAL_R06144.c123.linsi",359,0.0123525073967517
"GALGAL_R06145.c123.linsi",356,0.0754625835914996
"GALGAL_R06146.c123.linsi",357,0.00329890803989287
"GALGAL_R06147.c123.linsi",5,0.0169944844822006
"GALGAL_R06148.c123.linsi",339,0.0322565316622737
"GALGAL_R06149.c123.linsi",328,0.0127340593142701
"GALGAL_R06150.c123.linsi",361,0.00486072831723965
"GALGAL_R06151.c123.linsi",340,0.00770114508666154
"GALGAL_R06152.c123.linsi",335,0.00914354752162648
"GALGAL_R06153.c123.linsi",344,0.0042921612969
"GALGAL_R06154.c123.linsi",357,0.030010418689557
"GALGAL_R06155.c123.linsi",341,0.00475040313833162
"GALGAL_R06156.c123.linsi",320,0.0409224734122555
"GALGAL_R06157.c123.linsi",226,0.00784542465325614
"GALGAL_R06158.c123.linsi",354,0.00341472265933609
"GALGAL_R06159.c123.linsi",350,0.0064776608791936
"GALGAL_R06160.c123.linsi",352,0.012212286852936
"GALGAL_R06161.c123.linsi",357,0.00192698294156062
"GALGAL_R06162.c123.linsi",354,0.0130812508504374
"GALGAL_R06163.c123.linsi",359,0.00429749999155056
"GALGAL_R06164.c123.linsi",356,0.00655572300260458
"GALGAL_R06165.c123.linsi",360,0.00213198693928812
"GALGAL_R06166.c123.linsi",355,0.00996825812895372
"GALGAL_R06167.c123.linsi",355,0.00693755498671014
"GALGAL_R06168.c123.linsi",356,0.00363083080469411
"GALGAL_R06169.c123.linsi",292,0.0102595943048411
"GALGAL_R06170.c123.linsi",355,0.0443932364516112
"GALGAL_R06171.c123.linsi",354,0.0125414027589527
"GALGAL_R06172.c123.linsi",85,0.00318898254421402
"GALGAL_R06173.c123.linsi",331,0.0108818294550429
"GALGAL_R06174.c123.linsi",360,0.013521687363116
"GALGAL_R06175.c123.linsi",358,0.0074761869771849
"GALGAL_R06176.c123.linsi",349,0.020588280646098
"GALGAL_R06178.c123.linsi",82,0.00202588546208021
"GALGAL_R06179.c123.linsi",291,0.0123304972225831
"GALGAL_R06180.c123.linsi",358,0.0187623300670206
"GALGAL_R06181.c123.linsi",359,0.019643360738764
"GALGAL_R06182.c123.linsi",332,0.00944647067580067
"GALGAL_R06183.c123.linsi",309,0.00558350664757055
"GALGAL_R06184.c123.linsi",355,0.0109034372425376
"GALGAL_R06185.c123.linsi",331,0.00488570854394485
"GALGAL_R06186.c123.linsi",346,0.00505612759073671
"GALGAL_R06187.c123.linsi",354,0.0118556599664706
"GALGAL_R06188.c123.linsi",360,0.0191479490868885
"GALGAL_R06189.c123.linsi",340,0.0213727969664356
"GALGAL_R06190.c123.linsi",347,0.0148592055153848
"GALGAL_R06191.c123.linsi",337,0.00640879483301433
"GALGAL_R06192.c123.linsi",357,0.0112347648261125
"GALGAL_R06193.c123.linsi",340,0.00733755416155675
"GALGAL_R06197.c123.linsi",342,0.00193012614057207
"GALGAL_R06198.c123.linsi",137,0.00206598994177179
"GALGAL_R06199.c123.linsi",231,0.00541732052765771
"GALGAL_R06200.c123.linsi",332,0.0105377601303984
"GALGAL_R06201.c123.linsi",355,0.0125411127726912
"GALGAL_R06202.c123.linsi",360,0.0262528670693438
"GALGAL_R06203.c123.linsi",356,0.00333898202032129
"GALGAL_R06204.c123.linsi",342,0.0065734370386075
"GALGAL_R06205.c123.linsi",358,0.0096299728607496
"GALGAL_R06206.c123.linsi",339,0.00204332259719656
"GALGAL_R06207.c123.linsi",91,0.0012991034006014
"GALGAL_R06208.c123.linsi",285,0.00680903031311773
"GALGAL_R06209.c123.linsi",357,0.00411948489409876
"GALGAL_R06210.c123.linsi",360,0.00479924140920902
"GALGAL_R06211.c123.linsi",360,0.000982213269200642
"GALGAL_R06212.c123.linsi",352,0.00345805250138778
"GALGAL_R06213.c123.linsi",194,0.0291590759075069
"GALGAL_R06214.c123.linsi",357,0.00948847263481249
"GALGAL_R06215.c123.linsi",358,0.0201008625342766
"GALGAL_R06216.c123.linsi",61,0.0157057634574351
"GALGAL_R06217.c123.linsi",313,0.0384152486929956
"GALGAL_R06218.c123.linsi",361,0.0619205043616032
"GALGAL_R06219.c123.linsi",337,0.0719024055517346
"GALGAL_R06220.c123.linsi",356,0.0312342206021587
"GALGAL_R06221.c123.linsi",198,0.0282724439734257
"GALGAL_R06222.c123.linsi",349,0.0501675808203358
"GALGAL_R06223.c123.linsi",352,0.0258292708497417
"GALGAL_R06224.c123.linsi",19,0.0245816862571664
"GALGAL_R06225.c123.linsi",361,0.0329603399787337
"GALGAL_R06226.c123.linsi",349,0.0363830055227875
"GALGAL_R06227.c123.linsi",329,0.0471612616672823
"GALGAL_R06228.c123.linsi",315,0.071140382243578
"GALGAL_R06229.c123.linsi",349,0.0238861843625293
"GALGAL_R06230.c123.linsi",313,0.0401410163738132
"GALGAL_R06231.c123.linsi",359,0.00843982498789012
"GALGAL_R06232.c123.linsi",362,0.0107956943050834
"GALGAL_R06234.c123.linsi",342,0.0366957440938305
"GALGAL_R06235.c123.linsi",44,0.0155360984598249
"GALGAL_R06237.c123.linsi",5,0.0165530152655042
"GALGAL_R06238.c123.linsi",357,0.0152565755436806
"GALGAL_R06239.c123.linsi",348,0.00298394210168466
"GALGAL_R06240.c123.linsi",10,0.0128151026986478
"GALGAL_R06241.c123.linsi",258,0.0263650418559715
"GALGAL_R06243.c123.linsi",333,0.0786094691299115
"GALGAL_R06244.c123.linsi",350,0.0286714625678792
"GALGAL_R06245.c123.linsi",18,0.0146200532728522
"GALGAL_R06246.c123.linsi",271,0.14778658313668
"GALGAL_R06247.c123.linsi",356,0.00216388729983211
"GALGAL_R06248.c123.linsi",21,0.0228740222057402
"GALGAL_R06249.c123.linsi",323,0.0104373880395801
"GALGAL_R06250.c123.linsi",305,0.00564958896964494
"GALGAL_R06252.c123.linsi",129,0.0468087976446867
"GALGAL_R06253.c123.linsi",360,0.0047834635604398
"GALGAL_R06254.c123.linsi",74,0.00702647220829079
"GALGAL_R06255.c123.linsi",121,0.0105984699076241
"GALGAL_R06256.c123.linsi",60,0.0257636898693773
"GALGAL_R06257.c123.linsi",299,0.017245637573528
"GALGAL_R06258.c123.linsi",352,0.00729701932748298
"GALGAL_R06259.c123.linsi",313,0.0105261399551932
"GALGAL_R06260.c123.linsi",358,0.0321849819728122
"GALGAL_R06261.c123.linsi",229,0.0220885837748939
"GALGAL_R06262.c123.linsi",256,0.0160199076133715
"GALGAL_R06263.c123.linsi",361,0.00391834730483868
"GALGAL_R06264.c123.linsi",315,0.0364018415307106
"GALGAL_R06266.c123.linsi",345,0.00911626222583059
"GALGAL_R06267.c123.linsi",353,0.0506594688780196
"GALGAL_R06268.c123.linsi",324,0.00464962738615734
"GALGAL_R06269.c123.linsi",214,0.0244911020058015
"GALGAL_R06270.c123.linsi",363,0.00578094637209583
"GALGAL_R06271.c123.linsi",185,0.00945302731577104
"GALGAL_R06272.c123.linsi",349,0.0137215151192631
"GALGAL_R06273.c123.linsi",339,0.00862601542320155
"GALGAL_R06274.c123.linsi",331,0.0129632459933975
"GALGAL_R06275.c123.linsi",344,0.00483590480794989
"GALGAL_R06276.c123.linsi",332,0.0152086268231777
"GALGAL_R06277.c123.linsi",290,0.022722477149871
"GALGAL_R06278.c123.linsi",354,0.00719470621653798
"GALGAL_R06279.c123.linsi",348,0.0183055045893829
"GALGAL_R06280.c123.linsi",362,0.00664456475451666
"GALGAL_R06281.c123.linsi",360,0.0121947765432999
"GALGAL_R06282.c123.linsi",286,0.00254703274287102
"GALGAL_R06283.c123.linsi",356,0.0218001801253939
"GALGAL_R06284.c123.linsi",352,0.0292409037046855
"GALGAL_R06285.c123.linsi",355,0.0298425235023794
"GALGAL_R06286.c123.linsi",354,0.016692419188117
"GALGAL_R06287.c123.linsi",346,0.0312861276486881
"GALGAL_R06288.c123.linsi",28,0.0183640265426974
"GALGAL_R06289.c123.linsi",317,0.0173204439619505
"GALGAL_R06290.c123.linsi",359,0.00961085932355318
"GALGAL_R06291.c123.linsi",223,0.013723579167196
"GALGAL_R06292.c123.linsi",348,0.0101723195826438
"GALGAL_R06293.c123.linsi",351,0.00485454568424028
"GALGAL_R06294.c123.linsi",346,0.011245403744124
"GALGAL_R06295.c123.linsi",330,0.00662958896537654
"GALGAL_R06296.c123.linsi",331,0.0111621407518908
"GALGAL_R06297.c123.linsi",356,0.0114475605390791
"GALGAL_R06298.c123.linsi",310,0.00877413611356336
"GALGAL_R06299.c123.linsi",344,0.0128438465950806
"GALGAL_R06300.c123.linsi",356,0.0113099022619571
"GALGAL_R06301.c123.linsi",215,0.00266756900996868
"GALGAL_R06302.c123.linsi",335,0.0152829767232124
"GALGAL_R06303.c123.linsi",362,0.00843109342486876
"GALGAL_R06304.c123.linsi",225,0.00269507087638263
"GALGAL_R06305.c123.linsi",363,0.00882124642440283
"GALGAL_R06306.c123.linsi",341,0.00981878052652729
"GALGAL_R06307.c123.linsi",363,0.00465276304815884
"GALGAL_R06308.c123.linsi",363,0.00595081582995713
"GALGAL_R06309.c123.linsi",352,0.00460594175531303
"GALGAL_R06310.c123.linsi",351,0.00426468437944077
"GALGAL_R06311.c123.linsi",356,0.00396229863224408
"GALGAL_R06312.c123.linsi",361,0.0162210023235777
"GALGAL_R06313.c123.linsi",279,0.00254181239067916
"GALGAL_R06314.c123.linsi",331,0.00194105101781225
"GALGAL_R06315.c123.linsi",338,0.00170663089848635
"GALGAL_R06316.c123.linsi",341,0.00468290260005139
"GALGAL_R06317.c123.linsi",327,0.00466093408944808
"GALGAL_R06318.c123.linsi",269,0.018377482762429
"GALGAL_R06319.c123.linsi",257,0.00828530225204892
"GALGAL_R06320.c123.linsi",356,0.0121558443740913
"GALGAL_R06321.c123.linsi",325,0.00292915728588628
"GALGAL_R06322.c123.linsi",351,0.0055629553887563
"GALGAL_R06323.c123.linsi",359,0.0182399339847397
"GALGAL_R06324.c123.linsi",329,0.00365605339857069
"GALGAL_R06325.c123.linsi",328,0.0014527615140163
"GALGAL_R06326.c123.linsi",233,0.0404398324972254
"GALGAL_R06327.c123.linsi",338,0.000932642135937223
"GALGAL_R06328.c123.linsi",351,0.00601175823167086
"GALGAL_R06329.c123.linsi",360,0.0153854793957006
"GALGAL_R06330.c123.linsi",359,0.0134211541145525
"GALGAL_R06331.c123.linsi",357,0.00179106722916025
"GALGAL_R06332.c123.linsi",334,0.00303796230029116
"GALGAL_R06333.c123.linsi",360,0.0356910476040567
"GALGAL_R06334.c123.linsi",362,0.00351598836196224
"GALGAL_R06335.c123.linsi",361,0.00154267808847592
"GALGAL_R06336.c123.linsi",331,0.00559478041451714
"GALGAL_R06337.c123.linsi",354,0.00391464950177226
"GALGAL_R06338.c123.linsi",307,0.0109515927241284
"GALGAL_R06339.c123.linsi",360,0.00172717725523651
"GALGAL_R06340.c123.linsi",344,0.00566071090712513
"GALGAL_R06341.c123.linsi",348,0.00465122679552576
"GALGAL_R06342.c123.linsi",338,0.0127883146511275
"GALGAL_R06343.c123.linsi",351,0.00580708906262212
"GALGAL_R06344.c123.linsi",325,0.0183030126980555
"GALGAL_R06345.c123.linsi",349,0.0143863403688264
"GALGAL_R06346.c123.linsi",358,0.00919885170987321
"GALGAL_R06347.c123.linsi",14,0.0120931828459923
"GALGAL_R06348.c123.linsi",344,0.00838999533760991
"GALGAL_R06349.c123.linsi",358,0.00509394250383323
"GALGAL_R06350.c123.linsi",360,0.00386400166514114
"GALGAL_R06351.c123.linsi",329,0.00261908389926491
"GALGAL_R06352.c123.linsi",353,0.00416021613319563
"GALGAL_R06353.c123.linsi",359,0.00207036971637883
"GALGAL_R06354.c123.linsi",320,0.0109732154781895
"GALGAL_R06355.c123.linsi",339,0.00296268553043623
"GALGAL_R06356.c123.linsi",142,0.0193688365604724
"GALGAL_R06357.c123.linsi",360,0.00617489344575174
"GALGAL_R06358.c123.linsi",357,0.0448560336827977
"GALGAL_R06359.c123.linsi",354,0.0104050987699084
"GALGAL_R06360.c123.linsi",357,0.0275500763921785
"GALGAL_R06361.c123.linsi",356,0.00575844266390349
"GALGAL_R06362.c123.linsi",358,0.0114465448631445
"GALGAL_R06363.c123.linsi",359,0.0207544936424902
"GALGAL_R06364.c123.linsi",332,0.00164976960899342
"GALGAL_R06365.c123.linsi",352,0.0372733984434545
"GALGAL_R06366.c123.linsi",360,0.0191598047637878
"GALGAL_R06367.c123.linsi",349,0.0111376255828411
"GALGAL_R06368.c123.linsi",312,0.0312701938879795
"GALGAL_R06369.c123.linsi",353,0.0313717433349987
"GALGAL_R06370.c123.linsi",329,0.0411112285876544
"GALGAL_R06371.c123.linsi",341,0.0252547714660347
"GALGAL_R06372.c123.linsi",351,0.0274444867772437
"GALGAL_R06373.c123.linsi",352,0.0357855734934338
"GALGAL_R06374.c123.linsi",300,0.0246697809870398
"GALGAL_R06375.c123.linsi",357,0.019915852904927
"GALGAL_R06376.c123.linsi",356,0.0090023018579985
"GALGAL_R06377.c123.linsi",356,0.00747558471603896
"GALGAL_R06378.c123.linsi",348,0.00283023865651919
"GALGAL_R06379.c123.linsi",357,0.00574372398254602
"GALGAL_R06380.c123.linsi",360,0.051959042833737
"GALGAL_R06381.c123.linsi",362,0.00386876184756314
"GALGAL_R06382.c123.linsi",354,0.00489035616231023
"GALGAL_R06383.c123.linsi",353,0.00960454037798843
"GALGAL_R06384.c123.linsi",351,0.00357754148872327
"GALGAL_R06385.c123.linsi",363,0.0296682931621294
"GALGAL_R06386.c123.linsi",358,0.0042535034553021
"GALGAL_R06387.c123.linsi",351,0.0196604922207066
"GALGAL_R06388.c123.linsi",359,0.0132214403653486
"GALGAL_R06389.c123.linsi",232,0.0194747842224122
"GALGAL_R06390.c123.linsi",259,0.00431318250315898
"GALGAL_R06391.c123.linsi",10,0.00402335714614724
"GALGAL_R06392.c123.linsi",254,0.00468736320540893
"GALGAL_R06393.c123.linsi",222,0.0885134886878506
"GALGAL_R06394.c123.linsi",354,0.0345555511410011
"GALGAL_R06395.c123.linsi",261,0.0049039774941416
"GALGAL_R06396.c123.linsi",343,0.00565129242165042
"GALGAL_R06397.c123.linsi",347,0.00679004431174403
"GALGAL_R06398.c123.linsi",297,0.0324700585738642
"GALGAL_R06399.c123.linsi",349,0.0167919411063689
"GALGAL_R06400.c123.linsi",316,0.00344578380222935
"GALGAL_R06403.c123.linsi",328,0.00740378941644523
"GALGAL_R06405.c123.linsi",355,0.0294654270504096
"GALGAL_R06406.c123.linsi",344,0.00742452875036912
"GALGAL_R06407.c123.linsi",352,0.0265308286890993
"GALGAL_R06408.c123.linsi",342,0.00398728686560355
"GALGAL_R06409.c123.linsi",353,0.007000948641841
"GALGAL_R06410.c123.linsi",357,0.00228498823596923
"GALGAL_R06411.c123.linsi",356,0.00832572425739656
"GALGAL_R06412.c123.linsi",353,0.00455912222145979
"GALGAL_R06413.c123.linsi",356,0.00494139626099657
"GALGAL_R06414.c123.linsi",350,0.00440131008390371
"GALGAL_R06415.c123.linsi",282,0.00505039972568374
"GALGAL_R06416.c123.linsi",352,0.0125282604421884
"GALGAL_R06417.c123.linsi",337,0.00358307724554638
"GALGAL_R06418.c123.linsi",352,0.0112613365057701
"GALGAL_R06419.c123.linsi",194,0.0439660355528426
"GALGAL_R06420.c123.linsi",356,0.00934514020497162
"GALGAL_R06421.c123.linsi",317,0.00316829509030401
"GALGAL_R06422.c123.linsi",355,0.00940568448675813
"GALGAL_R06423.c123.linsi",358,0.0138264259404379
"GALGAL_R06424.c123.linsi",30,0.00701377617669175
"GALGAL_R06425.c123.linsi",340,0.00825960069326349
"GALGAL_R06426.c123.linsi",316,0.0140875595925712
"GALGAL_R06427.c123.linsi",349,0.0214293919455699
"GALGAL_R06428.c123.linsi",305,0.010176360177907
"GALGAL_R06429.c123.linsi",362,0.00189836378054428
"GALGAL_R06430.c123.linsi",353,0.00965020455962362
"GALGAL_R06431.c123.linsi",322,0.00367475052622898
"GALGAL_R06432.c123.linsi",359,0.0174594476278686
"GALGAL_R06433.c123.linsi",349,0.0040751981516266
"GALGAL_R06434.c123.linsi",349,0.0120775828165834
"GALGAL_R06435.c123.linsi",353,0.0142385400292635
"GALGAL_R06436.c123.linsi",355,0.0214217173323504
"GALGAL_R06437.c123.linsi",351,0.00655172424065717
"GALGAL_R06438.c123.linsi",338,0.0204963233810026
"GALGAL_R06439.c123.linsi",311,0.0156955463040778
"GALGAL_R06440.c123.linsi",334,0.00852072504322165
"GALGAL_R06441.c123.linsi",334,0.00528625287772638
"GALGAL_R06442.c123.linsi",349,0.0228282310619495
"GALGAL_R06443.c123.linsi",361,0.0114226433742753
"GALGAL_R06445.c123.linsi",358,0.0521927032422337
"GALGAL_R06446.c123.linsi",358,0.0232723474668659
"GALGAL_R06447.c123.linsi",350,0.0630273683382806
"GALGAL_R06448.c123.linsi",339,0.00707993397541343
"GALGAL_R06449.c123.linsi",41,0.0364968252183457
"GALGAL_R06450.c123.linsi",349,0.0137684598755721
"GALGAL_R06451.c123.linsi",358,0.00961722030581839
"GALGAL_R06452.c123.linsi",340,0.0132998207736955
"GALGAL_R06453.c123.linsi",346,0.0276062476102193
"GALGAL_R06454.c123.linsi",349,0.00852367684310574
"GALGAL_R06456.c123.linsi",342,0.0104095219220515
"GALGAL_R06457.c123.linsi",349,0.0127799668151731
"GALGAL_R06458.c123.linsi",20,0.0150602380991815
"GALGAL_R06459.c123.linsi",293,0.0186839426780875
"GALGAL_R06460.c123.linsi",4,0.0175436719607878
"GALGAL_R06462.c123.linsi",130,0.0180919252365939
"GALGAL_R06463.c123.linsi",287,0.00808211905336557
"GALGAL_R06465.c123.linsi",9,0.0162716636223656
"GALGAL_R06466.c123.linsi",342,0.00777725249545416
"GALGAL_R06467.c123.linsi",360,0.00954718608157156
"GALGAL_R06468.c123.linsi",80,0.0408653181967974
"GALGAL_R06469.c123.linsi",360,0.0512919051937985
"GALGAL_R06470.c123.linsi",199,0.00788750428505715
"GALGAL_R06471.c123.linsi",21,0.0283357847742438
"GALGAL_R06472.c123.linsi",331,0.0214149601670192
"GALGAL_R06473.c123.linsi",255,0.0116766371707025
"GALGAL_R06474.c123.linsi",329,0.00738655557864223
"GALGAL_R06475.c123.linsi",329,0.00584382457601077
"GALGAL_R06476.c123.linsi",337,0.00536270455178218
"GALGAL_R06477.c123.linsi",351,0.0106666906264368
"GALGAL_R06478.c123.linsi",351,0.0156936093183254
"GALGAL_R06479.c123.linsi",307,0.0191487136033927
"GALGAL_R06480.c123.linsi",350,0.00536491330813369
"GALGAL_R06481.c123.linsi",344,0.0159829517550364
"GALGAL_R06482.c123.linsi",306,0.0344322764176098
"GALGAL_R06483.c123.linsi",279,0.00293562961142584
"GALGAL_R06484.c123.linsi",359,0.00806690651230916
"GALGAL_R06485.c123.linsi",43,0.0105290183601443
"GALGAL_R06486.c123.linsi",326,0.00494193188306053
"GALGAL_R06487.c123.linsi",358,0.0114613984309493
"GALGAL_R06489.c123.linsi",355,0.0108456850392805
"GALGAL_R06490.c123.linsi",360,0.00701839569303748
"GALGAL_R06491.c123.linsi",360,0.0239373253311364
"GALGAL_R06492.c123.linsi",360,0.00694262482709313
"GALGAL_R06493.c123.linsi",348,0.00816398495898453
"GALGAL_R06494.c123.linsi",347,0.00421559876516149
"GALGAL_R06495.c123.linsi",352,0.014700526266086
"GALGAL_R06496.c123.linsi",355,0.00349007105041077
"GALGAL_R06497.c123.linsi",337,0.00238368590880951
"GALGAL_R06498.c123.linsi",360,0.00467171743668729
"GALGAL_R06499.c123.linsi",355,0.00203722334955876
"GALGAL_R06500.c123.linsi",358,0.0067863748655906
"GALGAL_R06501.c123.linsi",334,0.0036822944388003
"GALGAL_R06502.c123.linsi",341,0.00999645218748744
"GALGAL_R06503.c123.linsi",296,0.0108660391933677
"GALGAL_R06504.c123.linsi",267,0.0148698120591589
"GALGAL_R06505.c123.linsi",339,0.0149141188889093
"GALGAL_R06506.c123.linsi",360,0.012935605774846
"GALGAL_R06507.c123.linsi",329,0.0192764132396559
"GALGAL_R06508.c123.linsi",336,0.00569538411925992
"GALGAL_R06509.c123.linsi",357,0.0104810654332324
"GALGAL_R06510.c123.linsi",345,0.0218748496283936
"GALGAL_R06511.c123.linsi",349,0.0132850013841986
"GALGAL_R06512.c123.linsi",317,0.016108467295552
"GALGAL_R06513.c123.linsi",305,0.00991273103872924
"GALGAL_R06514.c123.linsi",349,0.010401877296215
"GALGAL_R06515.c123.linsi",345,0.0104183129740394
"GALGAL_R06516.c123.linsi",355,0.0144597151650087
"GALGAL_R06517.c123.linsi",299,0.0278125366844967
"GALGAL_R06518.c123.linsi",351,0.0080344922784552
"GALGAL_R06519.c123.linsi",335,0.00867058263602032
"GALGAL_R06520.c123.linsi",354,0.0039759297929169
"GALGAL_R06521.c123.linsi",352,0.00519242099770366
"GALGAL_R06522.c123.linsi",353,0.00448462013662025
"GALGAL_R06523.c123.linsi",348,0.00601514302448055
"GALGAL_R06524.c123.linsi",349,0.00415470811711403
"GALGAL_R06525.c123.linsi",355,0.00841279554504737
"GALGAL_R06526.c123.linsi",340,0.0316732059241976
"GALGAL_R06527.c123.linsi",360,0.0179118520651703
"GALGAL_R06528.c123.linsi",137,0.0228030126626443
"GALGAL_R06529.c123.linsi",346,0.0306108350450703
"GALGAL_R06530.c123.linsi",361,0.00820748904395483
"GALGAL_R06531.c123.linsi",336,0.00459758070516421
"GALGAL_R06532.c123.linsi",353,0.0107868006258437
"GALGAL_R06533.c123.linsi",357,0.0020578588180919
"GALGAL_R06534.c123.linsi",351,0.00521282987470359
"GALGAL_R06535.c123.linsi",315,0.0036321412078415
"GALGAL_R06536.c123.linsi",333,0.0095654154131036
"GALGAL_R06537.c123.linsi",351,0.00317295801715399
"GALGAL_R06538.c123.linsi",354,0.0382890491918905
"GALGAL_R06539.c123.linsi",353,0.0689569154356253
"GALGAL_R06540.c123.linsi",353,0.0718784465253462
"GALGAL_R06541.c123.linsi",354,0.038076706324531
"GALGAL_R06542.c123.linsi",358,0.0506043580950551
"GALGAL_R06543.c123.linsi",318,0.00321253242631242
"GALGAL_R06544.c123.linsi",338,0.0101959862838639
"GALGAL_R06545.c123.linsi",358,0.0342322061030534
"GALGAL_R06546.c123.linsi",343,0.00253502123992329
"GALGAL_R06547.c123.linsi",337,0.00298456316736591
"GALGAL_R06548.c123.linsi",340,0.00503624568736002
"GALGAL_R06549.c123.linsi",125,0.00769790361196843
"GALGAL_R06550.c123.linsi",360,0.044627320700108
"GALGAL_R06551.c123.linsi",359,0.00571285025461762
"GALGAL_R06552.c123.linsi",122,0.0124562589594582
"GALGAL_R06553.c123.linsi",355,0.0475934235913972
"GALGAL_R06554.c123.linsi",359,0.0227253628512617
"GALGAL_R06555.c123.linsi",357,0.0407654301789148
"GALGAL_R06556.c123.linsi",353,0.00344317441093112
"GALGAL_R06557.c123.linsi",354,0.00536945389402597
"GALGAL_R06558.c123.linsi",360,0.00312395429885787
"GALGAL_R06559.c123.linsi",359,0.00845146928696318
"GALGAL_R06560.c123.linsi",280,0.0130376920091758
"GALGAL_R06561.c123.linsi",187,0.0294756530048521
"GALGAL_R06563.c123.linsi",182,0.0068760416235658
"GALGAL_R06564.c123.linsi",352,0.0107146672176743
"GALGAL_R06565.c123.linsi",351,0.0370463941832764
"GALGAL_R06566.c123.linsi",360,0.00771656544998344
"GALGAL_R06567.c123.linsi",314,0.00956118191462293
"GALGAL_R06568.c123.linsi",330,0.00868012187769227
"GALGAL_R06569.c123.linsi",353,0.0115935919269369
"GALGAL_R06570.c123.linsi",335,0.00562728847631761
"GALGAL_R06571.c123.linsi",347,0.0155272594073876
"GALGAL_R06572.c123.linsi",353,0.00474714392305013
"GALGAL_R06573.c123.linsi",345,0.0166901250031909
"GALGAL_R06574.c123.linsi",356,0.0126160758677817
"GALGAL_R06575.c123.linsi",354,0.0123376533264403
"GALGAL_R06576.c123.linsi",357,0.0106085152316818
"GALGAL_R06577.c123.linsi",356,0.00449776979615087
"GALGAL_R06578.c123.linsi",317,0.00363567582631851
"GALGAL_R06579.c123.linsi",330,0.00876810210794112
"GALGAL_R06580.c123.linsi",351,0.007209822845972
"GALGAL_R06581.c123.linsi",354,0.0065527425694729
"GALGAL_R06583.c123.linsi",268,0.0092970401744558
"GALGAL_R06584.c123.linsi",314,0.0111999833958161
"GALGAL_R06585.c123.linsi",348,0.00600169974969694
"GALGAL_R06586.c123.linsi",358,0.00143750250899018
"GALGAL_R06587.c123.linsi",361,0.0048925954059075
"GALGAL_R06588.c123.linsi",316,0.00769062477994553
"GALGAL_R06589.c123.linsi",328,0.00385878259149767
"GALGAL_R06590.c123.linsi",360,0.0102289902118232
"GALGAL_R06591.c123.linsi",123,0.0060091524524795
"GALGAL_R06592.c123.linsi",359,0.00760889198697417
"GALGAL_R06593.c123.linsi",353,0.00489226306713082
"GALGAL_R06596.c123.linsi",357,0.0125488489686428
"GALGAL_R06597.c123.linsi",354,0.00943389025616235
"GALGAL_R06598.c123.linsi",360,0.0209467353542049
"GALGAL_R06599.c123.linsi",363,0.00863543689338509
"GALGAL_R06600.c123.linsi",337,0.0111470355259851
"GALGAL_R06601.c123.linsi",328,0.00599611900764014
"GALGAL_R06603.c123.linsi",129,0.0154984578462942
"GALGAL_R06604.c123.linsi",122,0.00768484513139979
"GALGAL_R06605.c123.linsi",350,0.00494217414440649
"GALGAL_R06606.c123.linsi",348,0.0222878358136292
"GALGAL_R06607.c123.linsi",297,0.00294212878805834
"GALGAL_R06608.c123.linsi",190,0.00681648010490734
"GALGAL_R06609.c123.linsi",336,0.00911578564549363
"GALGAL_R06610.c123.linsi",349,0.00917987682817257
"GALGAL_R06611.c123.linsi",355,0.0201833029945736
"GALGAL_R06612.c123.linsi",346,0.0233341813636198
"GALGAL_R06613.c123.linsi",342,0.0113375153971458
"GALGAL_R06614.c123.linsi",163,0.0310801096428236
"GALGAL_R06615.c123.linsi",323,0.0185587166596204
"GALGAL_R06616.c123.linsi",42,0.0100947141212033
"GALGAL_R06617.c123.linsi",357,0.00939178897475949
"GALGAL_R06618.c123.linsi",344,0.00667960595284502
"GALGAL_R06619.c123.linsi",359,0.00739920135746837
"GALGAL_R06620.c123.linsi",357,0.00508405033299299
"GALGAL_R06621.c123.linsi",336,0.00718646811213173
"GALGAL_R06622.c123.linsi",253,0.0106083903195478
"GALGAL_R06623.c123.linsi",56,0.111032962833291
"GALGAL_R06624.c123.linsi",355,0.0158213243242479
"GALGAL_R06625.c123.linsi",355,0.0217242333690077
"GALGAL_R06626.c123.linsi",348,0.00619397814077126
"GALGAL_R06628.c123.linsi",360,0.00608717203546492
"GALGAL_R06629.c123.linsi",349,0.0106301522045292
"GALGAL_R06630.c123.linsi",360,0.0026508611330777
"GALGAL_R06631.c123.linsi",151,0.00834668387743421
"GALGAL_R06632.c123.linsi",328,0.0266689357366094
"GALGAL_R06633.c123.linsi",299,0.0053994252489578
"GALGAL_R06635.c123.linsi",11,0.00798507894751372
"GALGAL_R06636.c123.linsi",351,0.0355282640302028
"GALGAL_R06637.c123.linsi",348,0.0179282512408807
"GALGAL_R06638.c123.linsi",353,0.0119977390303102
"GALGAL_R06639.c123.linsi",357,0.00689030504589824
"GALGAL_R06640.c123.linsi",340,0.00721469407324144
"GALGAL_R06641.c123.linsi",346,0.00988642620582018
"GALGAL_R06642.c123.linsi",251,0.00816752474136569
"GALGAL_R06643.c123.linsi",267,0.013535857520007
"GALGAL_R06644.c123.linsi",355,0.0174403332791186
"GALGAL_R06645.c123.linsi",348,0.00744793394059084
"GALGAL_R06646.c123.linsi",358,0.0230497866446558
"GALGAL_R06647.c123.linsi",336,0.0282317952043196
"GALGAL_R06648.c123.linsi",345,0.00674011219219681
"GALGAL_R06649.c123.linsi",350,0.00884782305945657
"GALGAL_R06650.c123.linsi",361,0.0161988915939944
"GALGAL_R06651.c123.linsi",309,0.0395274338517637
"GALGAL_R06652.c123.linsi",186,0.0127129218496488
"GALGAL_R06653.c123.linsi",348,0.0103763688422049
"GALGAL_R06654.c123.linsi",352,0.0053505458357081
"GALGAL_R06655.c123.linsi",314,0.0190300013889669
"GALGAL_R06656.c123.linsi",348,0.0207345825250222
"GALGAL_R06657.c123.linsi",360,0.0114510032888242
"GALGAL_R06658.c123.linsi",347,0.0092770454634793
"GALGAL_R06659.c123.linsi",94,0.00353485906870773
"GALGAL_R06660.c123.linsi",329,0.0237008218275901
"GALGAL_R06661.c123.linsi",361,0.0139783073900553
"GALGAL_R06662.c123.linsi",348,0.0126047639041358
"GALGAL_R06663.c123.linsi",302,0.0157469569470922
"GALGAL_R06664.c123.linsi",349,0.00744849941311987
"GALGAL_R06665.c123.linsi",354,0.0161120303346598
"GALGAL_R06666.c123.linsi",358,0.00177986688806235
"GALGAL_R06667.c123.linsi",361,0.00408377353985617
"GALGAL_R06668.c123.linsi",359,0.00677639930490689
"GALGAL_R06673.c123.linsi",298,0.00734024430495501
"GALGAL_R06674.c123.linsi",357,0.00360422151835275
"GALGAL_R06675.c123.linsi",348,0.0109396852077751
"GALGAL_R06676.c123.linsi",343,0.00782973194287286
"GALGAL_R06677.c123.linsi",325,0.0104177076661963
"GALGAL_R06678.c123.linsi",298,0.00628198434312437
"GALGAL_R06679.c123.linsi",356,0.00760310701330973
"GALGAL_R06680.c123.linsi",348,0.00598747921952043
"GALGAL_R06681.c123.linsi",353,0.0149785077250693
"GALGAL_R06682.c123.linsi",351,0.0105193598181906
"GALGAL_R06683.c123.linsi",360,0.00501724644029163
"GALGAL_R06684.c123.linsi",351,0.0209319245364231
"GALGAL_R06685.c123.linsi",249,0.00742414738584078
"GALGAL_R06686.c123.linsi",348,0.00519795645117002
"GALGAL_R06687.c123.linsi",358,0.00555713783848462
"GALGAL_R06688.c123.linsi",353,0.0135265252079988
"GALGAL_R06689.c123.linsi",350,0.00951770167269447
"GALGAL_R06690.c123.linsi",359,0.0143701028674565
"GALGAL_R06691.c123.linsi",360,0.00164689330395751
"GALGAL_R06692.c123.linsi",271,0.00464250505985339
"GALGAL_R06693.c123.linsi",346,0.00881864573194941
"GALGAL_R06694.c123.linsi",341,0.0194777247458836
"GALGAL_R06695.c123.linsi",326,0.023585539742641
"GALGAL_R06696.c123.linsi",245,0.00840576473675075
"GALGAL_R06697.c123.linsi",263,0.00841006710498066
"GALGAL_R06698.c123.linsi",345,0.0292237098418125
"GALGAL_R06699.c123.linsi",351,0.0152008854374971
"GALGAL_R06700.c123.linsi",341,0.0178265404230097
"GALGAL_R06701.c123.linsi",349,0.0313980006836404
"GALGAL_R06702.c123.linsi",294,0.0101862914797007
"GALGAL_R06703.c123.linsi",353,0.0288562855121555
"GALGAL_R06704.c123.linsi",356,0.00826172431163141
"GALGAL_R06705.c123.linsi",349,0.00731673790010236
"GALGAL_R06706.c123.linsi",348,0.00665257829677078
"GALGAL_R06707.c123.linsi",352,0.0185804303340067
"GALGAL_R06708.c123.linsi",309,0.0044797221405018
"GALGAL_R06709.c123.linsi",348,0.0155097445256306
"GALGAL_R06710.c123.linsi",363,0.00365067755271263
"GALGAL_R06711.c123.linsi",309,0.0030617392530434
"GALGAL_R06712.c123.linsi",316,0.00113709456606174
"GALGAL_R06713.c123.linsi",355,0.0168386853443505
"GALGAL_R06714.c123.linsi",338,0.00387912712662178
"GALGAL_R06715.c123.linsi",207,0.00485786892620112
"GALGAL_R06716.c123.linsi",352,0.0160396751031284
"GALGAL_R06717.c123.linsi",346,0.0449600450188127
"GALGAL_R06718.c123.linsi",357,0.00796640127360345
"GALGAL_R06719.c123.linsi",345,0.00441219754311467
"GALGAL_R06720.c123.linsi",341,0.0255970983447364
"GALGAL_R06721.c123.linsi",360,0.0143780949067314
"GALGAL_R06722.c123.linsi",358,0.00633932118712543
"GALGAL_R06723.c123.linsi",345,0.043432502849548
"GALGAL_R06724.c123.linsi",359,0.00430771750080161
"GALGAL_R06725.c123.linsi",29,0.0184991047237381
"GALGAL_R06726.c123.linsi",94,0.0095976144618898
"GALGAL_R06727.c123.linsi",188,0.0157483931233145
"GALGAL_R06728.c123.linsi",306,0.0103829763141975
"GALGAL_R06729.c123.linsi",307,0.0323102189682382
"GALGAL_R06730.c123.linsi",342,0.00521809691444035
"GALGAL_R06731.c123.linsi",344,0.00471278249822202
"GALGAL_R06732.c123.linsi",341,0.0125684705801219
"GALGAL_R06733.c123.linsi",4,0.0333055655444181
"GALGAL_R06734.c123.linsi",337,0.0206274939445485
"GALGAL_R06735.c123.linsi",336,0.0153383124978382
"GALGAL_R06736.c123.linsi",332,0.0114052968314956
"GALGAL_R06737.c123.linsi",337,0.0133482692464877
"GALGAL_R06738.c123.linsi",340,0.0137923199043812
"GALGAL_R06739.c123.linsi",327,0.0152164285935311
"GALGAL_R06740.c123.linsi",341,0.0146575628835143
"GALGAL_R06741.c123.linsi",277,0.00878835316926968
"GALGAL_R06742.c123.linsi",357,0.0126450826777041
"GALGAL_R06743.c123.linsi",81,0.0199203137144067
"GALGAL_R06744.c123.linsi",359,0.00892198006207206
"GALGAL_R06745.c123.linsi",271,0.039430209798714
"GALGAL_R06746.c123.linsi",324,0.0772103963121366
"GALGAL_R06747.c123.linsi",143,0.00898491507677707
"GALGAL_R06748.c123.linsi",282,0.0523530195115821
"GALGAL_R06749.c123.linsi",197,0.034612422684433
"GALGAL_R06750.c123.linsi",341,0.0115949206307428
"GALGAL_R06751.c123.linsi",330,0.0158631375142499
"GALGAL_R06752.c123.linsi",324,0.0253037327908016
"GALGAL_R06753.c123.linsi",322,0.0248909659507506
"GALGAL_R06754.c123.linsi",348,0.0629398366258614
"GALGAL_R06755.c123.linsi",301,0.0090664400768644
"GALGAL_R06756.c123.linsi",335,0.00395997248567117
"GALGAL_R06757.c123.linsi",78,0.00869827177075983
"GALGAL_R06758.c123.linsi",215,0.0176855507896707
"GALGAL_R06759.c123.linsi",354,0.0450301727889093
"GALGAL_R06760.c123.linsi",338,0.0169913526150602
"GALGAL_R06761.c123.linsi",338,0.0463540319748138
"GALGAL_R06762.c123.linsi",352,0.0100892212785199
"GALGAL_R06763.c123.linsi",233,0.00695518147936065
"GALGAL_R06764.c123.linsi",202,0.022480883198717
"GALGAL_R06765.c123.linsi",345,0.0315583455047537
"GALGAL_R06766.c123.linsi",333,0.0110675258270137
"GALGAL_R06768.c123.linsi",41,0.0328042014902108
"GALGAL_R06769.c123.linsi",336,0.0113812970078054
"GALGAL_R06770.c123.linsi",129,0.00604967029202234
"GALGAL_R06771.c123.linsi",236,0.0225257765487993
"GALGAL_R06772.c123.linsi",272,0.0245696086920806
"GALGAL_R06773.c123.linsi",326,0.0121765184564381
"GALGAL_R06774.c123.linsi",355,0.01430762723436
"GALGAL_R06775.c123.linsi",208,0.0321118619211938
"GALGAL_R06776.c123.linsi",343,0.0167000018997978
"GALGAL_R06777.c123.linsi",337,0.0101300292798278
"GALGAL_R06778.c123.linsi",161,0.0278150379550646
"GALGAL_R06779.c123.linsi",290,0.0126067248845101
"GALGAL_R06780.c123.linsi",309,0.0160104560855714
"GALGAL_R06781.c123.linsi",305,0.0159553916384268
"GALGAL_R06782.c123.linsi",230,0.00865451234520876
"GALGAL_R06783.c123.linsi",311,0.0170208468002236
"GALGAL_R06784.c123.linsi",247,0.00995985830393015
"GALGAL_R06785.c123.linsi",286,0.00792311640711059
"GALGAL_R06786.c123.linsi",287,0.00614500320442773
"GALGAL_R06788.c123.linsi",120,0.0194618656553704
"GALGAL_R06789.c123.linsi",247,0.0128812701927592
"GALGAL_R06790.c123.linsi",351,0.0190423748904868
"GALGAL_R06791.c123.linsi",333,0.0117078998537469
"GALGAL_R06792.c123.linsi",260,0.0138212218736291
"GALGAL_R06793.c123.linsi",277,0.0122349234551501
"GALGAL_R06794.c123.linsi",239,0.0077389101342234
"GALGAL_R06795.c123.linsi",344,0.00686594022458035
"GALGAL_R06796.c123.linsi",130,0.0234116001381003
"GALGAL_R06797.c123.linsi",359,0.0229883979006499
"GALGAL_R06798.c123.linsi",225,0.0237262882382982
"GALGAL_R06799.c123.linsi",323,0.00930738032441558
"GALGAL_R06800.c123.linsi",130,0.0178943948449597
"GALGAL_R06801.c123.linsi",322,0.00741894090582004
"GALGAL_R06802.c123.linsi",353,0.0178697940991893
"GALGAL_R06803.c123.linsi",336,0.00625412525590516
"GALGAL_R06804.c123.linsi",273,0.0185708088967742
"GALGAL_R06805.c123.linsi",240,0.0154967224203095
"GALGAL_R06806.c123.linsi",346,0.00635942832988199
"GALGAL_R06807.c123.linsi",347,0.0154571070961489
"GALGAL_R06808.c123.linsi",289,0.00590030378443125
"GALGAL_R06809.c123.linsi",342,0.00510132047894028
"GALGAL_R06810.c123.linsi",326,0.00534592841823454
"GALGAL_R06811.c123.linsi",345,0.0120569534763529
"GALGAL_R06812.c123.linsi",210,0.0284054209181793
"GALGAL_R06813.c123.linsi",317,0.0075240454451908
"GALGAL_R06814.c123.linsi",347,0.0102514820003968
"GALGAL_R06815.c123.linsi",332,0.00715640152563599
"GALGAL_R06817.c123.linsi",351,0.0100725733264506
"GALGAL_R06818.c123.linsi",351,0.0115121175059507
"GALGAL_R06819.c123.linsi",354,0.0171711780846682
"GALGAL_R06820.c123.linsi",353,0.00820800512807334
"GALGAL_R06821.c123.linsi",34,0.0035422638329078
"GALGAL_R06822.c123.linsi",355,0.00751693810419373
"GALGAL_R06823.c123.linsi",362,0.00358376218248586
"GALGAL_R06824.c123.linsi",351,0.00505037776589528
"GALGAL_R06825.c123.linsi",352,0.00195648082093896
"GALGAL_R06826.c123.linsi",345,0.00929768911523634
"GALGAL_R06827.c123.linsi",344,0.0108100756217104
"GALGAL_R06828.c123.linsi",187,0.0316730533348803
"GALGAL_R06829.c123.linsi",356,0.00483702610475449
"GALGAL_R06830.c123.linsi",358,0.0106061002859952
"GALGAL_R06831.c123.linsi",327,0.0111436936157403
"GALGAL_R06832.c123.linsi",357,0.0331070493472021
"GALGAL_R06833.c123.linsi",352,0.0195845520469986
"GALGAL_R06834.c123.linsi",354,0.00817357200841451
"GALGAL_R06835.c123.linsi",352,0.0390828391022364
"GALGAL_R06836.c123.linsi",259,0.0585891818856301
"GALGAL_R06837.c123.linsi",318,0.0259741339744381
"GALGAL_R06838.c123.linsi",313,0.00978122259299713
"GALGAL_R06839.c123.linsi",238,0.017509491695674
"GALGAL_R06840.c123.linsi",326,0.0126713853369009
"GALGAL_R06841.c123.linsi",332,0.00969550738803171
"GALGAL_R06842.c123.linsi",333,0.0075022577535726
"GALGAL_R06843.c123.linsi",276,0.0204851209483945
"GALGAL_R06844.c123.linsi",293,0.0260843826880695
"GALGAL_R06845.c123.linsi",340,0.0206338164690039
"GALGAL_R06846.c123.linsi",309,0.0315815918725288
"GALGAL_R06847.c123.linsi",271,0.0220650916014573
"GALGAL_R06848.c123.linsi",327,0.0409875515218463
"GALGAL_R06849.c123.linsi",360,0.00842052718698089
"GALGAL_R06850.c123.linsi",314,0.0135774676224833
"GALGAL_R06851.c123.linsi",24,0.0176077930777713
"GALGAL_R06875.c123.linsi",212,0.0126941195675989
"GALGAL_R06877.c123.linsi",319,0.0113350538932885
"GALGAL_R06878.c123.linsi",325,0.0050514015613803
"GALGAL_R06879.c123.linsi",295,0.00496327379331293
"GALGAL_R06880.c123.linsi",17,0.0235609953541943
"GALGAL_R06881.c123.linsi",97,0.0178699931291711
"GALGAL_R06882.c123.linsi",205,0.0103751485798963
"GALGAL_R06886.c123.linsi",96,0.00905245627580113
"GALGAL_R06887.c123.linsi",320,0.0191852285878389
"GALGAL_R06888.c123.linsi",289,0.0205621980862088
"GALGAL_R06889.c123.linsi",264,0.0405535844471985
"GALGAL_R06890.c123.linsi",312,0.0131828440064196
"GALGAL_R06891.c123.linsi",47,0.0111825889282522
"GALGAL_R06892.c123.linsi",301,0.0205013622818076
"GALGAL_R06904.c123.linsi",161,0.0343344768081696
"GALGAL_R06905.c123.linsi",177,0.0228888716960163
"GALGAL_R06906.c123.linsi",183,0.0346785914430906
"GALGAL_R06907.c123.linsi",135,0.0381761152111863
"GALGAL_R06908.c123.linsi",94,0.0557753584731218
"GALGAL_R06909.c123.linsi",167,0.0291689562983271
"GALGAL_R06912.c123.linsi",289,0.0103226676455871
"GALGAL_R06913.c123.linsi",201,0.025997056347369
"GALGAL_R06915.c123.linsi",212,0.110007209388981
"GALGAL_R06922.c123.linsi",16,0.00698982097401839
"GALGAL_R06928.c123.linsi",231,0.0406979680896866
"GALGAL_R06939.c123.linsi",150,0.0135117889991481
"GALGAL_R06940.c123.linsi",7,0.0129366325901316
"GALGAL_R06942.c123.linsi",25,0.0474149936421743
"GALGAL_R06945.c123.linsi",351,0.00893981914546511
"GALGAL_R06951.c123.linsi",67,0.0667578320130255
"GALGAL_R06952.c123.linsi",73,0.0404573723954374
"GALGAL_R06957.c123.linsi",30,0.00888029592209091
"GALGAL_R06959.c123.linsi",259,0.027240674282503
"GALGAL_R06961.c123.linsi",96,0.0118926062896957
"GALGAL_R06964.c123.linsi",254,0.0106104309366059
"GALGAL_R06965.c123.linsi",331,0.0175428089114712
"GALGAL_R06967.c123.linsi",284,0.0266720756366249
"GALGAL_R06968.c123.linsi",210,0.0208299308033743
"GALGAL_R06970.c123.linsi",317,0.0317482763454107
"GALGAL_R06974.c123.linsi",16,0.0126355199604003
"GALGAL_R06975.c123.linsi",238,0.0242539041075738
"GALGAL_R06978.c123.linsi",9,0.0318043921967857
"GALGAL_R06979.c123.linsi",8,0.00277467253872486
"GALGAL_R06982.c123.linsi",150,0.0381463509315886
"GALGAL_R06985.c123.linsi",78,0.0293536846714983
"GALGAL_R06986.c123.linsi",104,0.0271203423726354
"GALGAL_R06987.c123.linsi",8,0.0233912049834054
"GALGAL_R06988.c123.linsi",48,0.0420356884419989
"GALGAL_R06989.c123.linsi",5,0.00191670344540138
"GALGAL_R06992.c123.linsi",133,0.0151357586372991
"GALGAL_R07001.c123.linsi",23,0.0343411760711698
"GALGAL_R07006.c123.linsi",5,0.0183768050900373
"GALGAL_R07009.c123.linsi",19,0.0139033592520272
"GALGAL_R07010.c123.linsi",245,0.0502346922981673
"GALGAL_R07012.c123.linsi",4,0.0129414899506385
"GALGAL_R07015.c123.linsi",329,0.0433549536848851
"GALGAL_R07017.c123.linsi",4,0.0440085635983025
"GALGAL_R07018.c123.linsi",286,0.0116107660917978
"GALGAL_R07020.c123.linsi",201,0.0293288445137562
"GALGAL_R07022.c123.linsi",327,0.0233445288647324
"GALGAL_R07023.c123.linsi",140,0.0210578096935517
"GALGAL_R07024.c123.linsi",62,0.00256018232681133
"GALGAL_R07030.c123.linsi",44,0.0760728665739781
"GALGAL_R07031.c123.linsi",30,0.0059457130010564
"GALGAL_R07034.c123.linsi",280,0.0259198851348091
"GALGAL_R07035.c123.linsi",5,0.00706171115164993
"GALGAL_R07036.c123.linsi",186,0.0182551240285184
"GALGAL_R07037.c123.linsi",345,0.0156094973587692
"GALGAL_R07038.c123.linsi",339,0.010712648605169
"GALGAL_R07039.c123.linsi",330,0.00642134391264914
"GALGAL_R07040.c123.linsi",277,0.0373874070097199
"GALGAL_R07041.c123.linsi",350,0.0170953520130827
"GALGAL_R07042.c123.linsi",129,0.012276070618622
"GALGAL_R07043.c123.linsi",256,0.00942436058698366
"GALGAL_R07044.c123.linsi",347,0.00541994851015077
"GALGAL_R07045.c123.linsi",346,0.0357915643912833
"GALGAL_R07046.c123.linsi",325,0.0201155931949304
"GALGAL_R07047.c123.linsi",12,0.0104893377944457
"GALGAL_R07048.c123.linsi",233,0.0275878980051505
"GALGAL_R07049.c123.linsi",202,0.0184598596132467
"GALGAL_R07050.c123.linsi",197,0.0616403192005725
"GALGAL_R07051.c123.linsi",326,0.0296921034031683
"GALGAL_R07052.c123.linsi",298,0.0340358384388517
"GALGAL_R07053.c123.linsi",319,0.0277924850820792
"GALGAL_R07054.c123.linsi",276,0.0318227658307842
"GALGAL_R07055.c123.linsi",355,0.0216359756768365
"GALGAL_R07056.c123.linsi",66,0.0292834240716717
"GALGAL_R07057.c123.linsi",355,0.0227500602509286
"GALGAL_R07058.c123.linsi",350,0.0147308223109696
"GALGAL_R07059.c123.linsi",355,0.0256847630647491
"GALGAL_R07060.c123.linsi",313,0.017863455571145
"GALGAL_R07061.c123.linsi",188,0.00675776975887171
"GALGAL_R07062.c123.linsi",298,0.0116048998152622
"GALGAL_R07063.c123.linsi",359,0.0251335595089458
"GALGAL_R07064.c123.linsi",58,0.0172532203463105
"GALGAL_R07065.c123.linsi",50,0.0218359317422332
"GALGAL_R07066.c123.linsi",346,0.0131562941804665
"GALGAL_R07067.c123.linsi",308,0.0433687431587398
"GALGAL_R07068.c123.linsi",302,0.0215971885844637
"GALGAL_R07073.c123.linsi",317,0.0669012608806003
"GALGAL_R07081.c123.linsi",310,0.00423137588152983
"GALGAL_R07082.c123.linsi",208,0.0209693557656558
"GALGAL_R07088.c123.linsi",4,0.0104894812381289
"GALGAL_R07089.c123.linsi",324,0.0558649006779427
"GALGAL_R07090.c123.linsi",354,0.00662354680014001
"GALGAL_R07091.c123.linsi",195,0.0174544671034837
"GALGAL_R07092.c123.linsi",191,0.0171709347101121
"GALGAL_R07093.c123.linsi",130,0.0177456002507214
"GALGAL_R07094.c123.linsi",204,0.0199767277120158
"GALGAL_R07095.c123.linsi",297,0.016150646894547
"GALGAL_R07096.c123.linsi",187,0.0364493647242634
"GALGAL_R07097.c123.linsi",314,0.0155221123583256
"GALGAL_R07098.c123.linsi",334,0.00870523662788459
"GALGAL_R07099.c123.linsi",336,0.0137252595240167
"GALGAL_R07100.c123.linsi",347,0.0552354392968332
"GALGAL_R07111.c123.linsi",8,0.0144833323249574
"GALGAL_R07114.c123.linsi",222,0.037713041399319
"GALGAL_R07115.c123.linsi",264,0.0280011935913129
"GALGAL_R07116.c123.linsi",317,0.0144197830754619
"GALGAL_R07117.c123.linsi",147,0.0148048877942145
"GALGAL_R07118.c123.linsi",318,0.00623421600327442
"GALGAL_R07119.c123.linsi",316,0.00744493730170041
"GALGAL_R07120.c123.linsi",76,0.0161850793234909
"GALGAL_R07121.c123.linsi",310,0.0074879304873897
"GALGAL_R07122.c123.linsi",328,0.0103618631987983
"GALGAL_R07124.c123.linsi",181,0.0245505564223864
"GALGAL_R07125.c123.linsi",138,0.0104492560311932
"GALGAL_R07127.c123.linsi",322,0.0100381107726427
"GALGAL_R07128.c123.linsi",358,0.00363169279377813
"GALGAL_R07129.c123.linsi",356,0.00696939855913985
"GALGAL_R07130.c123.linsi",343,0.00870910227564886
"GALGAL_R07131.c123.linsi",349,0.0466625911173421
"GALGAL_R07132.c123.linsi",353,0.0368451896031852
"GALGAL_R07133.c123.linsi",348,0.0119073811570683
"GALGAL_R07134.c123.linsi",325,0.00619071038937194
"GALGAL_R07135.c123.linsi",350,0.02414509997061
"GALGAL_R07136.c123.linsi",353,0.0124136792704456
"GALGAL_R07137.c123.linsi",357,0.024828436723845
"GALGAL_R07138.c123.linsi",357,0.0172364126229528
"GALGAL_R07139.c123.linsi",359,0.0138013949888659
"GALGAL_R07140.c123.linsi",332,0.00828336803579171
"GALGAL_R07141.c123.linsi",296,0.0143948009515749
"GALGAL_R07142.c123.linsi",310,0.00396453207645984
"GALGAL_R07143.c123.linsi",317,0.0260207782595154
"GALGAL_R07144.c123.linsi",354,0.00775409114009205
"GALGAL_R07145.c123.linsi",325,0.0140799875389212
"GALGAL_R07146.c123.linsi",340,0.0061377649051875
"GALGAL_R07147.c123.linsi",333,0.00516727583076228
"GALGAL_R07148.c123.linsi",287,0.0101320353457736
"GALGAL_R07149.c123.linsi",351,0.00900520865316779
"GALGAL_R07150.c123.linsi",325,0.00595576906608746
"GALGAL_R07151.c123.linsi",269,0.00707434037304738
"GALGAL_R07152.c123.linsi",302,0.00303398361083955
"GALGAL_R07153.c123.linsi",361,0.00538246777403754
"GALGAL_R07154.c123.linsi",338,0.0184556873699088
"GALGAL_R07155.c123.linsi",349,0.0125183016221258
"GALGAL_R07156.c123.linsi",317,0.0140046495019807
"GALGAL_R07157.c123.linsi",216,0.0176251794561289
"GALGAL_R07158.c123.linsi",352,0.00757392998771483
"GALGAL_R07159.c123.linsi",349,0.0115982017124713
"GALGAL_R07160.c123.linsi",349,0.00803140626701333
"GALGAL_R07161.c123.linsi",334,0.00439093775768062
"GALGAL_R07162.c123.linsi",299,0.0212162831925855
"GALGAL_R07163.c123.linsi",299,0.0347781096997866
"GALGAL_R07164.c123.linsi",178,0.0294115546516577
"GALGAL_R07165.c123.linsi",112,0.0174969119347919
"GALGAL_R07172.c123.linsi",348,0.0113652363975897
"GALGAL_R07173.c123.linsi",349,0.0125692718377136
"GALGAL_R07174.c123.linsi",134,0.0476776999705487
"GALGAL_R07176.c123.linsi",251,0.00835222709966357
"GALGAL_R07177.c123.linsi",349,0.00819334770951932
"GALGAL_R07178.c123.linsi",85,0.0165611899497063
"GALGAL_R07179.c123.linsi",312,0.0121291507823957
"GALGAL_R07181.c123.linsi",316,0.00917333413132236
"GALGAL_R07182.c123.linsi",185,0.0223810589192818
"GALGAL_R07183.c123.linsi",352,0.0133225316488745
"GALGAL_R07184.c123.linsi",356,0.0457367113543127
"GALGAL_R07185.c123.linsi",348,0.00745704573626181
"GALGAL_R07186.c123.linsi",132,0.0176383710819413
"GALGAL_R07187.c123.linsi",122,0.0186256036695703
"GALGAL_R07189.c123.linsi",260,0.00640240060527354
"GALGAL_R07190.c123.linsi",352,0.0118688415596704
"GALGAL_R07191.c123.linsi",339,0.0101361564770735
"GALGAL_R07192.c123.linsi",313,0.0164500050467258
"GALGAL_R07194.c123.linsi",17,0.0459120423233178
"GALGAL_R07195.c123.linsi",362,0.0134497116824857
"GALGAL_R07196.c123.linsi",358,0.00355112419623522
"GALGAL_R07197.c123.linsi",341,0.0182815871846054
"GALGAL_R07198.c123.linsi",220,0.0021979386799358
"GALGAL_R07199.c123.linsi",336,0.00422338650662069
"GALGAL_R07200.c123.linsi",12,0.00608619255647468
"GALGAL_R07201.c123.linsi",356,0.0160923762910241
"GALGAL_R07202.c123.linsi",272,0.0296637804128691
"GALGAL_R07203.c123.linsi",323,0.0110640020304784
"GALGAL_R07204.c123.linsi",344,0.0292568573213177
"GALGAL_R07205.c123.linsi",342,0.0147063048713496
"GALGAL_R07206.c123.linsi",342,0.00546070582925596
"GALGAL_R07207.c123.linsi",298,0.0123309972656849
"GALGAL_R07208.c123.linsi",339,0.0063865387708746
"GALGAL_R07209.c123.linsi",356,0.00745171928809728
"GALGAL_R07210.c123.linsi",312,0.00798173150899105
"GALGAL_R07211.c123.linsi",357,0.0147080344969663
"GALGAL_R07212.c123.linsi",65,0.000922165821236498
"GALGAL_R07213.c123.linsi",362,0.00660178067399798
"GALGAL_R07214.c123.linsi",340,0.00203660900177104
"GALGAL_R07215.c123.linsi",325,0.00316190054161179
"GALGAL_R07216.c123.linsi",87,0.00615693570446733
"GALGAL_R07217.c123.linsi",302,0.00324785419983741
"GALGAL_R07218.c123.linsi",354,0.00482889573556132
"GALGAL_R07219.c123.linsi",358,0.00604027434822534
"GALGAL_R07220.c123.linsi",361,0.00295878894225297
"GALGAL_R07221.c123.linsi",317,0.00892197095676626
"GALGAL_R07222.c123.linsi",307,0.00257008895666572
"GALGAL_R07223.c123.linsi",305,0.0112676235097625
"GALGAL_R07224.c123.linsi",337,0.0117882100184529
"GALGAL_R07225.c123.linsi",314,0.00810508321174344
"GALGAL_R07226.c123.linsi",38,0.0099116596578563
"GALGAL_R07227.c123.linsi",363,0.0104734717549529
"GALGAL_R07228.c123.linsi",323,0.00385786029940929
"GALGAL_R07229.c123.linsi",340,0.00211066650362426
"GALGAL_R07230.c123.linsi",336,0.00166542391883966
"GALGAL_R07231.c123.linsi",332,0.00317757889762889
"GALGAL_R07232.c123.linsi",314,0.000725547754971762
"GALGAL_R07233.c123.linsi",361,0.00387485728130468
"GALGAL_R07234.c123.linsi",340,0.00310246674245561
"GALGAL_R07235.c123.linsi",260,0.000661151076608256
"GALGAL_R07236.c123.linsi",155,0.0127082165717687
"GALGAL_R07237.c123.linsi",320,0.00227116617080312
"GALGAL_R07238.c123.linsi",356,0.0023547247367821
"GALGAL_R07239.c123.linsi",313,0.00262797650867867
"GALGAL_R07240.c123.linsi",350,0.00162147700834107
"GALGAL_R07241.c123.linsi",322,0.01347511429885
"GALGAL_R07242.c123.linsi",349,0.00501353168041117
"GALGAL_R07243.c123.linsi",344,0.00930979324638806
"GALGAL_R07244.c123.linsi",354,0.00345221971668789
"GALGAL_R07245.c123.linsi",354,0.00540057144187098
"GALGAL_R07246.c123.linsi",350,0.00620918880223978
"GALGAL_R07247.c123.linsi",348,0.00182032007339539
"GALGAL_R07248.c123.linsi",351,0.00578303807249701
"GALGAL_R07249.c123.linsi",323,0.00182799486949212
"GALGAL_R07250.c123.linsi",360,0.0106649267241673
"GALGAL_R07251.c123.linsi",16,0.00123209389741432
"GALGAL_R07252.c123.linsi",134,0.00103478789748532
"GALGAL_R07253.c123.linsi",356,0.00927248944235926
"GALGAL_R07254.c123.linsi",361,0.00309348193687753
"GALGAL_R07255.c123.linsi",359,0.00646729511064329
"GALGAL_R07256.c123.linsi",331,0.00287809856691569
"GALGAL_R07257.c123.linsi",359,0.00501483345933559
"GALGAL_R07258.c123.linsi",317,0.0190647311506316
"GALGAL_R07259.c123.linsi",334,0.00393508663703831
"GALGAL_R07260.c123.linsi",201,0.0164427981959883
"GALGAL_R07261.c123.linsi",335,0.0652186154406832
"GALGAL_R07262.c123.linsi",252,0.0342730271593898
"GALGAL_R07263.c123.linsi",234,0.00993888842795511
"GALGAL_R07264.c123.linsi",344,0.00106990421093719
"GALGAL_R07265.c123.linsi",339,0.0173953418145998
"GALGAL_R07266.c123.linsi",358,0.0211136823231259
"GALGAL_R07267.c123.linsi",9,0.0163561590463031
"GALGAL_R07268.c123.linsi",344,0.00418475990740206
"GALGAL_R07269.c123.linsi",343,0.00187499740522822
"GALGAL_R07270.c123.linsi",185,0.0403880615064327
"GALGAL_R07271.c123.linsi",6,0.00469780713065414
"GALGAL_R07272.c123.linsi",350,0.00962582199508686
"GALGAL_R07273.c123.linsi",362,0.0234099454328416
"GALGAL_R07274.c123.linsi",277,0.0301397116125854
"GALGAL_R07275.c123.linsi",316,0.0368925309184907
"GALGAL_R07276.c123.linsi",357,0.0226549728942085
"GALGAL_R07277.c123.linsi",334,0.0110911255027451
"GALGAL_R07278.c123.linsi",320,0.00216980385963064
"GALGAL_R07279.c123.linsi",249,0.0529916637677079
"GALGAL_R07280.c123.linsi",88,0.00377994322168843
"GALGAL_R07281.c123.linsi",361,0.00967083159974092
"GALGAL_R07282.c123.linsi",187,0.0066063357654775
"GALGAL_R07283.c123.linsi",302,0.0100911945829721
"GALGAL_R07284.c123.linsi",119,0.0215668200520991
"GALGAL_R07285.c123.linsi",361,0.0107910920157673
"GALGAL_R07286.c123.linsi",327,0.0131041251752857
"GALGAL_R07287.c123.linsi",354,0.00195846237096771
"GALGAL_R07288.c123.linsi",359,0.000363939448751873
"GALGAL_R07289.c123.linsi",194,0.0187606661337694
"GALGAL_R07290.c123.linsi",316,0.00643079115113173
"GALGAL_R07291.c123.linsi",293,0.00520452390952005
"GALGAL_R07292.c123.linsi",302,0.01343088954554
"GALGAL_R07293.c123.linsi",320,0.00475322841602939
"GALGAL_R07294.c123.linsi",14,0.0387230260472278
"GALGAL_R07295.c123.linsi",170,0.00318364486632937
"GALGAL_R07296.c123.linsi",299,0.0087623227833887
"GALGAL_R07297.c123.linsi",278,0.0869101549269909
"GALGAL_R07298.c123.linsi",350,0.00512238730890823
"GALGAL_R07299.c123.linsi",355,0.00827380959599672
"GALGAL_R07300.c123.linsi",132,0.0259446337359497
"GALGAL_R07301.c123.linsi",98,0.0245043592618749
"GALGAL_R07302.c123.linsi",341,0.0270311154602823
"GALGAL_R07303.c123.linsi",319,0.0274443718868551
"GALGAL_R07304.c123.linsi",354,0.00483994688855147
"GALGAL_R07305.c123.linsi",313,0.0139982104510792
"GALGAL_R07306.c123.linsi",337,0.0229632780965819
"GALGAL_R07307.c123.linsi",282,0.0159213610557423
"GALGAL_R07308.c123.linsi",327,0.00889999992086335
"GALGAL_R07309.c123.linsi",310,0.0178500750529298
"GALGAL_R07310.c123.linsi",333,0.00611582437433897
"GALGAL_R07311.c123.linsi",354,0.00981938429452988
"GALGAL_R07312.c123.linsi",339,0.0267020507726395
"GALGAL_R07313.c123.linsi",317,0.00542154902776001
"GALGAL_R07314.c123.linsi",320,0.00553613325124529
"GALGAL_R07315.c123.linsi",361,0.00333303895709952
"GALGAL_R07316.c123.linsi",357,0.00470037449562856
"GALGAL_R07317.c123.linsi",344,0.00301514183306334
"GALGAL_R07318.c123.linsi",347,0.0012917678189596
"GALGAL_R07319.c123.linsi",349,0.0125241956617594
"GALGAL_R07320.c123.linsi",348,0.00179329354941874
"GALGAL_R07321.c123.linsi",353,0.00503774535160764
"GALGAL_R07322.c123.linsi",328,0.00589398334369852
"GALGAL_R07323.c123.linsi",359,0.00674906760008496
"GALGAL_R07324.c123.linsi",361,0.0045195207061856
"GALGAL_R07325.c123.linsi",356,0.00199546564161406
"GALGAL_R07326.c123.linsi",336,0.0156254789508608
"GALGAL_R07327.c123.linsi",321,0.0127994673652221
"GALGAL_R07328.c123.linsi",342,0.00188406352556718
"GALGAL_R07329.c123.linsi",347,0.00608504167895519
"GALGAL_R07330.c123.linsi",356,0.00612701629865895
"GALGAL_R07331.c123.linsi",341,0.0065048826735359
"GALGAL_R07332.c123.linsi",348,0.0127535782866679
"GALGAL_R07333.c123.linsi",347,0.0139816263005179
"GALGAL_R07334.c123.linsi",321,0.0128453849542047
"GALGAL_R07335.c123.linsi",346,0.0173357863022562
"GALGAL_R07336.c123.linsi",358,0.00469973468224644
"GALGAL_R07337.c123.linsi",347,0.00405624081857709
"GALGAL_R07338.c123.linsi",11,0.0185923159681836
"GALGAL_R07339.c123.linsi",11,0.0135780010594885
"GALGAL_R07340.c123.linsi",334,0.0197749659435465
"GALGAL_R07341.c123.linsi",359,0.00548716251516393
"GALGAL_R07342.c123.linsi",362,0.00141658379137259
"GALGAL_R07343.c123.linsi",331,0.00255939400722606
"GALGAL_R07344.c123.linsi",337,0.00395296226991057
"GALGAL_R07345.c123.linsi",311,0.000971100836362854
"GALGAL_R07346.c123.linsi",324,0.00540719291401743
"GALGAL_R07347.c123.linsi",239,0.000969485040037699
"GALGAL_R07348.c123.linsi",343,0.00111894392189535
"GALGAL_R07349.c123.linsi",202,0.00037699905788922
"GALGAL_R07350.c123.linsi",350,0.00177871360630105
"GALGAL_R07351.c123.linsi",360,0.0047630602758831
"GALGAL_R07352.c123.linsi",346,0.00151197296751062
"GALGAL_R07353.c123.linsi",309,0.000626339381553944
"GALGAL_R07354.c123.linsi",340,0.00142805922012278
"GALGAL_R07355.c123.linsi",360,0.00449384567097969
"GALGAL_R07356.c123.linsi",343,0.00246743082888631
"GALGAL_R07357.c123.linsi",348,0.00301544318756913
"GALGAL_R07358.c123.linsi",324,0.00290871783174162
"GALGAL_R07359.c123.linsi",318,0.00200318483599019
"GALGAL_R07360.c123.linsi",362,0.00535913040815004
"GALGAL_R07361.c123.linsi",358,0.00536178890265958
"GALGAL_R07362.c123.linsi",330,0.0126201647295093
"GALGAL_R07363.c123.linsi",354,0.0280087456895146
"GALGAL_R07364.c123.linsi",15,0.000768854911248887
"GALGAL_R07365.c123.linsi",327,0.00174801229700722
"GALGAL_R07366.c123.linsi",267,0.00217466801496907
"GALGAL_R07367.c123.linsi",329,0.000902531187433375
"GALGAL_R07368.c123.linsi",345,0.0106233418598064
"GALGAL_R07369.c123.linsi",360,0.000809373645761619
"GALGAL_R07370.c123.linsi",361,0.00238324177239909
"GALGAL_R07371.c123.linsi",354,0.00678413649019477
"GALGAL_R07372.c123.linsi",356,0.0415851767725268
"GALGAL_R07373.c123.linsi",337,0.00695046652772303
"GALGAL_R07374.c123.linsi",358,0.00426143963877347
"GALGAL_R07375.c123.linsi",361,0.00686621065512196
"GALGAL_R07376.c123.linsi",348,0.0053857674409339
"GALGAL_R07377.c123.linsi",358,0.0184503196628371
"GALGAL_R07378.c123.linsi",360,0.00183165216684783
"GALGAL_R07379.c123.linsi",289,0.000940121522394062
"GALGAL_R07380.c123.linsi",327,0.0126184749570675
"GALGAL_R07381.c123.linsi",356,0.0100288308245066
"GALGAL_R07382.c123.linsi",349,0.0041894005118043
"GALGAL_R07383.c123.linsi",66,0.0275407589012335
"GALGAL_R07384.c123.linsi",358,0.00381650231550406
"GALGAL_R07385.c123.linsi",359,0.00536436269122949
"GALGAL_R07386.c123.linsi",345,0.0253317759889336
"GALGAL_R07387.c123.linsi",357,0.0042874461576374
"GALGAL_R07388.c123.linsi",292,0.00279380381645323
"GALGAL_R07389.c123.linsi",354,0.00357706142287977
"GALGAL_R07390.c123.linsi",358,0.00720413817130651
"GALGAL_R07391.c123.linsi",195,0.00262315596868272
"GALGAL_R07392.c123.linsi",328,0.0244760069879502
"GALGAL_R07393.c123.linsi",328,0.0152481736761497
"GALGAL_R07394.c123.linsi",292,0.0126574388424303
"GALGAL_R07395.c123.linsi",309,0.0343600549408714
"GALGAL_R07396.c123.linsi",360,0.0167633218028458
"GALGAL_R07397.c123.linsi",248,0.016057893665441
"GALGAL_R07398.c123.linsi",266,0.0183821832397292
"GALGAL_R07399.c123.linsi",354,0.027991400289746
"GALGAL_R07400.c123.linsi",360,0.0150259086916999
"GALGAL_R07401.c123.linsi",337,0.00296715646152443
"GALGAL_R07402.c123.linsi",297,0.018725171951999
"GALGAL_R07403.c123.linsi",183,0.00119294814189473
"GALGAL_R07404.c123.linsi",356,0.00630627963025238
"GALGAL_R07405.c123.linsi",363,0.00470827771961965
"GALGAL_R07406.c123.linsi",348,0.0107360472186664
"GALGAL_R07407.c123.linsi",351,0.0212686640211271
"GALGAL_R07408.c123.linsi",359,0.0176894714446117
"GALGAL_R07409.c123.linsi",352,0.00415867557590807
"GALGAL_R07410.c123.linsi",346,0.00140308806206549
"GALGAL_R07411.c123.linsi",330,0.0665296779656428
"GALGAL_R07412.c123.linsi",324,0.0153471790078046
"GALGAL_R07413.c123.linsi",332,0.0876654784378927
"GALGAL_R07414.c123.linsi",286,0.0642718593451842
"GALGAL_R07415.c123.linsi",338,0.0458362260046094
"GALGAL_R07416.c123.linsi",301,0.0122383018370704
"GALGAL_R07417.c123.linsi",344,0.0314822986022788
"GALGAL_R07418.c123.linsi",336,0.0141036663124637
"GALGAL_R07419.c123.linsi",354,0.0138108739982439
"GALGAL_R07420.c123.linsi",348,0.00133862544649569
"GALGAL_R07421.c123.linsi",350,0.0462331517118683
"GALGAL_R07422.c123.linsi",362,0.00524060870929197
"GALGAL_R07423.c123.linsi",339,0.0248001294149239
"GALGAL_R07424.c123.linsi",361,0.00874180173901733
"GALGAL_R07425.c123.linsi",354,0.00362617276709637
"GALGAL_R07426.c123.linsi",246,0.00135676780235697
"GALGAL_R07427.c123.linsi",334,0.00460810989583826
"GALGAL_R07428.c123.linsi",340,0.00313643953751007
"GALGAL_R07429.c123.linsi",339,0.0566703409713909
"GALGAL_R07430.c123.linsi",198,0.00261982689406753
"GALGAL_R07431.c123.linsi",346,0.00437692287648021
"GALGAL_R07432.c123.linsi",104,0.00921194736155589
"GALGAL_R07433.c123.linsi",323,0.0171616469861577
"GALGAL_R07434.c123.linsi",357,0.00138629438672971
"GALGAL_R07435.c123.linsi",104,0.0105553621373238
"GALGAL_R07436.c123.linsi",356,0.00791656114159304
"GALGAL_R07437.c123.linsi",333,0.0132037584223825
"GALGAL_R07445.c123.linsi",47,0.0854385934492922
"GALGAL_R07447.c123.linsi",10,0.0145415014907736
"GALGAL_R07454.c123.linsi",352,0.0476455183163426
"GALGAL_R07455.c123.linsi",352,0.0206569969763972
"GALGAL_R07456.c123.linsi",282,0.00878215885798114
"GALGAL_R07457.c123.linsi",334,0.00723565923037486
"GALGAL_R07458.c123.linsi",327,0.0133622491513114
"GALGAL_R07459.c123.linsi",318,0.0215233303266145
"GALGAL_R07460.c123.linsi",308,0.0155592869653031
"GALGAL_R07461.c123.linsi",313,0.0172490922581148
"GALGAL_R07462.c123.linsi",294,0.0127539915333491
"GALGAL_R07463.c123.linsi",336,0.00548460404803973
"GALGAL_R07464.c123.linsi",333,0.0470136692286811
"GALGAL_R07465.c123.linsi",152,0.00668063823600114
"GALGAL_R07466.c123.linsi",351,0.0307220193052424
"GALGAL_R07467.c123.linsi",345,0.108371090832088
"GALGAL_R07468.c123.linsi",296,0.0532276911872373
"GALGAL_R07469.c123.linsi",326,0.0195117521787501
"GALGAL_R07470.c123.linsi",328,0.0269459828741305
"GALGAL_R07471.c123.linsi",347,0.0265545322923826
"GALGAL_R07472.c123.linsi",313,0.0158672060326757
"GALGAL_R07473.c123.linsi",343,0.0243011134895626
"GALGAL_R07474.c123.linsi",358,0.020063534222782
"GALGAL_R07475.c123.linsi",136,0.031431594959841
"GALGAL_R07476.c123.linsi",344,0.00709635225388155
"GALGAL_R07477.c123.linsi",344,0.00934743921848335
"GALGAL_R07478.c123.linsi",123,0.00335012208124102
"GALGAL_R07479.c123.linsi",353,0.00966972505412509
"GALGAL_R07480.c123.linsi",358,0.010608060719864
"GALGAL_R07481.c123.linsi",321,0.0217478497425117
"GALGAL_R07482.c123.linsi",344,0.0133865058571027
"GALGAL_R07483.c123.linsi",328,0.00981303825304514
"GALGAL_R07484.c123.linsi",320,0.0286224625836614
"GALGAL_R07485.c123.linsi",312,0.0343398594223539
"GALGAL_R07486.c123.linsi",266,0.0385361970357034
"GALGAL_R07487.c123.linsi",359,0.01233629761473
"GALGAL_R07488.c123.linsi",324,0.0273778342559855
"GALGAL_R07489.c123.linsi",125,0.0388033782877274
"GALGAL_R07490.c123.linsi",338,0.0260323541678072
"GALGAL_R07491.c123.linsi",339,0.00750394875165979
"GALGAL_R07492.c123.linsi",354,0.0205938053918172
"GALGAL_R07493.c123.linsi",334,0.0156465284334324
"GALGAL_R07494.c123.linsi",336,0.0271133326718183
"GALGAL_R07495.c123.linsi",344,0.0186028011447429
"GALGAL_R07496.c123.linsi",345,0.00877278087247263
"GALGAL_R07497.c123.linsi",304,0.00805337105867487
"GALGAL_R07498.c123.linsi",329,0.00490950579908816
"GALGAL_R07499.c123.linsi",323,0.00432596901896501
"GALGAL_R07500.c123.linsi",7,0.0099595735409015
"GALGAL_R07501.c123.linsi",54,0.0141435004704047
"GALGAL_R07502.c123.linsi",332,0.00736588778142693
"GALGAL_R07503.c123.linsi",12,0.0068007325067016
"GALGAL_R07504.c123.linsi",341,0.0294574336026808
"GALGAL_R07505.c123.linsi",320,0.0541428362054007
"GALGAL_R07506.c123.linsi",339,0.0253414064952479
"GALGAL_R07507.c123.linsi",312,0.0320078452843742
"GALGAL_R07508.c123.linsi",6,0.0448750879679424
"GALGAL_R07510.c123.linsi",5,0.077402598810891
"GALGAL_R07511.c123.linsi",336,0.0166384308172964
"GALGAL_R07512.c123.linsi",163,0.0353504433221917
"GALGAL_R07513.c123.linsi",316,0.0157988056178695
"GALGAL_R07514.c123.linsi",349,0.0124039916784066
"GALGAL_R07515.c123.linsi",153,0.0111242349564576
"GALGAL_R07516.c123.linsi",18,0.0260400817221517
"GALGAL_R07517.c123.linsi",85,0.0420227783912882
"GALGAL_R07518.c123.linsi",78,0.0139934897125055
"GALGAL_R07519.c123.linsi",356,0.0166836114176285
"GALGAL_R07520.c123.linsi",255,0.0591806681017161
"GALGAL_R07521.c123.linsi",237,0.0607265256807962
"GALGAL_R07522.c123.linsi",351,0.00500150250788066
"GALGAL_R07523.c123.linsi",348,0.00448333571322552
"GALGAL_R07524.c123.linsi",350,0.0107114667828785
"GALGAL_R07525.c123.linsi",328,0.00922967530213245
"GALGAL_R07526.c123.linsi",325,0.0306164514665542
"GALGAL_R07527.c123.linsi",314,0.0228779318169403
"GALGAL_R07528.c123.linsi",8,0.0226994623753437
"GALGAL_R07529.c123.linsi",353,0.00825446599069128
"GALGAL_R07530.c123.linsi",340,0.0133817107292893
"GALGAL_R07531.c123.linsi",358,0.0218809169173053
"GALGAL_R07532.c123.linsi",340,0.0111635548966567
"GALGAL_R07533.c123.linsi",357,0.0102378675802338
"GALGAL_R07534.c123.linsi",352,0.0496154160688848
"GALGAL_R07535.c123.linsi",357,0.00706940808717295
"GALGAL_R07536.c123.linsi",355,0.0918769896772155
"GALGAL_R07537.c123.linsi",357,0.00923533942207135
"GALGAL_R07538.c123.linsi",351,0.0512421999562696
"GALGAL_R07539.c123.linsi",345,0.0227154322575302
"GALGAL_R07540.c123.linsi",347,0.0159290087274493
"GALGAL_R07541.c123.linsi",352,0.0445590171814335
"GALGAL_R07542.c123.linsi",329,0.00955972651387717
"GALGAL_R07543.c123.linsi",348,0.0125313745136189
"GALGAL_R07544.c123.linsi",344,0.0278804697677081
"GALGAL_R07545.c123.linsi",354,0.00792901638419826
"GALGAL_R07546.c123.linsi",348,0.0165892362256409
"GALGAL_R07547.c123.linsi",290,0.00837825689652763
"GALGAL_R07548.c123.linsi",306,0.0105781972040882
"GALGAL_R07549.c123.linsi",281,0.0219475704170248
"GALGAL_R07550.c123.linsi",350,0.0250618017087672
"GALGAL_R07551.c123.linsi",348,0.0075857929545401
"GALGAL_R07552.c123.linsi",352,0.00962297795832226
"GALGAL_R07553.c123.linsi",269,0.0109909517265123
"GALGAL_R07554.c123.linsi",343,0.0320071409933451
"GALGAL_R07555.c123.linsi",355,0.00975899661027761
"GALGAL_R07556.c123.linsi",356,0.00890142527633219
"GALGAL_R07557.c123.linsi",340,0.00474466948740786
"GALGAL_R07558.c123.linsi",328,0.011118249142267
"GALGAL_R07559.c123.linsi",332,0.0119782940066574
"GALGAL_R07560.c123.linsi",338,0.0125348737461014
"GALGAL_R07561.c123.linsi",284,0.00316621191075994
"GALGAL_R07562.c123.linsi",341,0.006172435447466
"GALGAL_R07563.c123.linsi",309,0.00654457978517374
"GALGAL_R07564.c123.linsi",333,0.0344256949240643
"GALGAL_R07565.c123.linsi",354,0.00765322496278195
"GALGAL_R07566.c123.linsi",335,0.0731566017500073
"GALGAL_R07567.c123.linsi",355,0.00500622204265927
"GALGAL_R07568.c123.linsi",223,0.0363303099201426
"GALGAL_R07569.c123.linsi",359,0.0858339267811032
"GALGAL_R07570.c123.linsi",228,0.0112656706418395
"GALGAL_R07571.c123.linsi",360,0.0296521128679807
"GALGAL_R07572.c123.linsi",24,0.0284633342581568
"GALGAL_R07573.c123.linsi",312,0.0287572662168484
"GALGAL_R07574.c123.linsi",352,0.0127771052808611
"GALGAL_R07575.c123.linsi",345,0.00722461820205951
"GALGAL_R07576.c123.linsi",353,0.0325814958790296
"GALGAL_R07577.c123.linsi",353,0.00492038933878021
"GALGAL_R07578.c123.linsi",346,0.00497349401710323
"GALGAL_R07579.c123.linsi",5,0.00999670807882401
"GALGAL_R07580.c123.linsi",350,0.0400905375974594
"GALGAL_R07581.c123.linsi",331,0.0358373837622459
"GALGAL_R07582.c123.linsi",274,0.00627922691212161
"GALGAL_R07583.c123.linsi",255,0.00855411511359105
"GALGAL_R07584.c123.linsi",360,0.00175999521498159
"GALGAL_R07585.c123.linsi",356,0.02180564237563
"GALGAL_R07586.c123.linsi",345,0.034346224830912
"GALGAL_R07587.c123.linsi",358,0.0260692343458136
"GALGAL_R07588.c123.linsi",281,0.00711751803467644
"GALGAL_R07589.c123.linsi",356,0.0217136317366001
"GALGAL_R07590.c123.linsi",355,0.0125171058164653
"GALGAL_R07591.c123.linsi",354,0.0122677181021213
"GALGAL_R07592.c123.linsi",346,0.0124088593176255
"GALGAL_R07593.c123.linsi",6,0.00848135827484108
"GALGAL_R07594.c123.linsi",351,0.00773363372679207
"GALGAL_R07595.c123.linsi",347,0.00576752268244833
"GALGAL_R07596.c123.linsi",333,0.004106884008902
"GALGAL_R07597.c123.linsi",356,0.00545723926184269
"GALGAL_R07598.c123.linsi",353,0.00731972868373331
"GALGAL_R07599.c123.linsi",358,0.00631454056873913
"GALGAL_R07600.c123.linsi",207,0.00249833238603674
"GALGAL_R07601.c123.linsi",353,0.014565972455675
"GALGAL_R07602.c123.linsi",334,0.00652232185722918
"GALGAL_R07603.c123.linsi",353,0.00894177661848434
"GALGAL_R07604.c123.linsi",350,0.021590998043323
"GALGAL_R07609.c123.linsi",355,0.0101517670912467
"GALGAL_R07610.c123.linsi",352,0.00312695523204198
"GALGAL_R07611.c123.linsi",340,0.00251851825395909
"GALGAL_R07612.c123.linsi",355,0.00904986663403456
"GALGAL_R07613.c123.linsi",356,0.00539119960286672
"GALGAL_R07614.c123.linsi",308,0.011947786212613
"GALGAL_R07615.c123.linsi",55,0.0268484755866171
"GALGAL_R07616.c123.linsi",347,0.0049401288980913
"GALGAL_R07617.c123.linsi",361,0.0106459231078409
"GALGAL_R07620.c123.linsi",351,0.0509851640243696
"GALGAL_R07621.c123.linsi",183,0.00369989489688377
"GALGAL_R07622.c123.linsi",330,0.0312619933635448
"GALGAL_R07623.c123.linsi",351,0.0110064602698864
"GALGAL_R07624.c123.linsi",317,0.0118196761368812
"GALGAL_R07625.c123.linsi",7,0.0428669699778159
"GALGAL_R07626.c123.linsi",361,0.0148789268082179
"GALGAL_R07627.c123.linsi",349,0.0327932916394539
"GALGAL_R07628.c123.linsi",333,0.0103432119370411
"GALGAL_R07629.c123.linsi",352,0.00916615283079847
"GALGAL_R07630.c123.linsi",323,0.00505789349379348
"GALGAL_R07631.c123.linsi",40,0.0105475832268258
"GALGAL_R07632.c123.linsi",314,0.0105327945569165
"GALGAL_R07633.c123.linsi",346,0.00995021723408637
"GALGAL_R07634.c123.linsi",320,0.0127002442406434
"GALGAL_R07635.c123.linsi",341,0.00755915695071854
"GALGAL_R07636.c123.linsi",346,0.00563488910658323
"GALGAL_R07637.c123.linsi",179,0.0132149022636363
"GALGAL_R07638.c123.linsi",182,0.00492548280049332
"GALGAL_R07639.c123.linsi",348,0.0125461982288487
"GALGAL_R07641.c123.linsi",10,0.0115016391184488
"GALGAL_R07642.c123.linsi",356,0.0115873510764341
"GALGAL_R07643.c123.linsi",140,0.0105209731215741
"GALGAL_R07644.c123.linsi",281,0.0252713898680093
"GALGAL_R07645.c123.linsi",41,0.02731337468566
"GALGAL_R07650.c123.linsi",9,0.0351730225190832
"GALGAL_R07651.c123.linsi",334,0.00357379194035253
"GALGAL_R07652.c123.linsi",318,0.00812568923868633
"GALGAL_R07653.c123.linsi",353,0.00232220146489719
"GALGAL_R07654.c123.linsi",334,0.0108214388837759
"GALGAL_R07655.c123.linsi",320,0.0160713760322378
"GALGAL_R07656.c123.linsi",65,0.0070349204515392
"GALGAL_R07661.c123.linsi",42,0.00305573042131218
"GALGAL_R07662.c123.linsi",339,0.009015656914703
"GALGAL_R07663.c123.linsi",9,0.0336391444464113
"GALGAL_R07664.c123.linsi",23,0.0123373781480126
"GALGAL_R07665.c123.linsi",238,0.00513044435111483
"GALGAL_R07666.c123.linsi",356,0.0141131548707413
"GALGAL_R07667.c123.linsi",349,0.0113158853570603
"GALGAL_R07668.c123.linsi",343,0.0177164034570768
"GALGAL_R07669.c123.linsi",335,0.00359280426720742
"GALGAL_R07670.c123.linsi",353,0.00453708605897305
"GALGAL_R07671.c123.linsi",342,0.0107926732899519
"GALGAL_R07672.c123.linsi",339,0.00981294025941435
"GALGAL_R07673.c123.linsi",353,0.00752169813127612
"GALGAL_R07674.c123.linsi",344,0.0132985724625762
"GALGAL_R07675.c123.linsi",308,0.01281379646837
"GALGAL_R07676.c123.linsi",333,0.0096918865466348
"GALGAL_R07677.c123.linsi",352,0.0183500867101819
"GALGAL_R07678.c123.linsi",167,0.0660382410360556
"GALGAL_R07679.c123.linsi",354,0.00773306180997488
"GALGAL_R07680.c123.linsi",306,0.0172813835714621
"GALGAL_R07681.c123.linsi",331,0.0162776031035097
"GALGAL_R07682.c123.linsi",335,0.0142433261342334
"GALGAL_R07683.c123.linsi",356,0.00391985157105138
"GALGAL_R07684.c123.linsi",351,0.00969253433262993
"GALGAL_R07685.c123.linsi",316,0.0089018606140337
"GALGAL_R07686.c123.linsi",353,0.00207121956690776
"GALGAL_R07687.c123.linsi",358,0.0129892508281453
"GALGAL_R07688.c123.linsi",34,0.00985367727208012
"GALGAL_R07689.c123.linsi",361,0.0151762620302873
"GALGAL_R07690.c123.linsi",359,0.00486531402633727
"GALGAL_R07691.c123.linsi",346,0.00641420017931678
"GALGAL_R07692.c123.linsi",354,0.00624195236077736
"GALGAL_R07693.c123.linsi",355,0.00732921273990925
"GALGAL_R07694.c123.linsi",326,0.0047810684513524
"GALGAL_R07695.c123.linsi",330,0.0202483552609217
"GALGAL_R07696.c123.linsi",356,0.00848577143783706
"GALGAL_R07697.c123.linsi",360,0.00634099856500332
"GALGAL_R07698.c123.linsi",287,0.0241728137107664
"GALGAL_R07699.c123.linsi",354,0.00841252482991914
"GALGAL_R07700.c123.linsi",355,0.0155670485222804
"GALGAL_R07701.c123.linsi",305,0.00596433054975493
"GALGAL_R07702.c123.linsi",323,0.0141442163816124
"GALGAL_R07703.c123.linsi",348,0.0143387024005393
"GALGAL_R07704.c123.linsi",359,0.0218228335330142
"GALGAL_R07705.c123.linsi",359,0.0660781693154609
"GALGAL_R07706.c123.linsi",327,0.00982868027964243
"GALGAL_R07707.c123.linsi",363,0.0175657169865658
"GALGAL_R07708.c123.linsi",213,0.0031454336856981
"GALGAL_R07709.c123.linsi",348,0.00656607548758199
"GALGAL_R07710.c123.linsi",340,0.0217415455838317
"GALGAL_R07711.c123.linsi",346,0.0465719192867099
"GALGAL_R07712.c123.linsi",353,0.0488727105937209
"GALGAL_R07713.c123.linsi",354,0.0145938184885914
"GALGAL_R07714.c123.linsi",337,0.0130862658247362
"GALGAL_R07715.c123.linsi",330,0.0034939309157552
"GALGAL_R07716.c123.linsi",343,0.000466664580519501
"GALGAL_R07717.c123.linsi",360,0.00586023076822582
"GALGAL_R07718.c123.linsi",325,0.00902907918139672
"GALGAL_R07719.c123.linsi",361,0.0143176814929511
"GALGAL_R07720.c123.linsi",357,0.00106462761781231
"GALGAL_R07721.c123.linsi",360,0.00821255182037519
"GALGAL_R07722.c123.linsi",343,0.0158347449236248
"GALGAL_R07723.c123.linsi",359,0.0181172838003386
"GALGAL_R07724.c123.linsi",360,0.00543984735770798
"GALGAL_R07725.c123.linsi",347,0.0114124547030657
"GALGAL_R07726.c123.linsi",312,0.00628662793361538
"GALGAL_R07727.c123.linsi",289,0.0163511219904237
"GALGAL_R07728.c123.linsi",350,0.00604308044728804
"GALGAL_R07729.c123.linsi",336,0.00760971022147469
"GALGAL_R07730.c123.linsi",5,0.0397581247161292
"GALGAL_R07731.c123.linsi",22,0.0403230069708641
"GALGAL_R07732.c123.linsi",127,0.0035590758720592
"GALGAL_R07733.c123.linsi",11,0.00806346629335359
"GALGAL_R07734.c123.linsi",348,0.0145438736877461
"GALGAL_R07735.c123.linsi",277,0.0228198599780111
"GALGAL_R07736.c123.linsi",277,0.0166006369895627
"GALGAL_R07737.c123.linsi",351,0.0121108816282592
"GALGAL_R07738.c123.linsi",357,0.0079649139860643
"GALGAL_R07739.c123.linsi",319,0.00439104940268274
"GALGAL_R07740.c123.linsi",333,0.0271892237032881
"GALGAL_R07741.c123.linsi",358,0.0357858131146048
"GALGAL_R07742.c123.linsi",299,0.0195550608428013
"GALGAL_R07743.c123.linsi",333,0.0106748517608273
"GALGAL_R07744.c123.linsi",296,0.0129121124281346
"GALGAL_R07745.c123.linsi",328,0.0060878093456228
"GALGAL_R07746.c123.linsi",302,0.0145932480328335
"GALGAL_R07747.c123.linsi",356,0.0382889332170517
"GALGAL_R07748.c123.linsi",327,0.0182553121922927
"GALGAL_R07749.c123.linsi",354,0.0161262987883378
"GALGAL_R07750.c123.linsi",204,0.00381064294852029
"GALGAL_R07751.c123.linsi",328,0.0128958094814316
"GALGAL_R07752.c123.linsi",345,0.015576188704088
"GALGAL_R07753.c123.linsi",351,0.00693011577127868
"GALGAL_R07754.c123.linsi",359,0.00765474893960041
"GALGAL_R07755.c123.linsi",361,0.0182402510046499
"GALGAL_R07756.c123.linsi",347,0.0102816689811524
"GALGAL_R07757.c123.linsi",338,0.00282483384184661
"GALGAL_R07758.c123.linsi",286,0.0119045053500019
"GALGAL_R07759.c123.linsi",338,0.0132389578558189
"GALGAL_R07760.c123.linsi",352,0.00971730231480484
"GALGAL_R07761.c123.linsi",276,0.0147367651186439
"GALGAL_R07762.c123.linsi",5,0.00294544374592797
"GALGAL_R07763.c123.linsi",149,0.0131132714215013
"GALGAL_R07764.c123.linsi",360,0.00849291574261988
"GALGAL_R07765.c123.linsi",350,0.00750902537952305
"GALGAL_R07766.c123.linsi",143,0.0109250724564831
"GALGAL_R07767.c123.linsi",357,0.0423632122807312
"GALGAL_R07768.c123.linsi",362,0.0118855579219953
"GALGAL_R07769.c123.linsi",69,0.00709571918589853
"GALGAL_R07770.c123.linsi",346,0.00542420838848184
"GALGAL_R07771.c123.linsi",352,0.0156973564739838
"GALGAL_R07772.c123.linsi",322,0.0276303416490051
"GALGAL_R07773.c123.linsi",22,0.0267015163379766
"GALGAL_R07774.c123.linsi",360,0.0274787777291283
"GALGAL_R07775.c123.linsi",360,0.0216136165608381
"GALGAL_R07776.c123.linsi",354,0.025185240195416
"GALGAL_R07777.c123.linsi",322,0.0237310014177734
"GALGAL_R07778.c123.linsi",353,0.0639026047088234
"GALGAL_R07779.c123.linsi",351,0.026003094076602
"GALGAL_R07780.c123.linsi",7,0.015291988453615
"GALGAL_R07781.c123.linsi",348,0.0167983502271591
"GALGAL_R07782.c123.linsi",356,0.0164268542803999
"GALGAL_R07783.c123.linsi",350,0.0678508466344088
"GALGAL_R07784.c123.linsi",356,0.0110371396194265
"GALGAL_R07785.c123.linsi",196,0.0116148935113074
"GALGAL_R07786.c123.linsi",350,0.00420882025894127
"GALGAL_R07787.c123.linsi",281,0.00664429057837168
"GALGAL_R07788.c123.linsi",341,0.00769378857375712
"GALGAL_R07789.c123.linsi",355,0.0155842192161993
"GALGAL_R07790.c123.linsi",273,0.0207526123239598
"GALGAL_R07791.c123.linsi",362,0.00679569741230043
"GALGAL_R07792.c123.linsi",143,0.0218856683606368
"GALGAL_R07793.c123.linsi",355,0.00991593903200144
"GALGAL_R07794.c123.linsi",356,0.00663000696473162
"GALGAL_R07795.c123.linsi",182,0.0219737149840885
"GALGAL_R07796.c123.linsi",64,0.0208881939046724
"GALGAL_R07797.c123.linsi",10,0.00819761568287703
"GALGAL_R07798.c123.linsi",359,0.0120964688207434
"GALGAL_R07799.c123.linsi",313,0.00560188381934907
"GALGAL_R07800.c123.linsi",293,0.0174847915234617
"GALGAL_R07801.c123.linsi",7,0.0598080861833834
"GALGAL_R07802.c123.linsi",353,0.00673387387635213
"GALGAL_R07803.c123.linsi",319,0.0223546543098623
"GALGAL_R07804.c123.linsi",317,0.0156513703975578
"GALGAL_R07805.c123.linsi",29,0.0342487761777424
"GALGAL_R07807.c123.linsi",71,0.035369063939005
"GALGAL_R07808.c123.linsi",41,0.0473070962112955
"GALGAL_R07809.c123.linsi",319,0.00776818103682096
"GALGAL_R07810.c123.linsi",322,0.0066315680831842
"GALGAL_R07811.c123.linsi",258,0.0170052116472337
"GALGAL_R07812.c123.linsi",5,0.0175344910939561
"GALGAL_R07813.c123.linsi",296,0.0130030469718879
"GALGAL_R07814.c123.linsi",329,0.00866189497818926
"GALGAL_R07816.c123.linsi",358,0.0327308956463096
"GALGAL_R07817.c123.linsi",343,0.00995593271133621
"GALGAL_R07818.c123.linsi",337,0.00819525513304142
"GALGAL_R07819.c123.linsi",350,0.0140669195260079
"GALGAL_R07820.c123.linsi",327,0.0125057868231548
"GALGAL_R07821.c123.linsi",342,0.0108564866218326
"GALGAL_R07822.c123.linsi",259,0.00463700084867978
"GALGAL_R07823.c123.linsi",334,0.00387678467575214
"GALGAL_R07824.c123.linsi",353,0.00572826262163674
"GALGAL_R07825.c123.linsi",341,0.00693631891968074
"GALGAL_R07826.c123.linsi",356,0.0228145180300832
"GALGAL_R07827.c123.linsi",354,0.00362396845421146
"GALGAL_R07828.c123.linsi",355,0.0241664038417664
"GALGAL_R07829.c123.linsi",278,0.00795042141019977
"GALGAL_R07830.c123.linsi",358,0.00632870768960223
"GALGAL_R07831.c123.linsi",349,0.00646604579663323
"GALGAL_R07832.c123.linsi",354,0.0380713578547553
"GALGAL_R07833.c123.linsi",345,0.00237914636796311
"GALGAL_R07834.c123.linsi",353,0.00518013901202987
"GALGAL_R07835.c123.linsi",343,0.00231928094409707
"GALGAL_R07836.c123.linsi",317,0.012595082713425
"GALGAL_R07837.c123.linsi",337,0.00882313302888326
"GALGAL_R07838.c123.linsi",351,0.00696836785075501
"GALGAL_R07839.c123.linsi",360,0.0134841570049736
"GALGAL_R07840.c123.linsi",348,0.00599235399548277
"GALGAL_R07841.c123.linsi",14,0.0155245366274731
"GALGAL_R07842.c123.linsi",343,0.00984523795375245
"GALGAL_R07843.c123.linsi",347,0.0041748852757715
"GALGAL_R07844.c123.linsi",345,0.0137486549274099
"GALGAL_R07845.c123.linsi",357,0.0103321248485383
"GALGAL_R07846.c123.linsi",350,0.00437650291704585
"GALGAL_R07847.c123.linsi",348,0.00562933947787112
"GALGAL_R07848.c123.linsi",360,0.0203003435723708
"GALGAL_R07849.c123.linsi",345,0.0177049730838427
"GALGAL_R07850.c123.linsi",344,0.0170875618406536
"GALGAL_R07851.c123.linsi",306,0.0145745920376639
"GALGAL_R07852.c123.linsi",269,0.0168312337260042
"GALGAL_R07853.c123.linsi",351,0.00332305828816631
"GALGAL_R07854.c123.linsi",337,0.00482286450480454
"GALGAL_R07855.c123.linsi",258,0.0102169776036344
"GALGAL_R07856.c123.linsi",350,0.00753653070440868
"GALGAL_R07857.c123.linsi",360,0.0224279869305992
"GALGAL_R07858.c123.linsi",359,0.0330265794961991
"GALGAL_R07859.c123.linsi",358,0.00176167320836335
"GALGAL_R07860.c123.linsi",354,0.00868828758491519
"GALGAL_R07861.c123.linsi",348,0.0279089619886662
"GALGAL_R07862.c123.linsi",358,0.0203710689896973
"GALGAL_R07863.c123.linsi",184,0.00618680804381305
"GALGAL_R07864.c123.linsi",359,0.0451293301829329
"GALGAL_R07865.c123.linsi",360,0.0175774670013009
"GALGAL_R07866.c123.linsi",359,0.0248281105743442
"GALGAL_R07867.c123.linsi",322,0.00751101288486309
"GALGAL_R07868.c123.linsi",354,0.00231259953337836
"GALGAL_R07869.c123.linsi",313,0.0168076474526641
"GALGAL_R07870.c123.linsi",350,0.103006429495581
"GALGAL_R07871.c123.linsi",345,0.0208926366378564
"GALGAL_R07872.c123.linsi",300,0.00677229107161774
"GALGAL_R07873.c123.linsi",343,0.00713573072876259
"GALGAL_R07874.c123.linsi",341,0.0167770006131223
"GALGAL_R07875.c123.linsi",355,0.00860568878702872
"GALGAL_R07876.c123.linsi",362,0.00564955690637863
"GALGAL_R07877.c123.linsi",287,0.00486585221535323
"GALGAL_R07878.c123.linsi",352,0.00404077449262616
"GALGAL_R07879.c123.linsi",354,0.00348921750954752
"GALGAL_R07880.c123.linsi",14,0.00962442626728812
"GALGAL_R07925.c123.linsi",5,0.000681069855165074
"GALGAL_R07931.c123.linsi",215,0.0138758209951612
"GALGAL_R07932.c123.linsi",108,0.0184453732164157
"GALGAL_R07933.c123.linsi",252,0.0442227602076224
"GALGAL_R07937.c123.linsi",47,0.0197202138668189
"GALGAL_R07945.c123.linsi",330,0.0186878393330446
"GALGAL_R07949.c123.linsi",294,0.014882413225743
"GALGAL_R07950.c123.linsi",307,0.00758984864708599
"GALGAL_R07953.c123.linsi",106,0.0118916975678281
"GALGAL_R07961.c123.linsi",76,0.0252871317386503
"GALGAL_R07963.c123.linsi",166,0.0600828214027746
"GALGAL_R07971.c123.linsi",205,0.022564631242986
"GALGAL_R07972.c123.linsi",277,0.0420392446542779
"GALGAL_R07973.c123.linsi",263,0.0246020461433653
"GALGAL_R07976.c123.linsi",152,0.0210068289096234
"GALGAL_R07982.c123.linsi",322,0.0209517473984768
"GALGAL_R07989.c123.linsi",29,0.00322022498344387
"GALGAL_R07990.c123.linsi",9,0.0118416124818881
"GALGAL_R07991.c123.linsi",166,0.0300768214482286
"GALGAL_R07995.c123.linsi",53,0.0518959555727828
"GALGAL_R07996.c123.linsi",18,0.0180462388956172
"GALGAL_R07997.c123.linsi",285,0.00614733066721294
"GALGAL_R07998.c123.linsi",351,0.0102569606923535
"GALGAL_R08002.c123.linsi",14,0.0130781467576303
"GALGAL_R08003.c123.linsi",63,0.00807311569418969
"GALGAL_R08004.c123.linsi",162,0.0145198026558691
"GALGAL_R08005.c123.linsi",60,0.0143238086615516
"GALGAL_R08006.c123.linsi",132,0.0117124418350848
"GALGAL_R08010.c123.linsi",60,0.0149379992543357
"GALGAL_R08013.c123.linsi",7,0.0425511919947145
"GALGAL_R08016.c123.linsi",4,0.0376732736770186
"GALGAL_R08017.c123.linsi",41,0.0420737599461406
"GALGAL_R08020.c123.linsi",321,0.0262603095866317
"GALGAL_R08023.c123.linsi",54,0.0212486213987515
"GALGAL_R08025.c123.linsi",103,0.0142261459245572
"GALGAL_R08030.c123.linsi",150,0.0220437056352587
"GALGAL_R08032.c123.linsi",184,0.0107184091019127
"GALGAL_R08035.c123.linsi",246,0.0384509389229344
"GALGAL_R08036.c123.linsi",222,0.0130948045431096
"GALGAL_R08041.c123.linsi",147,0.0253654785632948
"GALGAL_R08043.c123.linsi",74,0.0176944407734214
"GALGAL_R08045.c123.linsi",27,0.0414800370418474
"GALGAL_R08046.c123.linsi",218,0.0299627644268148
"GALGAL_R08047.c123.linsi",241,0.0260841740048093
"GALGAL_R08050.c123.linsi",6,0.040257835142173
"GALGAL_R08054.c123.linsi",57,0.0491550807526909
"GALGAL_R08055.c123.linsi",35,0.0238349291224705
"GALGAL_R08057.c123.linsi",296,0.00805446468398778
"GALGAL_R08059.c123.linsi",167,0.0177827800775148
"GALGAL_R08064.c123.linsi",362,0.00660993484936932
"GALGAL_R08069.c123.linsi",356,0.0172809478763789
"GALGAL_R08070.c123.linsi",347,0.00534446209624829
"GALGAL_R08071.c123.linsi",318,0.0144192391275484
"GALGAL_R08073.c123.linsi",189,0.010097986095045
"GALGAL_R08074.c123.linsi",359,0.00427868880848345
"GALGAL_R08075.c123.linsi",361,0.0145254866974088
"GALGAL_R08076.c123.linsi",340,0.0127582803744149
"GALGAL_R08077.c123.linsi",336,0.000747409825732619
"GALGAL_R08078.c123.linsi",356,0.00557147262298959
"GALGAL_R08079.c123.linsi",345,0.00221491982227174
"GALGAL_R08082.c123.linsi",290,0.00938658777801777
"GALGAL_R08083.c123.linsi",351,0.00441296235489207
"GALGAL_R08084.c123.linsi",353,0.00419481411292353
"GALGAL_R08085.c123.linsi",358,0.00545056286119066
"GALGAL_R08086.c123.linsi",347,0.00498741712959619
"GALGAL_R08087.c123.linsi",7,0.00697472189978877
"GALGAL_R08088.c123.linsi",299,0.00298269545389932
"GALGAL_R08089.c123.linsi",358,0.0352734518129903
"GALGAL_R08090.c123.linsi",195,0.0276268807608231
"GALGAL_R08091.c123.linsi",351,0.00308921176687024
"GALGAL_R08092.c123.linsi",219,0.0201531608444321
"GALGAL_R08093.c123.linsi",301,0.026892562065437
"GALGAL_R08094.c123.linsi",333,0.00499042160319603
"GALGAL_R08095.c123.linsi",349,0.00404401975476996
"GALGAL_R08096.c123.linsi",326,0.0215763499496645
"GALGAL_R08097.c123.linsi",321,0.0180404960038982
"GALGAL_R08098.c123.linsi",353,0.00233326455061113
"GALGAL_R08099.c123.linsi",363,0.00435682116459636
"GALGAL_R08100.c123.linsi",352,0.00123293997318235
"GALGAL_R08101.c123.linsi",11,0.0223744801950291
"GALGAL_R08102.c123.linsi",301,0.0185428835400713
"GALGAL_R08103.c123.linsi",329,0.0121910159711109
"GALGAL_R08104.c123.linsi",338,0.0299860159961291
"GALGAL_R08105.c123.linsi",358,0.00452673085572956
"GALGAL_R08106.c123.linsi",264,0.0534567392863162
"GALGAL_R08107.c123.linsi",317,0.0158407227538252
"GALGAL_R08108.c123.linsi",212,0.00102116330888729
"GALGAL_R08109.c123.linsi",340,0.00184159615942015
"GALGAL_R08110.c123.linsi",356,0.0121554155370787
"GALGAL_R08111.c123.linsi",339,0.0192260885287394
"GALGAL_R08112.c123.linsi",357,0.00485605065947985
"GALGAL_R08113.c123.linsi",329,0.00319270092187396
"GALGAL_R08114.c123.linsi",351,0.00171126998340897
"GALGAL_R08115.c123.linsi",241,0.000931959079667127
"GALGAL_R08116.c123.linsi",224,0.00332242963240404
"GALGAL_R08117.c123.linsi",362,0.000427567243669103
"GALGAL_R08120.c123.linsi",353,0.0117389759663747
"GALGAL_R08121.c123.linsi",346,0.00128393766799276
"GALGAL_R08122.c123.linsi",320,0.0376007423558717
"GALGAL_R08124.c123.linsi",347,0.00893136176055912
"GALGAL_R08125.c123.linsi",314,0.00076318785383134
"GALGAL_R08126.c123.linsi",354,0.00600336018327189
"GALGAL_R08127.c123.linsi",350,0.00444584294565504
"GALGAL_R08128.c123.linsi",335,0.00306292250326456
"GALGAL_R08129.c123.linsi",354,0.00430361504609229
"GALGAL_R08130.c123.linsi",360,0.00383078571001487
"GALGAL_R08131.c123.linsi",38,0.026736739924038
"GALGAL_R08132.c123.linsi",349,0.00129859317489055
"GALGAL_R08133.c123.linsi",286,0.0119978233174263
"GALGAL_R08134.c123.linsi",336,0.00801315644972122
"GALGAL_R08135.c123.linsi",322,0.0217588530499506
"GALGAL_R08136.c123.linsi",137,0.0186211938089806
"GALGAL_R08137.c123.linsi",340,0.0118973475969498
"GALGAL_R08138.c123.linsi",319,0.00164718303963983
"GALGAL_R08139.c123.linsi",314,0.00232211381112763
"GALGAL_R08140.c123.linsi",333,0.0102373454205098
"GALGAL_R08141.c123.linsi",308,0.00715787087583685
"GALGAL_R08142.c123.linsi",358,0.0126423633595457
"GALGAL_R08143.c123.linsi",341,0.0145496691772308
"GALGAL_R08144.c123.linsi",347,0.00987589504170902
"GALGAL_R08145.c123.linsi",360,0.00998510982666707
"GALGAL_R08146.c123.linsi",340,0.00493393535968063
"GALGAL_R08147.c123.linsi",66,0.049021167464611
"GALGAL_R08148.c123.linsi",355,0.0101819044615671
"GALGAL_R08149.c123.linsi",182,0.00463478571714169
"GALGAL_R08150.c123.linsi",322,0.00238029753827415
"GALGAL_R08151.c123.linsi",325,0.00173930257729257
"GALGAL_R08152.c123.linsi",351,0.0118623722771221
"GALGAL_R08153.c123.linsi",347,0.00270564176065183
"GALGAL_R08154.c123.linsi",303,0.00498426516090734
"GALGAL_R08155.c123.linsi",357,0.0123996562006077
"GALGAL_R08156.c123.linsi",348,0.0432964070501467
"GALGAL_R08157.c123.linsi",326,0.00304116048736615
"GALGAL_R08158.c123.linsi",358,0.0104405279862419
"GALGAL_R08160.c123.linsi",347,0.00687469530750113
"GALGAL_R08161.c123.linsi",354,0.0216155259242459
"GALGAL_R08162.c123.linsi",316,0.0102980190645119
"GALGAL_R08163.c123.linsi",351,0.00391344642496914
"GALGAL_R08164.c123.linsi",359,0.0067923837213116
"GALGAL_R08165.c123.linsi",44,0.0373628215164705
"GALGAL_R08166.c123.linsi",362,0.00332673312857866
"GALGAL_R08167.c123.linsi",353,0.00448482155795518
"GALGAL_R08168.c123.linsi",358,0.00323409491562581
"GALGAL_R08169.c123.linsi",353,0.0101027250766013
"GALGAL_R08170.c123.linsi",357,0.0193252224469513
"GALGAL_R08171.c123.linsi",362,0.00356951778280341
"GALGAL_R08172.c123.linsi",356,0.00443597611240959
"GALGAL_R08173.c123.linsi",350,0.00207972574503736
"GALGAL_R08174.c123.linsi",346,0.00673099550586701
"GALGAL_R08175.c123.linsi",346,0.00240543675695444
"GALGAL_R08176.c123.linsi",348,0.00395234119550202
"GALGAL_R08177.c123.linsi",5,0.0218725141762211
"GALGAL_R08178.c123.linsi",351,0.00457810372167622
"GALGAL_R08179.c123.linsi",362,0.00626976652643545
"GALGAL_R08180.c123.linsi",143,0.00366671757098842
"GALGAL_R08181.c123.linsi",358,0.00485060028575284
"GALGAL_R08182.c123.linsi",86,0.00253298284516001
"GALGAL_R08188.c123.linsi",354,0.00564620589782705
"GALGAL_R08189.c123.linsi",330,0.00822495327506148
"GALGAL_R08190.c123.linsi",349,0.0042712694045604
"GALGAL_R08191.c123.linsi",325,0.00414999203608584
"GALGAL_R08192.c123.linsi",323,0.00573392413698892
"GALGAL_R08193.c123.linsi",350,0.00381854507397899
"GALGAL_R08194.c123.linsi",358,0.00589381246320653
"GALGAL_R08195.c123.linsi",357,0.00280717083580506
"GALGAL_R08196.c123.linsi",350,0.00893971532112475
"GALGAL_R08197.c123.linsi",350,0.00424855089563444
"GALGAL_R08198.c123.linsi",349,0.0160889870507111
"GALGAL_R08199.c123.linsi",282,0.0502803178893633
"GALGAL_R08200.c123.linsi",346,0.00536029217822467
"GALGAL_R08201.c123.linsi",202,0.00167470856401919
"GALGAL_R08202.c123.linsi",108,0.0163334347299712
"GALGAL_R08203.c123.linsi",350,0.00523834139748172
"GALGAL_R08204.c123.linsi",357,0.00549038036069779
"GALGAL_R08205.c123.linsi",357,0.00498140714577933
"GALGAL_R08206.c123.linsi",341,0.0068144134620401
"GALGAL_R08207.c123.linsi",252,0.0197368325456716
"GALGAL_R08208.c123.linsi",333,0.00510581256604892
"GALGAL_R08209.c123.linsi",342,0.00654981122218571
"GALGAL_R08210.c123.linsi",356,0.0102136372166299
"GALGAL_R08211.c123.linsi",360,0.00627167384064295
"GALGAL_R08212.c123.linsi",267,0.00641657555663576
"GALGAL_R08213.c123.linsi",98,0.0216239488550546
"GALGAL_R08214.c123.linsi",324,0.0427830324329627
"GALGAL_R08215.c123.linsi",355,0.00481757175037906
"GALGAL_R08216.c123.linsi",17,0.0109338622628278
"GALGAL_R08217.c123.linsi",353,0.00608385394518789
"GALGAL_R08218.c123.linsi",239,0.000953160510904939
"GALGAL_R08219.c123.linsi",273,0.00992853262153513
"GALGAL_R08220.c123.linsi",97,0.0123522036078235
"GALGAL_R08221.c123.linsi",5,0.0115098923406182
"GALGAL_R08222.c123.linsi",266,0.0671971765527815
"GALGAL_R08223.c123.linsi",294,0.119987233401448
"GALGAL_R08224.c123.linsi",299,0.0100619168029746
"GALGAL_R08225.c123.linsi",187,0.020136102496174
"GALGAL_R08228.c123.linsi",355,0.0304807178074646
"GALGAL_R08229.c123.linsi",346,0.00432834517558342
"GALGAL_R08230.c123.linsi",355,0.00728921897346777
"GALGAL_R08231.c123.linsi",359,0.0092406331939893
"GALGAL_R08232.c123.linsi",6,0.0273033382815491
"GALGAL_R08233.c123.linsi",360,0.0127207115657739
"GALGAL_R08234.c123.linsi",300,0.0092503600142773
"GALGAL_R08235.c123.linsi",188,0.00963013974796339
"GALGAL_R08236.c123.linsi",352,0.0149050541927482
"GALGAL_R08237.c123.linsi",359,0.00676382443040451
"GALGAL_R08238.c123.linsi",352,0.0112002974699293
"GALGAL_R08239.c123.linsi",167,0.00844390052979428
"GALGAL_R08240.c123.linsi",350,0.00245896260604869
"GALGAL_R08241.c123.linsi",358,0.0122173142008042
"GALGAL_R08242.c123.linsi",327,0.00255129430130007
"GALGAL_R08243.c123.linsi",355,0.00792118875947915
"GALGAL_R08244.c123.linsi",362,0.00435428802095483
"GALGAL_R08245.c123.linsi",333,0.0030259510673599
"GALGAL_R08246.c123.linsi",335,0.0114806720203144
"GALGAL_R08248.c123.linsi",357,0.00433589343910853
"GALGAL_R08249.c123.linsi",354,0.00399897378904807
"GALGAL_R08250.c123.linsi",314,0.0260672022804983
"GALGAL_R08251.c123.linsi",355,0.00264705986649459
"GALGAL_R08252.c123.linsi",361,0.00547084109999471
"GALGAL_R08253.c123.linsi",353,0.00438174814164796
"GALGAL_R08254.c123.linsi",350,0.00598587948155282
"GALGAL_R08255.c123.linsi",117,0.00443581774812622
"GALGAL_R08256.c123.linsi",359,0.00187284272519864
"GALGAL_R08257.c123.linsi",318,0.00508033793824875
"GALGAL_R08258.c123.linsi",332,0.0101087301158648
"GALGAL_R08259.c123.linsi",355,0.00426926468495915
"GALGAL_R08260.c123.linsi",362,0.00278037212649528
"GALGAL_R08261.c123.linsi",356,0.00425942323401127
"GALGAL_R08262.c123.linsi",345,0.00732833589114641
"GALGAL_R08263.c123.linsi",359,0.00171658171484566
"GALGAL_R08264.c123.linsi",301,0.00269681071853702
"GALGAL_R08265.c123.linsi",361,0.00331794810503781
"GALGAL_R08266.c123.linsi",7,0.0025923843191941
"GALGAL_R08267.c123.linsi",359,0.00376420641798158
"GALGAL_R08268.c123.linsi",350,0.0038871741508715
"GALGAL_R08269.c123.linsi",339,0.00420033478691824
"GALGAL_R08270.c123.linsi",320,0.00158675273831387
"GALGAL_R08271.c123.linsi",324,0.00164883878329459
"GALGAL_R08272.c123.linsi",362,0.00424688043239309
"GALGAL_R08273.c123.linsi",316,0.00217948742285921
"GALGAL_R08274.c123.linsi",352,0.00206406717799978
"GALGAL_R08275.c123.linsi",325,0.00365326091955983
"GALGAL_R08276.c123.linsi",357,0.00602685011983473
"GALGAL_R08277.c123.linsi",335,0.00389413704271548
"GALGAL_R08278.c123.linsi",318,0.0240684029753052
"GALGAL_R08279.c123.linsi",298,0.0152860933087108
"GALGAL_R08280.c123.linsi",341,0.00703453599350107
"GALGAL_R08281.c123.linsi",223,0.00760822266490596
"GALGAL_R08282.c123.linsi",349,0.0281103853813773
"GALGAL_R08284.c123.linsi",133,0.00269648407682846
"GALGAL_R08285.c123.linsi",253,0.00332809531726672
"GALGAL_R08286.c123.linsi",216,0.0209093736678187
"GALGAL_R08287.c123.linsi",322,0.0171103192954488
"GALGAL_R08288.c123.linsi",352,0.0303402869574547
"GALGAL_R08289.c123.linsi",340,0.0163118807579608
"GALGAL_R08290.c123.linsi",313,0.0665288575918398
"GALGAL_R08291.c123.linsi",66,0.00303733535721191
"GALGAL_R08292.c123.linsi",309,0.0205930754002467
"GALGAL_R08293.c123.linsi",353,0.0226031416565474
"GALGAL_R08294.c123.linsi",342,0.00971816398622226
"GALGAL_R08295.c123.linsi",358,0.0130180127449735
"GALGAL_R08296.c123.linsi",354,0.00677421054812609
"GALGAL_R08297.c123.linsi",14,0.0137920125523044
"GALGAL_R08298.c123.linsi",351,0.0134103751351161
"GALGAL_R08299.c123.linsi",355,0.0039152634040835
"GALGAL_R08301.c123.linsi",310,0.00669291758347331
"GALGAL_R08302.c123.linsi",351,0.00133110542940788
"GALGAL_R08309.c123.linsi",363,0.00575383940697816
"GALGAL_R08310.c123.linsi",358,0.00347489533118079
"GALGAL_R08311.c123.linsi",358,0.00408765433373514
"GALGAL_R08312.c123.linsi",306,0.00392499745205235
"GALGAL_R08313.c123.linsi",329,0.00327509075981515
"GALGAL_R08314.c123.linsi",359,0.00652594691226493
"GALGAL_R08315.c123.linsi",347,0.00344978054776759
"GALGAL_R08316.c123.linsi",343,0.00402086008062275
"GALGAL_R08317.c123.linsi",349,0.00277378649132953
"GALGAL_R08318.c123.linsi",360,0.00843200097899277
"GALGAL_R08319.c123.linsi",324,0.0084444072469861
"GALGAL_R08333.c123.linsi",311,0.00207490668754142
"GALGAL_R08334.c123.linsi",162,0.00207699384937125
"GALGAL_R08335.c123.linsi",353,0.00331680264743103
"GALGAL_R08336.c123.linsi",352,0.00232255283395336
"GALGAL_R08337.c123.linsi",328,0.00312860207729133
"GALGAL_R08338.c123.linsi",339,0.00199131511694106
"GALGAL_R08339.c123.linsi",340,0.00200344324318947
"GALGAL_R08340.c123.linsi",292,0.00148556326673628
"GALGAL_R08341.c123.linsi",361,0.0109368371599405
"GALGAL_R08342.c123.linsi",347,0.0033617311986944
"GALGAL_R08343.c123.linsi",346,0.00866065946691857
"GALGAL_R08344.c123.linsi",351,0.00217867531754748
"GALGAL_R08345.c123.linsi",352,0.008122520182073
"GALGAL_R08346.c123.linsi",321,0.00331983404979342
"GALGAL_R08347.c123.linsi",349,0.0179974015397488
"GALGAL_R08348.c123.linsi",355,0.0204215686141128
"GALGAL_R08349.c123.linsi",346,0.00622543914813016
"GALGAL_R08350.c123.linsi",335,0.00835132691385382
"GALGAL_R08351.c123.linsi",324,0.000755430330937317
"GALGAL_R08352.c123.linsi",359,0.00229612086495143
"GALGAL_R08353.c123.linsi",235,0.00221708842419538
"GALGAL_R08354.c123.linsi",11,0.0385446443714729
"GALGAL_R08355.c123.linsi",359,0.00698644238077467
"GALGAL_R08356.c123.linsi",360,0.00214693373213343
"GALGAL_R08357.c123.linsi",355,0.00209990128933665
"GALGAL_R08358.c123.linsi",338,0.00369433641861018
"GALGAL_R08359.c123.linsi",269,0.0111086907346076
"GALGAL_R08360.c123.linsi",356,0.00439165293083376
"GALGAL_R08361.c123.linsi",304,0.00217174968786097
"GALGAL_R08362.c123.linsi",137,0.00500777941188145
"GALGAL_R08363.c123.linsi",329,0.0045934539916222
"GALGAL_R08364.c123.linsi",41,0.00784426815517677
"GALGAL_R08365.c123.linsi",319,0.00683076837145828
"GALGAL_R08366.c123.linsi",352,0.00712735763688001
"GALGAL_R08367.c123.linsi",184,0.0354722649270025
"GALGAL_R08368.c123.linsi",345,0.0102375112089734
"GALGAL_R08369.c123.linsi",253,0.00679761900685346
"GALGAL_R08370.c123.linsi",315,0.0234914443160442
"GALGAL_R08371.c123.linsi",271,0.0218024645939263
"GALGAL_R08372.c123.linsi",351,0.00559107287658241
"GALGAL_R08373.c123.linsi",302,0.00693137868751474
"GALGAL_R08374.c123.linsi",347,0.00203520005948279
"GALGAL_R08375.c123.linsi",221,0.00370880425164344
"GALGAL_R08376.c123.linsi",303,0.00756678343232143
"GALGAL_R08377.c123.linsi",310,0.0238343604755932
"GALGAL_R08378.c123.linsi",278,0.0124882780423231
"GALGAL_R08379.c123.linsi",356,0.00432754752742589
"GALGAL_R08380.c123.linsi",349,0.00326313831197843
"GALGAL_R08381.c123.linsi",340,0.00269831257458233
"GALGAL_R08382.c123.linsi",346,0.00491025630017712
"GALGAL_R08383.c123.linsi",338,0.00487339412562987
"GALGAL_R08387.c123.linsi",358,0.00770826999308531
"GALGAL_R08388.c123.linsi",358,0.00349571135708194
"GALGAL_R08389.c123.linsi",344,0.0245650420840642
"GALGAL_R08390.c123.linsi",357,0.0929135159975418
"GALGAL_R08391.c123.linsi",360,0.00479388458852891
"GALGAL_R08392.c123.linsi",329,0.00142986853769287
"GALGAL_R08393.c123.linsi",34,0.00182983070320092
"GALGAL_R08394.c123.linsi",360,0.00883324928784774
"GALGAL_R08395.c123.linsi",299,0.00194110749313283
"GALGAL_R08396.c123.linsi",358,0.00408210700220157
"GALGAL_R08397.c123.linsi",319,0.00112376827989279
"GALGAL_R08398.c123.linsi",341,0.00964497871476508
"GALGAL_R08399.c123.linsi",323,0.000957454617631575
"GALGAL_R08400.c123.linsi",25,0.0268094084147045
"GALGAL_R08401.c123.linsi",356,0.0105982792425248
"GALGAL_R08402.c123.linsi",352,0.00727629765046437
"GALGAL_R08403.c123.linsi",350,0.00545868138087346
"GALGAL_R08404.c123.linsi",320,0.0159507192770195
"GALGAL_R08405.c123.linsi",301,0.00558834379262368
"GALGAL_R08406.c123.linsi",305,0.00377588866799561
"GALGAL_R08407.c123.linsi",348,0.00208693061192806
"GALGAL_R08408.c123.linsi",353,0.00346103298558488
"GALGAL_R08409.c123.linsi",330,0.00631216744865219
"GALGAL_R08410.c123.linsi",352,0.00323237270367753
"GALGAL_R08411.c123.linsi",281,0.00246193284991328
"GALGAL_R08412.c123.linsi",347,0.0794309256052891
"GALGAL_R08413.c123.linsi",346,0.00526882090749323
"GALGAL_R08414.c123.linsi",189,0.00849804282611892
"GALGAL_R08415.c123.linsi",326,0.00366306761268071
"GALGAL_R08416.c123.linsi",353,0.00735845919101572
"GALGAL_R08417.c123.linsi",354,0.00741183230910442
"GALGAL_R08418.c123.linsi",295,0.00731887371449223
"GALGAL_R08419.c123.linsi",361,0.00102100368593256
"GALGAL_R08420.c123.linsi",326,0.00205754860924485
"GALGAL_R08421.c123.linsi",158,0.00951162276747349
"GALGAL_R08422.c123.linsi",62,0.0238717610620986
"GALGAL_R08423.c123.linsi",332,0.0120420551000323
"GALGAL_R08424.c123.linsi",115,0.0085007087470607
"GALGAL_R08425.c123.linsi",345,0.00842348157526852
"GALGAL_R08426.c123.linsi",317,0.0139728279172201
"GALGAL_R08427.c123.linsi",355,0.0149968544584542
"GALGAL_R08428.c123.linsi",358,0.0193378458841635
"GALGAL_R08429.c123.linsi",301,0.00960327993897205
"GALGAL_R08430.c123.linsi",199,0.0644700888130416
"GALGAL_R08431.c123.linsi",273,0.0127072102079226
"GALGAL_R08432.c123.linsi",129,0.0111080830596653
"GALGAL_R08433.c123.linsi",361,0.00196165256461049
"GALGAL_R08434.c123.linsi",165,0.0299817479534935
"GALGAL_R08436.c123.linsi",172,0.00894402172752488
"GALGAL_R08437.c123.linsi",250,0.017838999670062
"GALGAL_R08438.c123.linsi",354,0.00459759401225229
"GALGAL_R08440.c123.linsi",337,0.00296388599364374
"GALGAL_R08441.c123.linsi",336,0.00292325241963799
"GALGAL_R08442.c123.linsi",193,0.00245538265827135
"GALGAL_R08443.c123.linsi",319,0.0132265160300855
"GALGAL_R08444.c123.linsi",356,0.00918717408858259
"GALGAL_R08445.c123.linsi",361,0.00638916694855355
"GALGAL_R08446.c123.linsi",357,0.0301292497362583
"GALGAL_R08447.c123.linsi",80,0.0315400558868017
"GALGAL_R08448.c123.linsi",144,0.0219193559275231
"GALGAL_R08449.c123.linsi",58,0.0225773897169912
"GALGAL_R08450.c123.linsi",77,0.0115312393300275
"GALGAL_R08451.c123.linsi",167,0.0119630648056995
"GALGAL_R08452.c123.linsi",355,0.00151952586781501
"GALGAL_R08453.c123.linsi",353,0.00472779213520394
"GALGAL_R08454.c123.linsi",360,0.00278862738692191
"GALGAL_R08456.c123.linsi",319,0.00811478212497871
"GALGAL_R08457.c123.linsi",5,0.0257262768925261
"GALGAL_R08458.c123.linsi",341,0.00182435008788928
"GALGAL_R08459.c123.linsi",21,0.0275019905061444
"GALGAL_R08460.c123.linsi",164,0.0369234427336762
"GALGAL_R08461.c123.linsi",286,0.0258759040593596
"GALGAL_R08463.c123.linsi",45,0.0221569022186356
"GALGAL_R08464.c123.linsi",321,0.0284897175775544
"GALGAL_R08465.c123.linsi",128,0.0130704573816135
"GALGAL_R08466.c123.linsi",163,0.0101529196506865
"GALGAL_R08467.c123.linsi",283,0.0127470090783747
"GALGAL_R08470.c123.linsi",345,0.00353184105080164
"GALGAL_R08471.c123.linsi",336,0.00415684948044938
"GALGAL_R08472.c123.linsi",318,0.00170798912827109
"GALGAL_R08473.c123.linsi",337,0.00727413552143893
"GALGAL_R08474.c123.linsi",338,0.00190821227776095
"GALGAL_R08475.c123.linsi",304,0.00189097529284714
"GALGAL_R08476.c123.linsi",355,0.0186383438513324
"GALGAL_R08478.c123.linsi",16,0.0152411924317987
"GALGAL_R08479.c123.linsi",355,0.00586896955632685
"GALGAL_R08480.c123.linsi",344,0.00267523988398826
"GALGAL_R08481.c123.linsi",350,0.00306159047446941
"GALGAL_R08483.c123.linsi",344,0.00497443585243968
"GALGAL_R08484.c123.linsi",309,0.0104749065733553
"GALGAL_R08485.c123.linsi",106,0.00815469726253436
"GALGAL_R08486.c123.linsi",355,0.0286164365957559
"GALGAL_R08487.c123.linsi",355,0.0822833070189198
"GALGAL_R08488.c123.linsi",73,0.00854002442451783
"GALGAL_R08489.c123.linsi",348,0.00962915708830236
"GALGAL_R08490.c123.linsi",125,0.00256676748816003
"GALGAL_R08491.c123.linsi",355,0.00236134022126077
"GALGAL_R08492.c123.linsi",355,0.00334076139639215
"GALGAL_R08495.c123.linsi",9,0.0135678958758894
"GALGAL_R08496.c123.linsi",12,0.00998489536920486
"GALGAL_R08497.c123.linsi",20,0.00701799676841578
"GALGAL_R08498.c123.linsi",352,0.00206676257865311
"GALGAL_R08499.c123.linsi",352,0.00536851489477306
"GALGAL_R08500.c123.linsi",67,0.0121934991396302
"GALGAL_R08501.c123.linsi",351,0.0120574115244097
"GALGAL_R08502.c123.linsi",15,0.0250410975488144
"GALGAL_R08503.c123.linsi",356,0.00718600570304967
"GALGAL_R08504.c123.linsi",355,0.00837254216088132
"GALGAL_R08505.c123.linsi",358,0.0328984611648592
"GALGAL_R08506.c123.linsi",296,0.00184491264739363
"GALGAL_R08507.c123.linsi",336,0.0104583574251042
"GALGAL_R08508.c123.linsi",311,0.00776497992105982
"GALGAL_R08509.c123.linsi",318,0.00307232281288336
"GALGAL_R08510.c123.linsi",313,0.00450464533037198
"GALGAL_R08511.c123.linsi",337,0.00246221516489741
"GALGAL_R08512.c123.linsi",351,0.00239196573646245
"GALGAL_R08513.c123.linsi",342,0.00653340282082509
"GALGAL_R08515.c123.linsi",311,0.0041715742578546
"GALGAL_R08516.c123.linsi",238,0.00537424023340476
"GALGAL_R08517.c123.linsi",7,0.0187805004720565
"GALGAL_R08518.c123.linsi",280,0.00761841776626803
"GALGAL_R08519.c123.linsi",241,0.0223894982968592
"GALGAL_R08520.c123.linsi",69,0.0103586470887291
"GALGAL_R08521.c123.linsi",254,0.00907710147560688
"GALGAL_R08522.c123.linsi",215,0.0136665503544776
"GALGAL_R08524.c123.linsi",139,0.0339183577630252
"GALGAL_R08525.c123.linsi",254,0.0151273160615586
"GALGAL_R08526.c123.linsi",9,0.00239705362161848
"GALGAL_R08527.c123.linsi",15,0.00933527484890424
"GALGAL_R08529.c123.linsi",354,0.0127630665710837
"GALGAL_R08530.c123.linsi",333,0.0822418324656651
"GALGAL_R08531.c123.linsi",342,0.0104332881711452
"GALGAL_R08532.c123.linsi",15,0.00515361514184936
"GALGAL_R08534.c123.linsi",272,0.00223299877838904
"GALGAL_R08535.c123.linsi",359,0.0194747960596535
"GALGAL_R08536.c123.linsi",322,0.0229818035243194
"GALGAL_R08537.c123.linsi",97,0.0101567559451516
"GALGAL_R08538.c123.linsi",321,0.0179422014903584
"GALGAL_R08539.c123.linsi",72,0.00982491622249424
"GALGAL_R08540.c123.linsi",308,0.0295417823459822
"GALGAL_R08542.c123.linsi",359,0.0647405125535893
"GALGAL_R08543.c123.linsi",313,0.00475451339379543
"GALGAL_R08544.c123.linsi",55,0.0182658852140403
"GALGAL_R08547.c123.linsi",5,0.0275465430538169
"GALGAL_R08548.c123.linsi",362,0.00346699489523638
"GALGAL_R08549.c123.linsi",7,0.00252612216627104
"GALGAL_R08551.c123.linsi",5,0.00831300424279744
"GALGAL_R08552.c123.linsi",239,0.0187324783025195
"GALGAL_R08553.c123.linsi",4,0.0111992082813851
"GALGAL_R08554.c123.linsi",12,0.00842524395275531
"GALGAL_R08555.c123.linsi",194,0.0358807139664698
"GALGAL_R08556.c123.linsi",212,0.0725843033567259
"GALGAL_R08558.c123.linsi",346,0.00947876570449173
"GALGAL_R08559.c123.linsi",340,0.00576094703074122
"GALGAL_R08560.c123.linsi",337,0.00530789791737244
"GALGAL_R08561.c123.linsi",190,0.00177876574774456
"GALGAL_R08562.c123.linsi",358,0.0230052409742822
"GALGAL_R08563.c123.linsi",324,0.0306061857072497
"GALGAL_R08564.c123.linsi",153,0.0422696104905608
"GALGAL_R08565.c123.linsi",320,0.00793508574076272
"GALGAL_R08566.c123.linsi",5,0.00564053017991165
"GALGAL_R08567.c123.linsi",26,0.00679314971835195
"GALGAL_R08570.c123.linsi",32,0.00566263422538225
"GALGAL_R08571.c123.linsi",116,0.00716059897431297
"GALGAL_R08573.c123.linsi",11,0.00200312592073154
"GALGAL_R08574.c123.linsi",51,0.00143234679892073
"GALGAL_R08575.c123.linsi",311,0.0115544164424868
"GALGAL_R08576.c123.linsi",114,0.0444415595668048
"GALGAL_R08578.c123.linsi",350,0.00431619748104857
"GALGAL_R08579.c123.linsi",329,0.00837664544658355
"GALGAL_R08581.c123.linsi",357,0.00756452732908763
"GALGAL_R08582.c123.linsi",358,0.00534891419360945
"GALGAL_R08583.c123.linsi",304,0.0136298590221642
"GALGAL_R08584.c123.linsi",227,0.0384251162301681
"GALGAL_R08588.c123.linsi",250,0.00476299363736439
"GALGAL_R08589.c123.linsi",339,0.0118517839799808
"GALGAL_R08590.c123.linsi",280,0.0107966032387676
"GALGAL_R08591.c123.linsi",360,0.00573457196525006
"GALGAL_R08592.c123.linsi",352,0.00474765018786156
"GALGAL_R08593.c123.linsi",295,0.0846429761864711
"GALGAL_R08594.c123.linsi",37,0.0433330184702113
"GALGAL_R08595.c123.linsi",276,0.0447093841468405
"GALGAL_R08596.c123.linsi",334,0.0775058651402055
"GALGAL_R08597.c123.linsi",335,0.0770457971098963
"GALGAL_R08598.c123.linsi",343,0.0764529320296306
"GALGAL_R08599.c123.linsi",353,0.0482171012765291
"GALGAL_R08600.c123.linsi",322,0.0144061447109396
"GALGAL_R08604.c123.linsi",313,0.0139978228082962
"GALGAL_R08605.c123.linsi",276,0.00826294367429136
"GALGAL_R08606.c123.linsi",265,0.02942669415469
"GALGAL_R08607.c123.linsi",322,0.00665963628352379
"GALGAL_R08608.c123.linsi",194,0.007898670461585
"GALGAL_R08609.c123.linsi",352,0.004698005875876
"GALGAL_R08610.c123.linsi",272,0.0106115466625326
"GALGAL_R08611.c123.linsi",318,0.00380396628912258
"GALGAL_R08612.c123.linsi",332,0.00193390195531458
"GALGAL_R08613.c123.linsi",360,0.0131659598300131
"GALGAL_R08614.c123.linsi",348,0.0132488602468692
"GALGAL_R08615.c123.linsi",337,0.00748994580512055
"GALGAL_R08616.c123.linsi",358,0.00247444491439678
"GALGAL_R08617.c123.linsi",349,0.00296606344034263
"GALGAL_R08618.c123.linsi",358,0.00705450690113714
"GALGAL_R08619.c123.linsi",363,0.00360141213845655
"GALGAL_R08620.c123.linsi",279,0.00300484851830465
"GALGAL_R08621.c123.linsi",325,0.00217256120045699
"GALGAL_R08622.c123.linsi",357,0.00791906461612728
"GALGAL_R08623.c123.linsi",252,0.000523601236409741
"GALGAL_R08624.c123.linsi",256,0.0385544012926511
"GALGAL_R08625.c123.linsi",276,0.00250536122751199
"GALGAL_R08626.c123.linsi",254,0.00306508898633689
"GALGAL_R08627.c123.linsi",362,0.0251016419972288
"GALGAL_R08628.c123.linsi",342,0.00271039319877205
"GALGAL_R08629.c123.linsi",347,0.00861168497884453
"GALGAL_R08630.c123.linsi",318,0.0465626642996091
"GALGAL_R08631.c123.linsi",191,0.00125824111968233
"GALGAL_R08632.c123.linsi",359,0.00332369916501942
"GALGAL_R08633.c123.linsi",344,0.00513474776317408
"GALGAL_R08634.c123.linsi",309,0.000854556910282048
"GALGAL_R08635.c123.linsi",327,0.00291945401534681
"GALGAL_R08636.c123.linsi",358,0.00265728155592716
"GALGAL_R08637.c123.linsi",355,0.00312575085744121
"GALGAL_R08638.c123.linsi",358,0.0036702867761825
"GALGAL_R08639.c123.linsi",326,0.0171310158341122
"GALGAL_R08640.c123.linsi",333,0.00226874655178631
"GALGAL_R08641.c123.linsi",279,0.0307482190470174
"GALGAL_R08642.c123.linsi",362,0.0105306072074832
"GALGAL_R08643.c123.linsi",344,0.00427935578237605
"GALGAL_R08644.c123.linsi",300,0.0042753303721711
"GALGAL_R08645.c123.linsi",362,0.0186927050448794
"GALGAL_R08646.c123.linsi",344,0.0010097480533014
"GALGAL_R08647.c123.linsi",190,0.00117764058418963
"GALGAL_R08648.c123.linsi",341,0.00548660471190397
"GALGAL_R08649.c123.linsi",329,0.00803636900567054
"GALGAL_R08650.c123.linsi",338,0.00235663297057128
"GALGAL_R08651.c123.linsi",342,0.00490658806903958
"GALGAL_R08652.c123.linsi",346,0.000884051055283069
"GALGAL_R08653.c123.linsi",332,0.00349781481674355
"GALGAL_R08654.c123.linsi",282,0.00391952881368399
"GALGAL_R08655.c123.linsi",347,0.0306929526284135
"GALGAL_R08656.c123.linsi",326,0.0458950879234185
"GALGAL_R08657.c123.linsi",317,0.00154069985120078
"GALGAL_R08658.c123.linsi",349,0.0428809721170902
"GALGAL_R08659.c123.linsi",347,0.0142573248845049
"GALGAL_R08660.c123.linsi",329,0.0261201784428484
"GALGAL_R08661.c123.linsi",19,0.00547072809697012
"GALGAL_R08662.c123.linsi",50,0.00505423271311031
"GALGAL_R08663.c123.linsi",9,0.018137428098312
"GALGAL_R08664.c123.linsi",28,0.0217174953840215
"GALGAL_R08665.c123.linsi",348,0.0390719813653707
"GALGAL_R08666.c123.linsi",328,0.0110902653045016
"GALGAL_R08667.c123.linsi",329,0.00316823430913749
"GALGAL_R08668.c123.linsi",340,0.00891285092955901
"GALGAL_R08669.c123.linsi",331,0.00272610894970589
"GALGAL_R08670.c123.linsi",269,0.00142296891151618
"GALGAL_R08671.c123.linsi",343,0.00569657496715069
"GALGAL_R08672.c123.linsi",354,0.00134492053777956
"GALGAL_R08673.c123.linsi",356,0.0138123140446715
"GALGAL_R08674.c123.linsi",361,0.0107914854696146
"GALGAL_R08675.c123.linsi",342,0.00577774840148668
"GALGAL_R08676.c123.linsi",325,0.00687849470888083
"GALGAL_R08677.c123.linsi",358,0.00478125363375534
"GALGAL_R08678.c123.linsi",263,0.0036099231313461
"GALGAL_R08679.c123.linsi",357,0.00246926197256731
"GALGAL_R08680.c123.linsi",299,0.00918872574151122
"GALGAL_R08681.c123.linsi",359,0.00741351551539965
"GALGAL_R08682.c123.linsi",4,0.0565683990984692
"GALGAL_R08683.c123.linsi",353,0.00176506551098645
"GALGAL_R08684.c123.linsi",357,0.0120755130618517
"GALGAL_R08685.c123.linsi",358,0.0166878726343101
"GALGAL_R08686.c123.linsi",344,0.00395144904535333
"GALGAL_R08687.c123.linsi",318,0.00100401434872163
"GALGAL_R08688.c123.linsi",350,0.0162926296568598
"GALGAL_R08689.c123.linsi",330,0.00199375027991057
"GALGAL_R08691.c123.linsi",322,0.000540154053585311
"GALGAL_R08692.c123.linsi",340,0.0019737651160556
"GALGAL_R08693.c123.linsi",359,0.00622508197625209
"GALGAL_R08694.c123.linsi",349,0.00470512444505598
"GALGAL_R08695.c123.linsi",298,0.00998513264481693
"GALGAL_R08696.c123.linsi",315,0.00377170406923496
"GALGAL_R08697.c123.linsi",356,0.00372274393700001
"GALGAL_R08698.c123.linsi",359,0.00306219376225464
"GALGAL_R08699.c123.linsi",332,0.00198544777631988
"GALGAL_R08700.c123.linsi",362,0.00363898039758587
"GALGAL_R08701.c123.linsi",337,0.0183618090953763
"GALGAL_R08702.c123.linsi",326,0.00337875977523519
"GALGAL_R08703.c123.linsi",333,0.0192322297207155
"GALGAL_R08704.c123.linsi",317,0.00742921353376572
"GALGAL_R08705.c123.linsi",329,0.00893387625204286
"GALGAL_R08706.c123.linsi",312,0.00789058133252099
"GALGAL_R08707.c123.linsi",315,0.00785551923608426
"GALGAL_R08708.c123.linsi",357,0.0170031763880705
"GALGAL_R08709.c123.linsi",358,0.00193059379639641
"GALGAL_R08710.c123.linsi",357,0.00511221271477614
"GALGAL_R08711.c123.linsi",314,0.00121189936089904
"GALGAL_R08712.c123.linsi",325,0.000706447003338849
"GALGAL_R08713.c123.linsi",358,0.00701513740485466
"GALGAL_R08714.c123.linsi",255,0.00977916020973855
"GALGAL_R08715.c123.linsi",359,0.00576154756343045
"GALGAL_R08716.c123.linsi",339,0.0182323680195009
"GALGAL_R08717.c123.linsi",327,0.00379216631981062
"GALGAL_R08718.c123.linsi",351,0.00652302938210167
"GALGAL_R08719.c123.linsi",326,0.00245994124092778
"GALGAL_R08720.c123.linsi",346,0.00183648180132365
"GALGAL_R08721.c123.linsi",355,0.00759101061987472
"GALGAL_R08722.c123.linsi",341,0.00637569371732488
"GALGAL_R08723.c123.linsi",327,0.00150358502306359
"GALGAL_R08724.c123.linsi",310,0.00234954555315986
"GALGAL_R08725.c123.linsi",324,0.00523168806204454
"GALGAL_R08726.c123.linsi",320,0.0030657994402988
"GALGAL_R08727.c123.linsi",361,0.00459789388954964
"GALGAL_R08728.c123.linsi",341,0.0111769583880263
"GALGAL_R08729.c123.linsi",248,0.00174733920809681
"GALGAL_R08730.c123.linsi",305,0.00112842890109242
"GALGAL_R08731.c123.linsi",317,0.0066325800322372
"GALGAL_R08732.c123.linsi",350,0.00323162174565881
"GALGAL_R08733.c123.linsi",339,0.00501890912203988
"GALGAL_R08734.c123.linsi",351,0.00907484034223787
"GALGAL_R08735.c123.linsi",351,0.0071293080437512
"GALGAL_R08736.c123.linsi",320,0.00557242138906679
"GALGAL_R08737.c123.linsi",360,0.00297391267843036
"GALGAL_R08738.c123.linsi",352,0.00498568860900982
"GALGAL_R08739.c123.linsi",359,0.00755935222817825
"GALGAL_R08740.c123.linsi",358,0.0080155818217122
"GALGAL_R08741.c123.linsi",345,0.00408673434142979
"GALGAL_R08742.c123.linsi",359,0.00266430920706486
"GALGAL_R08743.c123.linsi",361,0.00784196112951509
"GALGAL_R08744.c123.linsi",345,0.0075298420247324
"GALGAL_R08745.c123.linsi",292,0.00790806924136305
"GALGAL_R08746.c123.linsi",331,0.00454532336080145
"GALGAL_R08747.c123.linsi",278,0.00288396675154608
"GALGAL_R08748.c123.linsi",342,0.00732363400628089
"GALGAL_R08749.c123.linsi",353,0.00959378046627256
"GALGAL_R08750.c123.linsi",317,0.129494437199738
"GALGAL_R08751.c123.linsi",355,0.00387657861733358
"GALGAL_R08752.c123.linsi",307,0.00629172463056208
"GALGAL_R08753.c123.linsi",339,0.00495573826766909
"GALGAL_R08754.c123.linsi",319,0.00473720532193936
"GALGAL_R08755.c123.linsi",359,0.00472982524203587
"GALGAL_R08756.c123.linsi",314,0.00137698881401592
"GALGAL_R08757.c123.linsi",326,0.00125163835065841
"GALGAL_R08758.c123.linsi",328,0.00608401490504182
"GALGAL_R08759.c123.linsi",170,0.00556625835751022
"GALGAL_R08760.c123.linsi",340,0.00620564875520623
"GALGAL_R08761.c123.linsi",331,0.00268741313690828
"GALGAL_R08762.c123.linsi",355,0.00407269276819362
"GALGAL_R08763.c123.linsi",324,0.0019813761360538
"GALGAL_R08764.c123.linsi",315,0.00150868673367335
"GALGAL_R08765.c123.linsi",343,0.00462937398655214
"GALGAL_R08766.c123.linsi",339,0.00214576582983897
"GALGAL_R08767.c123.linsi",354,0.00202667329368516
"GALGAL_R08768.c123.linsi",332,0.00242913924979301
"GALGAL_R08769.c123.linsi",355,0.00315504985194293
"GALGAL_R08770.c123.linsi",337,0.00462296430959534
"GALGAL_R08771.c123.linsi",359,0.0121755114736457
"GALGAL_R08772.c123.linsi",345,0.0166158372756079
"GALGAL_R08773.c123.linsi",345,0.0189577470372821
"GALGAL_R08774.c123.linsi",359,0.00456292350555317
"GALGAL_R08775.c123.linsi",345,0.0037033075306991
"GALGAL_R08776.c123.linsi",276,0.0288839297632984
"GALGAL_R08777.c123.linsi",285,0.00733757583213664
"GALGAL_R08778.c123.linsi",4,0.00324890211335396
"GALGAL_R08779.c123.linsi",205,0.019982774142516
"GALGAL_R08780.c123.linsi",12,0.0207519236578949
"GALGAL_R08781.c123.linsi",26,0.0166048313294147
"GALGAL_R08782.c123.linsi",12,0.0402933632734658
"GALGAL_R08784.c123.linsi",8,0.00696390211511001
"GALGAL_R08785.c123.linsi",217,0.0191423414536988
"GALGAL_R08786.c123.linsi",14,0.0274942457004783
"GALGAL_R08787.c123.linsi",218,0.0296652632733666
"GALGAL_R08789.c123.linsi",357,0.00315739429541528
"GALGAL_R08790.c123.linsi",363,0.00276320307281652
"GALGAL_R08791.c123.linsi",359,0.00168834047431695
"GALGAL_R08792.c123.linsi",360,0.0049740742219177
"GALGAL_R08793.c123.linsi",349,0.00374420413542718
"GALGAL_R08794.c123.linsi",265,0.0155578534492274
"GALGAL_R08795.c123.linsi",336,0.00758232614676459
"GALGAL_R08796.c123.linsi",360,0.0048161194284029
"GALGAL_R08797.c123.linsi",357,0.0107296064250462
"GALGAL_R08798.c123.linsi",306,0.00203250315731142
"GALGAL_R08799.c123.linsi",348,0.0024698632161298
"GALGAL_R08800.c123.linsi",318,0.00295894114264141
"GALGAL_R08801.c123.linsi",356,0.00217366672098493
"GALGAL_R08802.c123.linsi",353,0.0221352247026563
"GALGAL_R08803.c123.linsi",327,0.0111458094972637
"GALGAL_R08804.c123.linsi",362,0.00306809142703086
"GALGAL_R08805.c123.linsi",355,0.00635593219492811
"GALGAL_R08806.c123.linsi",342,0.0206673772273669
"GALGAL_R08807.c123.linsi",329,0.00325762881116348
"GALGAL_R08808.c123.linsi",354,0.00426037806301793
"GALGAL_R08809.c123.linsi",355,0.0106130898301166
"GALGAL_R08810.c123.linsi",353,0.00723832085160107
"GALGAL_R08811.c123.linsi",359,0.00593490851299415
"GALGAL_R08812.c123.linsi",360,0.00388361936322916
"GALGAL_R08813.c123.linsi",353,0.0075412806666971
"GALGAL_R08814.c123.linsi",349,0.0215174601318919
"GALGAL_R08815.c123.linsi",354,0.00174936964352727
"GALGAL_R08816.c123.linsi",361,0.0170601697817321
"GALGAL_R08817.c123.linsi",343,0.00284726208789299
"GALGAL_R08818.c123.linsi",343,0.00429021513778611
"GALGAL_R08819.c123.linsi",355,0.00343183166286077
"GALGAL_R08820.c123.linsi",340,0.00471076165202738
"GALGAL_R08821.c123.linsi",361,0.00655054191876653
"GALGAL_R08822.c123.linsi",361,0.0118217398103828
"GALGAL_R08823.c123.linsi",311,0.00760127064746901
"GALGAL_R08824.c123.linsi",353,0.00632738234795437
"GALGAL_R08825.c123.linsi",346,0.0017866489215794
"GALGAL_R08826.c123.linsi",340,0.00940377983858934
"GALGAL_R08827.c123.linsi",169,0.00169488031521549
"GALGAL_R08828.c123.linsi",359,0.0029768875576743
"GALGAL_R08829.c123.linsi",169,0.0011838636738076
"GALGAL_R08830.c123.linsi",347,0.00241578325332074
"GALGAL_R08831.c123.linsi",240,0.00187913157985319
"GALGAL_R08832.c123.linsi",314,0.00196132024006609
"GALGAL_R08833.c123.linsi",359,0.00451357053644881
"GALGAL_R08834.c123.linsi",88,0.000980064509214756
"GALGAL_R08835.c123.linsi",357,0.00210902422742492
"GALGAL_R08836.c123.linsi",340,0.00208985971567617
"GALGAL_R08837.c123.linsi",356,0.0097983571628686
"GALGAL_R08838.c123.linsi",354,0.00395955843487193
"GALGAL_R08839.c123.linsi",357,0.00737787628042862
"GALGAL_R08840.c123.linsi",362,0.00362848383135093
"GALGAL_R08841.c123.linsi",356,0.00483285527002558
"GALGAL_R08842.c123.linsi",357,0.00423343457215162
"GALGAL_R08843.c123.linsi",335,0.0184959356496544
"GALGAL_R08844.c123.linsi",339,0.00298029422891939
"GALGAL_R08845.c123.linsi",360,0.00159991093535348
"GALGAL_R08846.c123.linsi",360,0.00553638016956668
"GALGAL_R08847.c123.linsi",361,0.00343548099491442
"GALGAL_R08848.c123.linsi",344,0.00320660403378212
"GALGAL_R08849.c123.linsi",357,0.00177298712793283
"GALGAL_R08850.c123.linsi",359,0.00233924451396208
"GALGAL_R08851.c123.linsi",300,0.00393159759769228
"GALGAL_R08852.c123.linsi",359,0.0137783088990605
"GALGAL_R08853.c123.linsi",323,0.00292183956541215
"GALGAL_R08854.c123.linsi",281,0.00383675451308775
"GALGAL_R08855.c123.linsi",326,0.000589460877888199
"GALGAL_R08856.c123.linsi",358,0.035440580471154
"GALGAL_R08857.c123.linsi",362,0.00234947777716659
"GALGAL_R08858.c123.linsi",360,0.00314516897720893
"GALGAL_R08859.c123.linsi",341,0.00307436058041695
"GALGAL_R08860.c123.linsi",257,0.00475540149673242
"GALGAL_R08861.c123.linsi",7,0.0337048646156021
"GALGAL_R08862.c123.linsi",63,0.0139206375082406
"GALGAL_R08863.c123.linsi",320,0.00109031571001432
"GALGAL_R08864.c123.linsi",311,0.00473936342523703
"GALGAL_R08865.c123.linsi",336,0.00219012441608836
"GALGAL_R08866.c123.linsi",359,0.00878872313559039
"GALGAL_R08867.c123.linsi",337,0.00467542667674854
"GALGAL_R08868.c123.linsi",360,0.0019709481404809
"GALGAL_R08869.c123.linsi",361,0.00509749134717279
"GALGAL_R08870.c123.linsi",266,0.000568261503102399
"GALGAL_R08871.c123.linsi",346,0.0030967090805004
"GALGAL_R08872.c123.linsi",354,0.00506522197255076
"GALGAL_R08873.c123.linsi",358,0.00254095895196183
"GALGAL_R08874.c123.linsi",323,0.00159254492963058
"GALGAL_R08875.c123.linsi",339,0.00563856412980435
"GALGAL_R08876.c123.linsi",358,0.00470937039383175
"GALGAL_R08877.c123.linsi",340,0.00199316829781294
"GALGAL_R08878.c123.linsi",337,0.00388795881369224
"GALGAL_R08879.c123.linsi",297,0.0195146698606748
"GALGAL_R08880.c123.linsi",343,0.00235138422639382
"GALGAL_R08881.c123.linsi",355,0.00995210527945782
"GALGAL_R08882.c123.linsi",361,0.00520104820182048
"GALGAL_R08883.c123.linsi",360,0.00315153369895787
"GALGAL_R08884.c123.linsi",357,0.00270082757716645
"GALGAL_R08885.c123.linsi",363,0.00439574537679478
"GALGAL_R08886.c123.linsi",355,0.0059653599330909
"GALGAL_R08887.c123.linsi",342,0.0108760082052602
"GALGAL_R08888.c123.linsi",358,0.00486503770655987
"GALGAL_R08889.c123.linsi",333,0.00369166017871966
"GALGAL_R08890.c123.linsi",354,0.00149774272479249
"GALGAL_R08891.c123.linsi",302,0.00639953785102555
"GALGAL_R08892.c123.linsi",325,0.00450606928458572
"GALGAL_R08893.c123.linsi",318,0.00177742339467774
"GALGAL_R08894.c123.linsi",361,0.00318997930801482
"GALGAL_R08895.c123.linsi",316,0.00185178137289736
"GALGAL_R08896.c123.linsi",321,0.00730653626666755
"GALGAL_R08897.c123.linsi",362,0.0102682111608436
"GALGAL_R08898.c123.linsi",348,0.00658280822045215
"GALGAL_R08899.c123.linsi",363,0.0063136041532234
"GALGAL_R08900.c123.linsi",331,0.00171991820409231
"GALGAL_R08901.c123.linsi",334,0.00443362982145901
"GALGAL_R08902.c123.linsi",218,0.0192731281801369
"GALGAL_R08903.c123.linsi",346,0.00316566728209839
"GALGAL_R08904.c123.linsi",244,0.019273349277567
"GALGAL_R08905.c123.linsi",352,0.0114709950313868
"GALGAL_R08906.c123.linsi",356,0.00282390131065493
"GALGAL_R08907.c123.linsi",357,0.00194718464098111
"GALGAL_R08908.c123.linsi",354,0.00241972711826205
"GALGAL_R08909.c123.linsi",356,0.0144273069075368
"GALGAL_R08910.c123.linsi",342,0.0330837131003725
"GALGAL_R08911.c123.linsi",332,0.00169643137629985
"GALGAL_R08912.c123.linsi",352,0.0110443420145172
"GALGAL_R08913.c123.linsi",356,0.00220512913609976
"GALGAL_R08914.c123.linsi",313,0.012160004572351
"GALGAL_R08915.c123.linsi",262,0.0195064322081049
"GALGAL_R08916.c123.linsi",349,0.00547873847131233
"GALGAL_R08917.c123.linsi",320,0.00626355946386708
"GALGAL_R08918.c123.linsi",350,0.00353654515567313
"GALGAL_R08919.c123.linsi",339,0.00275978181594989
"GALGAL_R08920.c123.linsi",7,0.010157590349137
"GALGAL_R08921.c123.linsi",335,0.00426883154071796
"GALGAL_R08922.c123.linsi",349,0.024573904925655
"GALGAL_R08923.c123.linsi",148,0.00604086664981208
"GALGAL_R08924.c123.linsi",357,0.00252569760129641
"GALGAL_R08925.c123.linsi",305,0.00394644154374813
"GALGAL_R08926.c123.linsi",287,0.00268196541027995
"GALGAL_R08927.c123.linsi",300,0.00285054355298049
"GALGAL_R08928.c123.linsi",284,0.00932578830297535
"GALGAL_R08929.c123.linsi",343,0.0105384254093915
"GALGAL_R08930.c123.linsi",354,0.0105678056179315
"GALGAL_R08931.c123.linsi",361,0.00262524415148054
"GALGAL_R08932.c123.linsi",347,0.032676426703078
"GALGAL_R08933.c123.linsi",204,0.0153721993531041
"GALGAL_R08934.c123.linsi",347,0.0061506832952076
"GALGAL_R08935.c123.linsi",361,0.00894979479970828
"GALGAL_R08936.c123.linsi",354,0.0033082055950953
"GALGAL_R08937.c123.linsi",335,0.00431506648456268
"GALGAL_R08938.c123.linsi",340,0.0072726590295035
"GALGAL_R08939.c123.linsi",350,0.00403459072041472
"GALGAL_R08940.c123.linsi",359,0.0056915055485205
"GALGAL_R08941.c123.linsi",359,0.00380885216804226
"GALGAL_R08942.c123.linsi",363,0.0129747980492011
"GALGAL_R08943.c123.linsi",356,0.00985281675850993
"GALGAL_R08944.c123.linsi",339,0.00503132987256997
"GALGAL_R08945.c123.linsi",305,0.00614683232333995
"GALGAL_R08946.c123.linsi",333,0.0605833285945602
"GALGAL_R08947.c123.linsi",346,0.0224953911700553
"GALGAL_R08948.c123.linsi",306,0.00494152463420749
"GALGAL_R08949.c123.linsi",336,0.00880272091677452
"GALGAL_R08950.c123.linsi",344,0.0207414609081939
"GALGAL_R08951.c123.linsi",283,0.0062859287335036
"GALGAL_R08952.c123.linsi",332,0.0033938425612042
"GALGAL_R08953.c123.linsi",313,0.0264041805633922
"GALGAL_R08954.c123.linsi",351,0.00583733153255105
"GALGAL_R08955.c123.linsi",352,0.0109991389727909
"GALGAL_R08956.c123.linsi",348,0.0251965701669097
"GALGAL_R08957.c123.linsi",348,0.0142022059387537
"GALGAL_R08958.c123.linsi",348,0.0118615630449911
"GALGAL_R08959.c123.linsi",351,0.00492993351721994
"GALGAL_R08960.c123.linsi",291,0.00788179073443283
"GALGAL_R08961.c123.linsi",354,0.00602397308421589
"GALGAL_R08962.c123.linsi",359,0.00203825887128262
"GALGAL_R08963.c123.linsi",334,0.0140920736793475
"GALGAL_R08964.c123.linsi",315,0.0356914914306516
"GALGAL_R08965.c123.linsi",342,0.00392047834563097
"GALGAL_R08966.c123.linsi",359,0.0116203758846458
"GALGAL_R08967.c123.linsi",348,0.00600424715765708
"GALGAL_R08968.c123.linsi",301,0.000928174853164762
"GALGAL_R08969.c123.linsi",341,0.00937575877117973
"GALGAL_R08970.c123.linsi",339,0.00339841224922894
"GALGAL_R08971.c123.linsi",358,0.0107854908652059
"GALGAL_R08972.c123.linsi",348,0.00487609682070155
"GALGAL_R08973.c123.linsi",354,0.0171935809162134
"GALGAL_R08974.c123.linsi",351,0.00180716589819123
"GALGAL_R08975.c123.linsi",338,0.00211683296566337
"GALGAL_R08976.c123.linsi",358,0.00206608564405741
"GALGAL_R08977.c123.linsi",355,0.000615443220841926
"GALGAL_R08978.c123.linsi",245,0.00800199314604955
"GALGAL_R08979.c123.linsi",356,0.00703529942294074
"GALGAL_R08980.c123.linsi",236,0.0166282074364051
"GALGAL_R08981.c123.linsi",338,0.00599216284834948
"GALGAL_R08982.c123.linsi",352,0.00677478565286567
"GALGAL_R08983.c123.linsi",360,0.00918316230587587
"GALGAL_R08984.c123.linsi",356,0.0104994150326693
"GALGAL_R08985.c123.linsi",248,0.00140740102154636
"GALGAL_R08986.c123.linsi",343,0.00358844669657324
"GALGAL_R08987.c123.linsi",317,0.00323626196866048
"GALGAL_R08988.c123.linsi",345,0.00313851357432755
"GALGAL_R08989.c123.linsi",342,0.0158816541389424
"GALGAL_R08990.c123.linsi",345,0.00229927578897101
"GALGAL_R08991.c123.linsi",331,0.00141019595173134
"GALGAL_R08992.c123.linsi",359,0.00707433440957619
"GALGAL_R08993.c123.linsi",343,0.00132200811662685
"GALGAL_R08994.c123.linsi",361,0.00244905445321577
"GALGAL_R08995.c123.linsi",357,0.00309287616329447
"GALGAL_R08996.c123.linsi",284,0.01447416196939
"GALGAL_R08997.c123.linsi",352,0.0331755802500961
"GALGAL_R08998.c123.linsi",278,0.00706597877929729
"GALGAL_R08999.c123.linsi",355,0.00916072379449313
"GALGAL_R09000.c123.linsi",349,0.0209132872080627
"GALGAL_R09001.c123.linsi",337,0.00396317067031581
"GALGAL_R09002.c123.linsi",183,0.00162263515701084
"GALGAL_R09003.c123.linsi",344,0.00856170570474131
"GALGAL_R09004.c123.linsi",335,0.00204517788577313
"GALGAL_R09005.c123.linsi",332,0.0256939838946578
"GALGAL_R09006.c123.linsi",358,0.0065904234235132
"GALGAL_R09007.c123.linsi",349,0.00519512849229814
"GALGAL_R09008.c123.linsi",327,0.00258590912574213
"GALGAL_R09009.c123.linsi",357,0.00350715271587279
"GALGAL_R09010.c123.linsi",358,0.0045834376876141
"GALGAL_R09011.c123.linsi",351,0.00252146279633454
"GALGAL_R09012.c123.linsi",360,0.0104690260676988
"GALGAL_R09013.c123.linsi",361,0.00578678740229218
"GALGAL_R09014.c123.linsi",344,0.0112250229347687
"GALGAL_R09015.c123.linsi",271,0.0106389460523789
"GALGAL_R09016.c123.linsi",340,0.00522541420098325
"GALGAL_R09017.c123.linsi",227,0.00285605098794311
"GALGAL_R09018.c123.linsi",344,0.00268455816861727
"GALGAL_R09019.c123.linsi",354,0.00532717931266977
"GALGAL_R09020.c123.linsi",294,0.00910793357079939
"GALGAL_R09021.c123.linsi",342,0.00447490714330851
"GALGAL_R09022.c123.linsi",353,0.00368084110521837
"GALGAL_R09023.c123.linsi",361,0.00247525115958143
"GALGAL_R09024.c123.linsi",36,0.0486199238871927
"GALGAL_R09025.c123.linsi",335,0.00471961693775122
"GALGAL_R09026.c123.linsi",307,0.00169973115191867
"GALGAL_R09027.c123.linsi",343,0.00280206361309121
"GALGAL_R09028.c123.linsi",260,0.00245803864397976
"GALGAL_R09029.c123.linsi",16,0.011232581416177
"GALGAL_R09030.c123.linsi",356,0.00358229659003919
"GALGAL_R09031.c123.linsi",354,0.00703011508249293
"GALGAL_R09032.c123.linsi",298,0.00274143701679257
"GALGAL_R09033.c123.linsi",345,0.00192055865359599
"GALGAL_R09034.c123.linsi",325,0.00253063667079352
"GALGAL_R09035.c123.linsi",358,0.0113417649123365
"GALGAL_R09036.c123.linsi",352,0.00301393159171442
"GALGAL_R09037.c123.linsi",286,0.00955848274107262
"GALGAL_R09038.c123.linsi",361,0.00577143214891658
"GALGAL_R09039.c123.linsi",347,0.00421151863931118
"GALGAL_R09040.c123.linsi",363,0.00439672505516412
"GALGAL_R09041.c123.linsi",362,0.0112099250782604
"GALGAL_R09042.c123.linsi",337,0.0268421683252138
"GALGAL_R09043.c123.linsi",361,0.00249616735969887
"GALGAL_R09044.c123.linsi",350,0.00922636948942803
"GALGAL_R09045.c123.linsi",355,0.00312021275347369
"GALGAL_R09046.c123.linsi",346,0.00428427882361077
"GALGAL_R09047.c123.linsi",350,0.00530824312984597
"GALGAL_R09048.c123.linsi",309,0.0036245344469234
"GALGAL_R09049.c123.linsi",351,0.00504296879914636
"GALGAL_R09050.c123.linsi",328,0.0130101855084806
"GALGAL_R09051.c123.linsi",357,0.00470667648009644
"GALGAL_R09052.c123.linsi",358,0.00511740062785579
"GALGAL_R09053.c123.linsi",359,0.0210766061354451
"GALGAL_R09054.c123.linsi",306,0.00452137503008225
"GALGAL_R09055.c123.linsi",301,0.0111882808912403
"GALGAL_R09056.c123.linsi",357,0.00574790306367374
"GALGAL_R09057.c123.linsi",358,0.00160584875710784
"GALGAL_R09058.c123.linsi",357,0.00516278473866207
"GALGAL_R09059.c123.linsi",359,0.00310229903397909
"GALGAL_R09060.c123.linsi",342,0.000893166032502945
"GALGAL_R09061.c123.linsi",362,0.00472501137742579
"GALGAL_R09062.c123.linsi",352,0.00566134056014657
"GALGAL_R09063.c123.linsi",5,0.00291326419786701
"GALGAL_R09064.c123.linsi",356,0.00975879600925949
"GALGAL_R09065.c123.linsi",363,0.00290784381498688
"GALGAL_R09066.c123.linsi",331,0.00383518652691981
"GALGAL_R09067.c123.linsi",350,0.00503941026524397
"GALGAL_R09068.c123.linsi",348,0.00768142736131402
"GALGAL_R09069.c123.linsi",277,0.030651600565501
"GALGAL_R09070.c123.linsi",360,0.00417286225231312
"GALGAL_R09071.c123.linsi",352,0.00199953204638285
"GALGAL_R09072.c123.linsi",357,0.0024505862775038
"GALGAL_R09073.c123.linsi",296,0.0383837451504256
"GALGAL_R09074.c123.linsi",309,0.0188996231476299
"GALGAL_R09075.c123.linsi",307,0.0105224826502577
"GALGAL_R09076.c123.linsi",241,0.0224869417466716
"GALGAL_R09077.c123.linsi",361,0.0398909386195453
"GALGAL_R09078.c123.linsi",320,0.00818935920950985
"GALGAL_R09079.c123.linsi",343,0.03398396368156
"GALGAL_R09080.c123.linsi",254,0.0103390646975456
"GALGAL_R09081.c123.linsi",344,0.0039249349493171
"GALGAL_R09083.c123.linsi",342,0.00852026334371403
"GALGAL_R09084.c123.linsi",363,0.0324012910217686
"GALGAL_R09085.c123.linsi",357,0.0396757194072797
"GALGAL_R09086.c123.linsi",351,0.0301339991082495
"GALGAL_R09087.c123.linsi",357,0.00586252840569081
"GALGAL_R09088.c123.linsi",327,0.0232608103918144
"GALGAL_R09089.c123.linsi",356,0.0162237271532293
"GALGAL_R09090.c123.linsi",211,0.00712624800138428
"GALGAL_R09091.c123.linsi",358,0.0090933251002238
"GALGAL_R09092.c123.linsi",356,0.0170161557016216
"GALGAL_R09093.c123.linsi",267,0.00404190059338931
"GALGAL_R09094.c123.linsi",349,0.00168185771927518
"GALGAL_R09095.c123.linsi",297,0.00265202871216375
"GALGAL_R09096.c123.linsi",352,0.0073941893350137
"GALGAL_R09097.c123.linsi",327,0.00532324628412032
"GALGAL_R09098.c123.linsi",347,0.00684611085422143
"GALGAL_R09099.c123.linsi",335,0.0125768339604285
"GALGAL_R09100.c123.linsi",331,0.00783247031691028
"GALGAL_R09101.c123.linsi",348,0.00389577941997758
"GALGAL_R09102.c123.linsi",363,0.00237753356611549
"GALGAL_R09103.c123.linsi",346,0.00275199242741118
"GALGAL_R09104.c123.linsi",270,0.00831085441972489
"GALGAL_R09105.c123.linsi",336,0.0104179935224801
"GALGAL_R09106.c123.linsi",313,0.00571302093839674
"GALGAL_R09107.c123.linsi",287,0.00170456650444315
"GALGAL_R09108.c123.linsi",343,0.00176852898879563
"GALGAL_R09109.c123.linsi",350,0.0064798815627198
"GALGAL_R09110.c123.linsi",362,0.00733440356989459
"GALGAL_R09111.c123.linsi",353,0.0404510003424769
"GALGAL_R09112.c123.linsi",358,0.00460913136517288
"GALGAL_R09113.c123.linsi",360,0.00541259246909102
"GALGAL_R09114.c123.linsi",360,0.0032425074920761
"GALGAL_R09116.c123.linsi",358,0.0121933010987046
"GALGAL_R09117.c123.linsi",363,0.00323337048685513
"GALGAL_R09118.c123.linsi",357,0.00619176019073884
"GALGAL_R09119.c123.linsi",301,0.0091389822034823
"GALGAL_R09120.c123.linsi",359,0.00291573511180455
"GALGAL_R09121.c123.linsi",356,0.0151955993992838
"GALGAL_R09122.c123.linsi",304,0.00267257052596959
"GALGAL_R09123.c123.linsi",359,0.00538521002619078
"GALGAL_R09124.c123.linsi",306,0.0165861966479918
"GALGAL_R09125.c123.linsi",343,0.0532352396954073
"GALGAL_R09126.c123.linsi",355,0.00444642981535123
"GALGAL_R09128.c123.linsi",362,0.0026261774455091
"GALGAL_R09129.c123.linsi",342,0.00232475029311987
"GALGAL_R09130.c123.linsi",321,0.00722469954050424
"GALGAL_R09131.c123.linsi",207,0.00503497462861451
"GALGAL_R09132.c123.linsi",357,0.00504846706699423
"GALGAL_R09133.c123.linsi",342,0.0106867428618597
"GALGAL_R09134.c123.linsi",346,0.0136661001879255
"GALGAL_R09135.c123.linsi",322,0.0119168223003128
"GALGAL_R09136.c123.linsi",351,0.0202200451864315
"GALGAL_R09137.c123.linsi",346,0.0093534967683426
"GALGAL_R09138.c123.linsi",346,0.00250352138028263
"GALGAL_R09139.c123.linsi",12,0.0019539875687718
"GALGAL_R09140.c123.linsi",358,0.00557815784856135
"GALGAL_R09141.c123.linsi",352,0.0155823069242316
"GALGAL_R09142.c123.linsi",345,0.0119028891727454
"GALGAL_R09143.c123.linsi",334,0.0191205128376811
"GALGAL_R09144.c123.linsi",357,0.00825969127308778
"GALGAL_R09145.c123.linsi",261,0.00263167213163548
"GALGAL_R09146.c123.linsi",349,0.0267527364106899
"GALGAL_R09147.c123.linsi",346,0.00946307129587648
"GALGAL_R09148.c123.linsi",358,0.00836614737501368
"GALGAL_R09149.c123.linsi",355,0.0498467636260627
"GALGAL_R09150.c123.linsi",355,0.00361042913344367
"GALGAL_R09151.c123.linsi",348,0.0161077555929419
"GALGAL_R09152.c123.linsi",358,0.0102338443829313
"GALGAL_R09153.c123.linsi",357,0.0136784504817211
"GALGAL_R09154.c123.linsi",331,0.00892586851198432
"GALGAL_R09155.c123.linsi",323,0.00456940724461459
"GALGAL_R09156.c123.linsi",360,0.0103291898866652
"GALGAL_R09157.c123.linsi",363,0.00240298471262097
"GALGAL_R09158.c123.linsi",347,0.00902881112677843
"GALGAL_R09159.c123.linsi",349,0.00419629585206985
"GALGAL_R09160.c123.linsi",335,0.00350482927165326
"GALGAL_R09161.c123.linsi",323,0.00163011754408376
"GALGAL_R09162.c123.linsi",353,0.0278139732451518
"GALGAL_R09163.c123.linsi",349,0.00124109341963631
"GALGAL_R09164.c123.linsi",141,0.00631636707290785
"GALGAL_R09165.c123.linsi",354,0.0178462930187007
"GALGAL_R09166.c123.linsi",356,0.0030514786602455
"GALGAL_R09167.c123.linsi",360,0.00211699693730132
"GALGAL_R09168.c123.linsi",335,0.00576969650020655
"GALGAL_R09169.c123.linsi",337,0.001532730529886
"GALGAL_R09170.c123.linsi",348,0.00474549728090583
"GALGAL_R09171.c123.linsi",332,0.0081508429089661
"GALGAL_R09172.c123.linsi",354,0.00359121679353704
"GALGAL_R09173.c123.linsi",360,0.00487755638730508
"GALGAL_R09174.c123.linsi",362,0.0138048048688775
"GALGAL_R09175.c123.linsi",320,0.00338108043299657
"GALGAL_R09176.c123.linsi",361,0.0065037593166913
"GALGAL_R09177.c123.linsi",340,0.0239736118536449
"GALGAL_R09178.c123.linsi",282,0.00198889240777957
"GALGAL_R09179.c123.linsi",361,0.00663151346793812
"GALGAL_R09180.c123.linsi",355,0.00828806629597293
"GALGAL_R09181.c123.linsi",359,0.00392589729881112
"GALGAL_R09182.c123.linsi",303,0.0172280861248023
"GALGAL_R09183.c123.linsi",347,0.0247632837474535
"GALGAL_R09184.c123.linsi",361,0.00235928125531906
"GALGAL_R09185.c123.linsi",339,0.0111530158979523
"GALGAL_R09186.c123.linsi",182,0.0695032078736473
"GALGAL_R09187.c123.linsi",355,0.00707871987768398
"GALGAL_R09188.c123.linsi",357,0.00490577262519912
"GALGAL_R09189.c123.linsi",357,0.00340620347174548
"GALGAL_R09190.c123.linsi",349,0.00135436512396561
"GALGAL_R09191.c123.linsi",277,0.00636135208560887
"GALGAL_R09192.c123.linsi",349,0.0263114765606344
"GALGAL_R09193.c123.linsi",148,0.00836237012811503
"GALGAL_R09195.c123.linsi",348,0.00464957598496483
"GALGAL_R09196.c123.linsi",338,0.00579131553869825
"GALGAL_R09197.c123.linsi",352,0.0207104807003736
"GALGAL_R09198.c123.linsi",357,0.00848910017167478
"GALGAL_R09199.c123.linsi",352,0.00430071521412014
"GALGAL_R09200.c123.linsi",326,0.00175278406310766
"GALGAL_R09201.c123.linsi",358,0.00744742307825412
"GALGAL_R09202.c123.linsi",331,0.0383357928629542
"GALGAL_R09203.c123.linsi",334,0.00270993790066786
"GALGAL_R09204.c123.linsi",357,0.00532961762845773
"GALGAL_R09205.c123.linsi",356,0.00330807868091357
"GALGAL_R09206.c123.linsi",357,0.0315378165479786
"GALGAL_R09207.c123.linsi",357,0.00801490334879447
"GALGAL_R09208.c123.linsi",360,0.00495042129346862
"GALGAL_R09209.c123.linsi",357,0.00779865797973697
"GALGAL_R09217.c123.linsi",353,0.0162995351115115
"GALGAL_R09218.c123.linsi",337,0.0080512087287404
"GALGAL_R09219.c123.linsi",127,0.00324880719570247
"GALGAL_R09220.c123.linsi",270,0.00406829962177999
"GALGAL_R09221.c123.linsi",337,0.0333402373491858
"GALGAL_R09222.c123.linsi",30,0.00749637933969568
"GALGAL_R09223.c123.linsi",338,0.0220118606231607
"GALGAL_R09224.c123.linsi",316,0.0181536520538697
"GALGAL_R09225.c123.linsi",360,0.023007512000919
"GALGAL_R09226.c123.linsi",315,0.00307272271221034
"GALGAL_R09227.c123.linsi",198,0.033772168574027
"GALGAL_R09228.c123.linsi",327,0.00427272531532591
"GALGAL_R09229.c123.linsi",329,0.00629569183399018
"GALGAL_R09230.c123.linsi",360,0.0107816393963532
"GALGAL_R09231.c123.linsi",359,0.00537905395812465
"GALGAL_R09232.c123.linsi",352,0.0107372074048411
"GALGAL_R09233.c123.linsi",357,0.00346728587966323
"GALGAL_R09234.c123.linsi",358,0.00800482030292206
"GALGAL_R09235.c123.linsi",158,0.0106207798206883
"GALGAL_R09236.c123.linsi",358,0.00244954570679711
"GALGAL_R09237.c123.linsi",357,0.00199002327648211
"GALGAL_R09238.c123.linsi",338,0.00541910072969873
"GALGAL_R09239.c123.linsi",354,0.00347616464128431
"GALGAL_R09240.c123.linsi",354,0.00668013944834214
"GALGAL_R09241.c123.linsi",360,0.00326372389163135
"GALGAL_R09242.c123.linsi",359,0.0064717067429484
"GALGAL_R09243.c123.linsi",346,0.00408515152010465
"GALGAL_R09244.c123.linsi",359,0.00510921624675931
"GALGAL_R09245.c123.linsi",357,0.00402385789547574
"GALGAL_R09246.c123.linsi",235,0.00642835227999871
"GALGAL_R09247.c123.linsi",355,0.00280812716607991
"GALGAL_R09248.c123.linsi",45,0.0255522961258275
"GALGAL_R09249.c123.linsi",354,0.00258585166104952
"GALGAL_R09250.c123.linsi",357,0.00214483512924788
"GALGAL_R09251.c123.linsi",354,0.00625246219773431
"GALGAL_R09252.c123.linsi",359,0.00525283088661131
"GALGAL_R09253.c123.linsi",344,0.00547775943007572
"GALGAL_R09254.c123.linsi",343,0.00937614546611326
"GALGAL_R09255.c123.linsi",320,0.0211480834582977
"GALGAL_R09256.c123.linsi",354,0.0845499698688021
"GALGAL_R09257.c123.linsi",346,0.0219808527347871
"GALGAL_R09258.c123.linsi",46,0.067873518246812
"GALGAL_R09259.c123.linsi",320,0.0113930162958428
"GALGAL_R09260.c123.linsi",348,0.019615587093369
"GALGAL_R09261.c123.linsi",131,0.0186355799789009
"GALGAL_R09262.c123.linsi",332,0.0173991898993417
"GALGAL_R09263.c123.linsi",351,0.0110915095200176
"GALGAL_R09264.c123.linsi",352,0.0146412964824616
"GALGAL_R09265.c123.linsi",352,0.0383342364975393
"GALGAL_R09266.c123.linsi",352,0.0151400263619116
"GALGAL_R09267.c123.linsi",342,0.012501826022482
"GALGAL_R09268.c123.linsi",199,0.0122088746660229
"GALGAL_R09269.c123.linsi",337,0.0236079562171035
"GALGAL_R09270.c123.linsi",350,0.0349680613935568
"GALGAL_R09271.c123.linsi",348,0.0144485370762419
"GALGAL_R09272.c123.linsi",354,0.0249585991000852
"GALGAL_R09273.c123.linsi",354,0.00896797360213744
"GALGAL_R09274.c123.linsi",361,0.00576254744557733
"GALGAL_R09275.c123.linsi",358,0.013997847095074
"GALGAL_R09276.c123.linsi",348,0.00660013942815758
"GALGAL_R09277.c123.linsi",363,0.00923967006586193
"GALGAL_R09278.c123.linsi",355,0.00764991422868322
"GALGAL_R09279.c123.linsi",323,0.00623669538155131
"GALGAL_R09280.c123.linsi",356,0.00169557416766958
"GALGAL_R09281.c123.linsi",325,0.00726186991163769
"GALGAL_R09282.c123.linsi",358,0.0311768846510955
"GALGAL_R09283.c123.linsi",299,0.00725062976922406
"GALGAL_R09284.c123.linsi",355,0.00372088848644024
"GALGAL_R09285.c123.linsi",343,0.00278610957298428
"GALGAL_R09286.c123.linsi",357,0.0127971995497781
"GALGAL_R09287.c123.linsi",353,0.00265415008230732
"GALGAL_R09288.c123.linsi",342,0.0253203985058335
"GALGAL_R09289.c123.linsi",324,0.00943695893148343
"GALGAL_R09290.c123.linsi",354,0.00622548459952406
"GALGAL_R09291.c123.linsi",354,0.000978372342689665
"GALGAL_R09292.c123.linsi",332,0.0165492766266875
"GALGAL_R09293.c123.linsi",321,0.00632763714866185
"GALGAL_R09294.c123.linsi",20,0.0163026637131554
"GALGAL_R09295.c123.linsi",334,0.00632314055236837
"GALGAL_R09296.c123.linsi",166,0.00690784587905434
"GALGAL_R09297.c123.linsi",352,0.0258506635313009
"GALGAL_R09298.c123.linsi",359,0.0178894234770331
"GALGAL_R09299.c123.linsi",4,0.0240476904519052
"GALGAL_R09300.c123.linsi",6,0.0142765485324152
"GALGAL_R09301.c123.linsi",301,0.010652290431755
"GALGAL_R09302.c123.linsi",30,0.0223655745213694
"GALGAL_R09303.c123.linsi",83,0.0170492185576164
"GALGAL_R09304.c123.linsi",328,0.00998396477769832
"GALGAL_R09305.c123.linsi",341,0.00987595908341465
"GALGAL_R09306.c123.linsi",346,0.0174409725017407
"GALGAL_R09307.c123.linsi",359,0.0165826533198302
"GALGAL_R09308.c123.linsi",353,0.00732627376449263
"GALGAL_R09309.c123.linsi",190,0.010610450675764
"GALGAL_R09310.c123.linsi",326,0.00345213648742165
"GALGAL_R09312.c123.linsi",233,0.0145903103464756
"GALGAL_R09313.c123.linsi",337,0.0116657244797759
"GALGAL_R09314.c123.linsi",346,0.0150641200703048
"GALGAL_R09315.c123.linsi",358,0.008184378831867
"GALGAL_R09316.c123.linsi",333,0.00768043116981411
"GALGAL_R09317.c123.linsi",129,0.00821793552285088
"GALGAL_R09318.c123.linsi",255,0.0138741376167085
"GALGAL_R09319.c123.linsi",316,0.0111033520512936
"GALGAL_R09320.c123.linsi",358,0.0109658506295586
"GALGAL_R09321.c123.linsi",319,0.0122016346183638
"GALGAL_R09322.c123.linsi",217,0.0110226179466837
"GALGAL_R09323.c123.linsi",237,0.0151800680036069
"GALGAL_R09324.c123.linsi",130,0.0285703814651691
"GALGAL_R09325.c123.linsi",293,0.00862687218605692
"GALGAL_R09326.c123.linsi",30,0.0204593391639854
"GALGAL_R09327.c123.linsi",311,0.00608881140313837
"GALGAL_R09328.c123.linsi",250,0.0105683286948886
"GALGAL_R09329.c123.linsi",282,0.00660460687758268
"GALGAL_R09330.c123.linsi",303,0.0127444055086491
"GALGAL_R09331.c123.linsi",347,0.00804051615868364
"GALGAL_R09332.c123.linsi",352,0.00634149982265383
"GALGAL_R09333.c123.linsi",346,0.0203827875270286
"GALGAL_R09334.c123.linsi",353,0.0054325629078714
"GALGAL_R09335.c123.linsi",361,0.00818226076320648
"GALGAL_R09336.c123.linsi",359,0.00683124756926899
"GALGAL_R09337.c123.linsi",354,0.00335920518150801
"GALGAL_R09338.c123.linsi",353,0.0153858419145131
"GALGAL_R09339.c123.linsi",354,0.0122211115991698
"GALGAL_R09340.c123.linsi",344,0.00320408693888385
"GALGAL_R09341.c123.linsi",351,0.00872740843119428
"GALGAL_R09342.c123.linsi",326,0.00396875622794284
"GALGAL_R09343.c123.linsi",353,0.00777763897354639
"GALGAL_R09344.c123.linsi",288,0.00991192896092196
"GALGAL_R09345.c123.linsi",339,0.0200810095817223
"GALGAL_R09346.c123.linsi",345,0.00842613270408843
"GALGAL_R09347.c123.linsi",285,0.00803931799794587
"GALGAL_R09348.c123.linsi",334,0.00494313396022906
"GALGAL_R09349.c123.linsi",353,0.00540286693039659
"GALGAL_R09350.c123.linsi",342,0.00999020470307315
"GALGAL_R09351.c123.linsi",359,0.00760427786333525
"GALGAL_R09352.c123.linsi",347,0.00713632698764889
"GALGAL_R09353.c123.linsi",285,0.0118675992681316
"GALGAL_R09354.c123.linsi",356,0.00469793103525781
"GALGAL_R09355.c123.linsi",357,0.00211408382090208
"GALGAL_R09356.c123.linsi",362,0.0159039397591917
"GALGAL_R09357.c123.linsi",226,0.0309392505916477
"GALGAL_R09358.c123.linsi",358,0.0383354557606684
"GALGAL_R09359.c123.linsi",354,0.0229959877958304
"GALGAL_R09360.c123.linsi",340,0.00201525233556688
"GALGAL_R09361.c123.linsi",356,0.00385787443364237
"GALGAL_R09362.c123.linsi",354,0.0032575619096043
"GALGAL_R09363.c123.linsi",361,0.0224339287264197
"GALGAL_R09364.c123.linsi",358,0.0106541907001585
"GALGAL_R09365.c123.linsi",360,0.00691670427017988
"GALGAL_R09366.c123.linsi",301,0.100265477911747
"GALGAL_R09367.c123.linsi",343,0.00874547985337265
"GALGAL_R09368.c123.linsi",296,0.0093513329387958
"GALGAL_R09369.c123.linsi",350,0.0304584350671596
"GALGAL_R09370.c123.linsi",309,0.0213301689900027
"GALGAL_R09371.c123.linsi",347,0.047517919733678
"GALGAL_R09372.c123.linsi",322,0.0143246130192832
"GALGAL_R09373.c123.linsi",346,0.0122219962483938
"GALGAL_R09374.c123.linsi",357,0.00786420248788634
"GALGAL_R09375.c123.linsi",359,0.00930943464348944
"GALGAL_R09376.c123.linsi",355,0.00371546855950559
"GALGAL_R09377.c123.linsi",140,0.0070849650939258
"GALGAL_R09378.c123.linsi",295,0.00249862886145731
"GALGAL_R09379.c123.linsi",354,0.00498879969910358
"GALGAL_R09380.c123.linsi",286,0.00567431608817598
"GALGAL_R09381.c123.linsi",356,0.00735586621063011
"GALGAL_R09382.c123.linsi",355,0.00958899247524634
"GALGAL_R09383.c123.linsi",347,0.0332166280388808
"GALGAL_R09384.c123.linsi",353,0.00714203956124087
"GALGAL_R09385.c123.linsi",355,0.00526527974634307
"GALGAL_R09386.c123.linsi",359,0.00547987932180391
"GALGAL_R09387.c123.linsi",255,0.0075188007219519
"GALGAL_R09388.c123.linsi",353,0.0139435304133624
"GALGAL_R09389.c123.linsi",346,0.0146069780151755
"GALGAL_R09390.c123.linsi",288,0.0302482152877606
"GALGAL_R09391.c123.linsi",345,0.0081150481922176
"GALGAL_R09392.c123.linsi",357,0.00591265751451429
"GALGAL_R09393.c123.linsi",356,0.0127169041648783
"GALGAL_R09394.c123.linsi",349,0.00569720412864522
"GALGAL_R09395.c123.linsi",362,0.0206214789746634
"GALGAL_R09396.c123.linsi",277,0.0057159703158471
"GALGAL_R09397.c123.linsi",363,0.00688225828836516
"GALGAL_R09398.c123.linsi",360,0.00673362477017499
"GALGAL_R09399.c123.linsi",349,0.0328547087844333
"GALGAL_R09400.c123.linsi",361,0.00739023860586759
"GALGAL_R09401.c123.linsi",363,0.00360464119750493
"GALGAL_R09402.c123.linsi",149,0.00705297701863359
"GALGAL_R09403.c123.linsi",329,0.00318170394186586
"GALGAL_R09404.c123.linsi",359,0.0113751719409706
"GALGAL_R09405.c123.linsi",299,0.00877618805253352
"GALGAL_R09406.c123.linsi",361,0.00766408151892248
"GALGAL_R09407.c123.linsi",339,0.00421086500200771
"GALGAL_R09408.c123.linsi",109,0.0145296865483901
"GALGAL_R09409.c123.linsi",346,0.00656187957183035
"GALGAL_R09410.c123.linsi",338,0.0647785758309055
"GALGAL_R09411.c123.linsi",351,0.0470270011953375
"GALGAL_R09412.c123.linsi",246,0.029094875959735
"GALGAL_R09413.c123.linsi",355,0.00984422019243688
"GALGAL_R09414.c123.linsi",357,0.00140029061472017
"GALGAL_R09415.c123.linsi",181,0.0395645158823928
"GALGAL_R09416.c123.linsi",359,0.00588697610517515
"GALGAL_R09417.c123.linsi",106,0.00970809443085825
"GALGAL_R09418.c123.linsi",322,0.0288157612575019
"GALGAL_R09419.c123.linsi",361,0.00279036992464753
"GALGAL_R09420.c123.linsi",343,0.0161198704921862
"GALGAL_R09421.c123.linsi",168,0.00715880984832518
"GALGAL_R09422.c123.linsi",320,0.0119900907249589
"GALGAL_R09423.c123.linsi",14,0.0181859449583009
"GALGAL_R09424.c123.linsi",353,0.00976011407618657
"GALGAL_R09425.c123.linsi",340,0.017107375443303
"GALGAL_R09426.c123.linsi",344,0.0700624901202998
"GALGAL_R09427.c123.linsi",311,0.00709851981313984
"GALGAL_R09429.c123.linsi",5,0.0557383931529764
"GALGAL_R09430.c123.linsi",8,0.0545655301134831
"GALGAL_R09431.c123.linsi",300,0.0182262271818313
"GALGAL_R09432.c123.linsi",341,0.0145852817875942
"GALGAL_R09433.c123.linsi",194,0.0136052357487594
"GALGAL_R09434.c123.linsi",354,0.0183830789454726
"GALGAL_R09435.c123.linsi",359,0.024855977437845
"GALGAL_R09436.c123.linsi",298,0.011242562323848
"GALGAL_R09437.c123.linsi",303,0.0138970177417702
"GALGAL_R09438.c123.linsi",340,0.00505758505185998
"GALGAL_R09439.c123.linsi",335,0.0056329684025619
"GALGAL_R09440.c123.linsi",328,0.0111069495475141
"GALGAL_R09441.c123.linsi",347,0.00665107056741466
"GALGAL_R09442.c123.linsi",356,0.00353808734772145
"GALGAL_R09443.c123.linsi",361,0.028357978554694
"GALGAL_R09444.c123.linsi",171,0.0151283434761881
"GALGAL_R09445.c123.linsi",355,0.00441659503457053
"GALGAL_R09446.c123.linsi",362,0.00551619829899109
"GALGAL_R09447.c123.linsi",359,0.00225127112674532
"GALGAL_R09448.c123.linsi",356,0.0143648353283261
"GALGAL_R09449.c123.linsi",331,0.00936674603609463
"GALGAL_R09450.c123.linsi",348,0.00545684972426872
"GALGAL_R09451.c123.linsi",323,0.00273789465477607
"GALGAL_R09452.c123.linsi",354,0.000852923866667227
"GALGAL_R09453.c123.linsi",352,0.00210291998550827
"GALGAL_R09454.c123.linsi",355,0.00186643370506051
"GALGAL_R09455.c123.linsi",350,0.00856327673653935
"GALGAL_R09456.c123.linsi",350,0.00251271572009422
"GALGAL_R09457.c123.linsi",329,0.0135400873062118
"GALGAL_R09458.c123.linsi",318,0.00129381484854593
"GALGAL_R09459.c123.linsi",347,0.0053339442636646
"GALGAL_R09460.c123.linsi",348,0.00842142081232687
"GALGAL_R09461.c123.linsi",5,0.00549537516342522
"GALGAL_R09462.c123.linsi",348,0.0110319987976039
"GALGAL_R09463.c123.linsi",5,0.00488615393304671
"GALGAL_R09465.c123.linsi",39,0.0352378656014633
"GALGAL_R09466.c123.linsi",211,0.053451413063297
"GALGAL_R09467.c123.linsi",339,0.0141449139979728
"GALGAL_R09468.c123.linsi",320,0.0328717433175048
"GALGAL_R09469.c123.linsi",352,0.0207906336119959
"GALGAL_R09470.c123.linsi",318,0.000975491617407759
"GALGAL_R09471.c123.linsi",353,0.00750676228826393
"GALGAL_R09472.c123.linsi",282,0.00134482253883379
"GALGAL_R09473.c123.linsi",322,0.00205353478029305
"GALGAL_R09474.c123.linsi",357,0.00549828928510644
"GALGAL_R09475.c123.linsi",356,0.00338666803329963
"GALGAL_R09476.c123.linsi",360,0.00317539452122671
"GALGAL_R09477.c123.linsi",326,0.00656675718422976
"GALGAL_R09478.c123.linsi",353,0.0131977742622822
"GALGAL_R09480.c123.linsi",4,0.00188679171595459
"GALGAL_R09481.c123.linsi",345,0.0176075401143437
"GALGAL_R09482.c123.linsi",11,0.0153711217356689
"GALGAL_R09483.c123.linsi",346,0.0154613085657993
"GALGAL_R09484.c123.linsi",8,0.0282560236370228
"GALGAL_R09485.c123.linsi",357,0.00525234464660706
"GALGAL_R09486.c123.linsi",356,0.00718724036018302
"GALGAL_R09487.c123.linsi",309,0.0116487629780196
"GALGAL_R09488.c123.linsi",6,0.0116312106652063
"GALGAL_R09489.c123.linsi",230,0.00617975486012798
"GALGAL_R09490.c123.linsi",355,0.00848476682640309
"GALGAL_R09491.c123.linsi",283,0.0106025938692333
"GALGAL_R09492.c123.linsi",334,0.0156692752863459
"GALGAL_R09494.c123.linsi",10,0.00284472206264666
"GALGAL_R09495.c123.linsi",5,0.0170586001306907
"GALGAL_R09496.c123.linsi",285,0.0258349569646107
"GALGAL_R09498.c123.linsi",227,0.0200168692964394
"GALGAL_R09499.c123.linsi",308,0.013596703990966
"GALGAL_R09500.c123.linsi",166,0.0271175873904512
"GALGAL_R09501.c123.linsi",195,0.0182668259930441
"GALGAL_R09502.c123.linsi",225,0.0281359586223025
"GALGAL_R09503.c123.linsi",10,0.00949818522939171
"GALGAL_R09504.c123.linsi",326,0.0111513910874433
"GALGAL_R09505.c123.linsi",326,0.00468726511516003
"GALGAL_R09506.c123.linsi",361,0.00149651525533684
"GALGAL_R09507.c123.linsi",350,0.0127346980975528
"GALGAL_R09508.c123.linsi",346,0.0219285487776976
"GALGAL_R09509.c123.linsi",167,0.011014612125091
"GALGAL_R09510.c123.linsi",47,0.0116785337851891
"GALGAL_R09511.c123.linsi",353,0.0306089478369606
"GALGAL_R09512.c123.linsi",352,0.0606743180415023
"GALGAL_R09513.c123.linsi",360,0.0224323691980231
"GALGAL_R09514.c123.linsi",326,0.0281599092370045
"GALGAL_R09515.c123.linsi",358,0.0167469090368483
"GALGAL_R09516.c123.linsi",347,0.043927766520357
"GALGAL_R09517.c123.linsi",323,0.0117694766455535
"GALGAL_R09518.c123.linsi",351,0.00880872298786215
"GALGAL_R09519.c123.linsi",350,0.00449020466102807
"GALGAL_R09520.c123.linsi",344,0.0082622264268275
"GALGAL_R09521.c123.linsi",315,0.0119903599016671
"GALGAL_R09522.c123.linsi",321,0.00625116297980909
"GALGAL_R09523.c123.linsi",354,0.0104162347192558
"GALGAL_R09524.c123.linsi",352,0.0207092826111829
"GALGAL_R09525.c123.linsi",358,0.00852709215354085
"GALGAL_R09526.c123.linsi",357,0.0170156801323277
"GALGAL_R09527.c123.linsi",357,0.0192566375379844
"GALGAL_R09528.c123.linsi",353,0.0126210648700126
"GALGAL_R09529.c123.linsi",347,0.00784507102594208
"GALGAL_R09530.c123.linsi",314,0.00749208414106373
"GALGAL_R09531.c123.linsi",351,0.00696586278448887
"GALGAL_R09532.c123.linsi",359,0.0127846624171852
"GALGAL_R09533.c123.linsi",336,0.0205238179046594
"GALGAL_R09534.c123.linsi",353,0.00571971239891799
"GALGAL_R09535.c123.linsi",355,0.00591027300636487
"GALGAL_R09536.c123.linsi",360,0.00518803497595688
"GALGAL_R09537.c123.linsi",353,0.00314913561701021
"GALGAL_R09538.c123.linsi",326,0.00382864915644013
"GALGAL_R09539.c123.linsi",359,0.00494034195543057
"GALGAL_R09540.c123.linsi",357,0.00526811103314316
"GALGAL_R09541.c123.linsi",351,0.0100702669430241
"GALGAL_R09542.c123.linsi",323,0.00389984413372534
"GALGAL_R09543.c123.linsi",360,0.0077347681124042
"GALGAL_R09544.c123.linsi",341,0.00162406008047666
"GALGAL_R09545.c123.linsi",353,0.00135333634138528
"GALGAL_R09547.c123.linsi",312,0.00658080462903755
"GALGAL_R09548.c123.linsi",356,0.0117377860085491
"GALGAL_R09549.c123.linsi",346,0.00175542897393609
"GALGAL_R09550.c123.linsi",280,0.00944760251806141
"GALGAL_R09551.c123.linsi",358,0.00454465777275978
"GALGAL_R09552.c123.linsi",362,0.00288725972535184
"GALGAL_R09553.c123.linsi",359,0.00483048008601551
"GALGAL_R09554.c123.linsi",353,0.00938769917404323
"GALGAL_R09555.c123.linsi",345,0.0134703292456767
"GALGAL_R09556.c123.linsi",343,0.00641648115069003
"GALGAL_R09557.c123.linsi",327,0.0173109832843845
"GALGAL_R09558.c123.linsi",340,0.00915479934925725
"GALGAL_R09559.c123.linsi",159,0.0148185694364451
"GALGAL_R09560.c123.linsi",352,0.041830991996546
"GALGAL_R09561.c123.linsi",343,0.00631581281145898
"GALGAL_R09562.c123.linsi",355,0.00567402230678184
"GALGAL_R09563.c123.linsi",342,0.0260070821270138
"GALGAL_R09564.c123.linsi",340,0.0107198048982514
"GALGAL_R09565.c123.linsi",348,0.0183273746684189
"GALGAL_R09566.c123.linsi",333,0.00630889865445639
"GALGAL_R09567.c123.linsi",11,0.00596923452902107
"GALGAL_R09568.c123.linsi",346,0.00579357655814096
"GALGAL_R09569.c123.linsi",359,0.0362648657411575
"GALGAL_R09570.c123.linsi",45,0.0133346381722185
"GALGAL_R09571.c123.linsi",54,0.0167980064833511
"GALGAL_R09572.c123.linsi",43,0.0171776828616774
"GALGAL_R09573.c123.linsi",274,0.00629409859857427
"GALGAL_R09574.c123.linsi",362,0.0100937731879061
"GALGAL_R09575.c123.linsi",351,0.00482488288285892
"GALGAL_R09576.c123.linsi",350,0.0185074144464529
"GALGAL_R09577.c123.linsi",353,0.0301980408033451
"GALGAL_R09578.c123.linsi",359,0.00739262987872404
"GALGAL_R09579.c123.linsi",96,0.00311582195198001
"GALGAL_R09580.c123.linsi",330,0.0125359694525148
"GALGAL_R09581.c123.linsi",333,0.0266028334014319
"GALGAL_R09582.c123.linsi",362,0.00362389424638786
"GALGAL_R09583.c123.linsi",336,0.00776017605833043
"GALGAL_R09584.c123.linsi",349,0.00888228168619331
"GALGAL_R09585.c123.linsi",346,0.0159175776314144
"GALGAL_R09586.c123.linsi",362,0.00412506852190564
"GALGAL_R09587.c123.linsi",274,0.0101929764728077
"GALGAL_R09588.c123.linsi",207,0.00446894175823209
"GALGAL_R09589.c123.linsi",358,0.00187416057978633
"GALGAL_R09592.c123.linsi",356,0.00150387540166349
"GALGAL_R09593.c123.linsi",359,0.0249054103782934
"GALGAL_R09594.c123.linsi",344,0.0100134404881999
"GALGAL_R09595.c123.linsi",359,0.00835794071072656
"GALGAL_R09599.c123.linsi",308,0.0251719715067382
"GALGAL_R09600.c123.linsi",319,0.0324552512533612
"GALGAL_R09601.c123.linsi",357,0.0149971311990437
"GALGAL_R09602.c123.linsi",341,0.0128840422759332
"GALGAL_R09603.c123.linsi",276,0.00725320644817443
"GALGAL_R09604.c123.linsi",353,0.00811625430119344
"GALGAL_R09605.c123.linsi",281,0.0291541309657401
"GALGAL_R09606.c123.linsi",353,0.0190595740566674
"GALGAL_R09607.c123.linsi",217,0.00945036405426279
"GALGAL_R09608.c123.linsi",331,0.030669331818692
"GALGAL_R09609.c123.linsi",341,0.0415943999571651
"GALGAL_R09610.c123.linsi",299,0.0329343206940641
"GALGAL_R09611.c123.linsi",243,0.0179196557694767
"GALGAL_R09612.c123.linsi",295,0.0120478928639441
"GALGAL_R09613.c123.linsi",331,0.00755228104730573
"GALGAL_R09614.c123.linsi",345,0.0062243962107201
"GALGAL_R09615.c123.linsi",346,0.00665840302718339
"GALGAL_R09616.c123.linsi",330,0.0306015367339778
"GALGAL_R09617.c123.linsi",350,0.00674349869293371
"GALGAL_R09618.c123.linsi",289,0.0277179101029354
"GALGAL_R09619.c123.linsi",331,0.0527788362460197
"GALGAL_R09620.c123.linsi",330,0.01073678678997
"GALGAL_R09621.c123.linsi",346,0.031341922878334
"GALGAL_R09622.c123.linsi",320,0.0266090467650436
"GALGAL_R09623.c123.linsi",329,0.0567858402607784
"GALGAL_R09624.c123.linsi",292,0.00394119742316673
"GALGAL_R09625.c123.linsi",271,0.0285211631723789
"GALGAL_R09626.c123.linsi",341,0.0238406783572493
"GALGAL_R09627.c123.linsi",329,0.0737808958641376
"GALGAL_R09628.c123.linsi",357,0.0457755917925008
"GALGAL_R09629.c123.linsi",324,0.0026026976572942
"GALGAL_R09630.c123.linsi",360,0.0253276345768112
"GALGAL_R09631.c123.linsi",352,0.00896984239374999
"GALGAL_R09632.c123.linsi",337,0.0284254343018205
"GALGAL_R09633.c123.linsi",360,0.00356205749034858
"GALGAL_R09634.c123.linsi",318,0.0111293333911839
"GALGAL_R09635.c123.linsi",339,0.023497738581449
"GALGAL_R09636.c123.linsi",179,0.0305981559534143
"GALGAL_R09637.c123.linsi",163,0.0261800047019452
"GALGAL_R09638.c123.linsi",343,0.00808188872336512
"GALGAL_R09639.c123.linsi",340,0.0284078411089182
"GALGAL_R09640.c123.linsi",294,0.0137207437050873
"GALGAL_R09641.c123.linsi",333,0.0154920833448353
"GALGAL_R09642.c123.linsi",333,0.0102333488114509
"GALGAL_R09643.c123.linsi",342,0.0103590286695166
"GALGAL_R09644.c123.linsi",355,0.00736424458601167
"GALGAL_R09645.c123.linsi",296,0.0130393903232662
"GALGAL_R09646.c123.linsi",335,0.0114129565971631
"GALGAL_R09647.c123.linsi",350,0.0114467379405089
"GALGAL_R09648.c123.linsi",344,0.00695549088714302
"GALGAL_R09649.c123.linsi",356,0.019247728531647
"GALGAL_R09650.c123.linsi",346,0.0129878168945061
"GALGAL_R09651.c123.linsi",361,0.0108911188829803
"GALGAL_R09652.c123.linsi",344,0.0172048135446252
"GALGAL_R09653.c123.linsi",353,0.0145246905108786
"GALGAL_R09654.c123.linsi",28,0.0116865005407085
"GALGAL_R09655.c123.linsi",149,0.0162710244903428
"GALGAL_R09656.c123.linsi",306,0.016180271619338
"GALGAL_R09657.c123.linsi",59,0.0226944060041039
"GALGAL_R09658.c123.linsi",6,0.0130572184630844
"GALGAL_R09659.c123.linsi",307,0.00695028160720083
"GALGAL_R09660.c123.linsi",358,0.0220257363390177
"GALGAL_R09661.c123.linsi",319,0.0217939225854885
"GALGAL_R09662.c123.linsi",349,0.00966260323426607
"GALGAL_R09663.c123.linsi",111,0.00863736879883227
"GALGAL_R09664.c123.linsi",14,0.0315901982687228
"GALGAL_R09665.c123.linsi",213,0.00937915460135498
"GALGAL_R09666.c123.linsi",349,0.0199712969731389
"GALGAL_R09667.c123.linsi",345,0.00343539492744794
"GALGAL_R09668.c123.linsi",322,0.00700305407587063
"GALGAL_R09669.c123.linsi",229,0.00416402457413126
"GALGAL_R09670.c123.linsi",312,0.0205141037205622
"GALGAL_R09671.c123.linsi",10,0.00908424810405971
"GALGAL_R09672.c123.linsi",198,0.0113400613774264
"GALGAL_R09673.c123.linsi",356,0.00806133301320237
"GALGAL_R09674.c123.linsi",359,0.00865436669537758
"GALGAL_R09675.c123.linsi",358,0.00781032004055251
"GALGAL_R09676.c123.linsi",341,0.0108229736367316
"GALGAL_R09677.c123.linsi",348,0.03394061456088
"GALGAL_R09678.c123.linsi",351,0.0102914753171393
"GALGAL_R09679.c123.linsi",351,0.0147643438850911
"GALGAL_R09680.c123.linsi",350,0.00639016247149383
"GALGAL_R09681.c123.linsi",361,0.00508933100848064
"GALGAL_R09682.c123.linsi",327,0.0120880059239207
"GALGAL_R09683.c123.linsi",327,0.0159170676053182
"GALGAL_R09684.c123.linsi",243,0.0176954832513061
"GALGAL_R09685.c123.linsi",351,0.0215762451048998
"GALGAL_R09686.c123.linsi",333,0.0403608487832925
"GALGAL_R09687.c123.linsi",281,0.0211490212797759
"GALGAL_R09688.c123.linsi",336,0.00592828878043705
"GALGAL_R09689.c123.linsi",347,0.0469352144360068
"GALGAL_R09690.c123.linsi",352,0.0238585867041093
"GALGAL_R09691.c123.linsi",351,0.0480143941041939
"GALGAL_R09692.c123.linsi",334,0.0320495526513185
"GALGAL_R09693.c123.linsi",357,0.0263995819611977
"GALGAL_R09694.c123.linsi",355,0.0279188485563174
"GALGAL_R09695.c123.linsi",349,0.0187471697832339
"GALGAL_R09696.c123.linsi",359,0.0249968597695928
"GALGAL_R09697.c123.linsi",347,0.0197899383376567
"GALGAL_R09698.c123.linsi",352,0.0195716372480115
"GALGAL_R09699.c123.linsi",350,0.00661349190827607
"GALGAL_R09700.c123.linsi",345,0.0105200292005028
"GALGAL_R09701.c123.linsi",355,0.00478527573521574
"GALGAL_R09702.c123.linsi",341,0.0114880397258869
"GALGAL_R09703.c123.linsi",323,0.00494683393890587
"GALGAL_R09704.c123.linsi",345,0.00444338505871551
"GALGAL_R09705.c123.linsi",357,0.0161177714863256
"GALGAL_R09706.c123.linsi",315,0.0132041715480324
"GALGAL_R09707.c123.linsi",318,0.0183804113327415
"GALGAL_R09708.c123.linsi",357,0.00867871445259527
"GALGAL_R09709.c123.linsi",354,0.0038984269860627
"GALGAL_R09710.c123.linsi",296,0.0108287651665356
"GALGAL_R09711.c123.linsi",353,0.0257531185098984
"GALGAL_R09713.c123.linsi",347,0.0107119879072375
"GALGAL_R09714.c123.linsi",340,0.0129301364980326
"GALGAL_R09715.c123.linsi",357,0.0590188310063161
"GALGAL_R09716.c123.linsi",354,0.00698854526026608
"GALGAL_R09717.c123.linsi",310,0.0201122697741992
"GALGAL_R09718.c123.linsi",344,0.018704688540331
"GALGAL_R09752.c123.linsi",6,0.00752761712125172
"GALGAL_R09754.c123.linsi",7,0.0102974692709518
"GALGAL_R09764.c123.linsi",329,0.029121917336493
"GALGAL_R09765.c123.linsi",11,0.010574845881712
"GALGAL_R09766.c123.linsi",52,0.0386314138783277
"GALGAL_R09769.c123.linsi",145,0.0388507724226757
"GALGAL_R09770.c123.linsi",271,0.0144952033089526
"GALGAL_R09771.c123.linsi",274,0.0222537715329519
"GALGAL_R09784.c123.linsi",179,0.0228675395314681
"GALGAL_R09785.c123.linsi",179,0.013372439566144
"GALGAL_R09786.c123.linsi",171,0.0133912240117443
"GALGAL_R09787.c123.linsi",255,0.013694119859642
"GALGAL_R09788.c123.linsi",221,0.0142481883230527
"GALGAL_R09789.c123.linsi",318,0.0152190493326371
"GALGAL_R09792.c123.linsi",171,0.0185977171363568
"GALGAL_R09798.c123.linsi",7,0.00159949242064519
"GALGAL_R09803.c123.linsi",273,0.0185192052679803
"GALGAL_R09815.c123.linsi",22,0.00946342632290909
"GALGAL_R09819.c123.linsi",299,0.0285598894167625
"GALGAL_R09820.c123.linsi",182,0.0183138281608722
"GALGAL_R09828.c123.linsi",334,0.018879204260229
"GALGAL_R09830.c123.linsi",11,0.0131121508365936
"GALGAL_R09839.c123.linsi",38,0.0436801793548702
"GALGAL_R09843.c123.linsi",314,0.00831720641509161
"GALGAL_R09851.c123.linsi",289,0.0220621624031357
"GALGAL_R09853.c123.linsi",4,0.0193967313278394
"GALGAL_R09855.c123.linsi",344,0.0527734104213339
"GALGAL_R09856.c123.linsi",172,0.0139404312640071
"GALGAL_R09857.c123.linsi",171,0.0204767462333407
"GALGAL_R09860.c123.linsi",312,0.0125376605599872
"GALGAL_R09862.c123.linsi",5,0.00999980124944754
"GALGAL_R09866.c123.linsi",31,0.0284024198104567
"GALGAL_R09867.c123.linsi",61,0.0327229227654916
"GALGAL_R09868.c123.linsi",112,0.0358194148382622
"GALGAL_R09869.c123.linsi",5,0.0198481757931814
"GALGAL_R09871.c123.linsi",148,0.0334284982645694
"GALGAL_R09872.c123.linsi",308,0.00956285005411858
"GALGAL_R09873.c123.linsi",344,0.0186091398834172
"GALGAL_R09874.c123.linsi",16,0.11775464969554
"GALGAL_R09875.c123.linsi",299,0.0120918932427802
"GALGAL_R09882.c123.linsi",328,0.0213593084448149
"GALGAL_R09885.c123.linsi",197,0.0310669951502132
"GALGAL_R09890.c123.linsi",143,0.0308354230239876
"GALGAL_R09891.c123.linsi",20,0.0299940227437548
"GALGAL_R09894.c123.linsi",297,0.0197660900614618
"GALGAL_R09895.c123.linsi",8,0.0496456859595749
"GALGAL_R09896.c123.linsi",33,0.0191861397662914
"GALGAL_R09897.c123.linsi",7,0.0174708963408312
"GALGAL_R09898.c123.linsi",105,0.0408899854219043
"GALGAL_R09900.c123.linsi",14,0.00767815582108891
"GALGAL_R09903.c123.linsi",221,0.0342562608292961
"GALGAL_R09906.c123.linsi",337,0.00517466160330353
"GALGAL_R09907.c123.linsi",348,0.0024618041904607
"GALGAL_R09908.c123.linsi",359,0.00780027814703681
"GALGAL_R09909.c123.linsi",280,0.0100613052822868
"GALGAL_R09910.c123.linsi",334,0.00305965271698378
"GALGAL_R09911.c123.linsi",334,0.00378762088411888
"GALGAL_R09914.c123.linsi",351,0.00262549600250378
"GALGAL_R09915.c123.linsi",60,0.28712980643999
"GALGAL_R09916.c123.linsi",343,0.00988394708798046
"GALGAL_R09920.c123.linsi",308,0.001810732618655
"GALGAL_R09921.c123.linsi",290,0.0117571558546253
"GALGAL_R09922.c123.linsi",302,0.0170526729088947
"GALGAL_R09923.c123.linsi",337,0.0215445988293499
"GALGAL_R09924.c123.linsi",337,0.00105343127243303
"GALGAL_R09925.c123.linsi",323,0.0293792715185622
"GALGAL_R09926.c123.linsi",316,0.0553934940492468
"GALGAL_R09927.c123.linsi",217,0.00239443729756186
"GALGAL_R09928.c123.linsi",355,0.00361772649787344
"GALGAL_R09929.c123.linsi",349,0.0024053336489951
"GALGAL_R09930.c123.linsi",104,0.00450300522064253
"GALGAL_R09931.c123.linsi",311,0.00553617009151215
"GALGAL_R09932.c123.linsi",312,0.00482079424337216
"GALGAL_R09933.c123.linsi",50,0.0154180726693144
"GALGAL_R09935.c123.linsi",322,0.00734209008875404
"GALGAL_R09936.c123.linsi",344,0.00240573750293407
"GALGAL_R09937.c123.linsi",357,0.0096074289108303
"GALGAL_R09938.c123.linsi",354,0.00392954552349045
"GALGAL_R09939.c123.linsi",184,0.00205516833192151
"GALGAL_R09940.c123.linsi",303,0.00226612360555631
"GALGAL_R09941.c123.linsi",337,0.00552277476527119
"GALGAL_R09942.c123.linsi",345,0.00215345717486233
"GALGAL_R09943.c123.linsi",314,0.00427833725503931
"GALGAL_R09944.c123.linsi",250,0.00554949430122265
"GALGAL_R09945.c123.linsi",346,0.0210889669588545
"GALGAL_R09946.c123.linsi",337,0.0030677745939782
"GALGAL_R09947.c123.linsi",356,0.0020553959355321
"GALGAL_R09948.c123.linsi",344,0.00160093324137789
"GALGAL_R09949.c123.linsi",324,0.016153512069211
"GALGAL_R09950.c123.linsi",344,0.00826255139600067
"GALGAL_R09951.c123.linsi",358,0.00475240272342222
"GALGAL_R09952.c123.linsi",207,0.0776486695785365
"GALGAL_R09953.c123.linsi",353,0.00280096781359759
"GALGAL_R09954.c123.linsi",343,0.0354805289931047
"GALGAL_R09955.c123.linsi",336,0.00669570201742586
"GALGAL_R09956.c123.linsi",233,0.0106387699524415
"GALGAL_R09957.c123.linsi",216,0.0053110447133226
"GALGAL_R09958.c123.linsi",357,0.0039201261251313
"GALGAL_R09959.c123.linsi",351,0.00609310811124525
"GALGAL_R09960.c123.linsi",334,0.00201732725779267
"GALGAL_R09961.c123.linsi",353,0.0109891499558622
"GALGAL_R09962.c123.linsi",358,0.0145252706310934
"GALGAL_R09963.c123.linsi",362,0.0115870555563334
"GALGAL_R09964.c123.linsi",353,0.00314414649527012
"GALGAL_R09965.c123.linsi",315,0.00165403440455185
"GALGAL_R09966.c123.linsi",336,0.0187656993096816
"GALGAL_R09967.c123.linsi",340,0.0149739117075652
"GALGAL_R09968.c123.linsi",318,0.00220988703973428
"GALGAL_R09969.c123.linsi",347,0.00236980759587396
"GALGAL_R09970.c123.linsi",327,0.00965856750067016
"GALGAL_R09971.c123.linsi",285,0.00239782961168498
"GALGAL_R09972.c123.linsi",309,0.00162857075054988
"GALGAL_R09973.c123.linsi",342,0.00301606211372626
"GALGAL_R09974.c123.linsi",290,0.00504411527961917
"GALGAL_R09975.c123.linsi",337,0.0034392340388652
"GALGAL_R09976.c123.linsi",309,0.00349171697113157
"GALGAL_R09977.c123.linsi",343,0.00727607742281226
"GALGAL_R09978.c123.linsi",329,0.00659234199006638
"GALGAL_R09979.c123.linsi",200,0.00108611101499485
"GALGAL_R09980.c123.linsi",347,0.0183818570930431
"GALGAL_R09981.c123.linsi",50,0.00206286849196387
"GALGAL_R09982.c123.linsi",150,0.00387596246356788
"GALGAL_R09983.c123.linsi",55,0.0483881654767182
"GALGAL_R09984.c123.linsi",17,0.0251332216281619
"GALGAL_R09985.c123.linsi",318,0.00191750424131476
"GALGAL_R09986.c123.linsi",333,0.00225899944708365
"GALGAL_R09987.c123.linsi",345,0.0119716077624658
"GALGAL_R09988.c123.linsi",356,0.00193994047417855
"GALGAL_R09989.c123.linsi",353,0.00688206897037935
"GALGAL_R09990.c123.linsi",320,0.00257239879399146
"GALGAL_R09991.c123.linsi",355,0.00178278187514483
"GALGAL_R09992.c123.linsi",357,0.00243244905325799
"GALGAL_R09993.c123.linsi",339,0.00268546228691819
"GALGAL_R09994.c123.linsi",349,0.0117794762770208
"GALGAL_R09995.c123.linsi",353,0.00607435226196127
"GALGAL_R09996.c123.linsi",356,0.00197070255531581
"GALGAL_R09997.c123.linsi",358,0.00339542997818377
"GALGAL_R09998.c123.linsi",346,0.0168644072607578
"GALGAL_R09999.c123.linsi",125,0.00169130695653092
"GALGAL_R10000.c123.linsi",355,0.0045989096555247
"GALGAL_R10001.c123.linsi",353,0.0044429246495799
"GALGAL_R10002.c123.linsi",313,0.00707207555416878
"GALGAL_R10004.c123.linsi",288,0.0197767646267904
"GALGAL_R10005.c123.linsi",304,0.00302640825211184
"GALGAL_R10006.c123.linsi",46,0.0557465013377331
"GALGAL_R10007.c123.linsi",361,0.0034555132986324
"GALGAL_R10008.c123.linsi",355,0.00596743692035486
"GALGAL_R10009.c123.linsi",360,0.00256198942996015
"GALGAL_R10010.c123.linsi",354,0.0040043651297852
"GALGAL_R10011.c123.linsi",127,0.0218847409814931
"GALGAL_R10012.c123.linsi",341,0.00294715957729618
"GALGAL_R10013.c123.linsi",324,0.00291122184435102
"GALGAL_R10016.c123.linsi",355,0.00391490727723279
"GALGAL_R10017.c123.linsi",361,0.00411793726458512
"GALGAL_R10018.c123.linsi",52,0.00587101014333935
"GALGAL_R10019.c123.linsi",341,0.019456384085247
"GALGAL_R10020.c123.linsi",345,0.00493320569599181
"GALGAL_R10021.c123.linsi",316,0.00245975854392335
"GALGAL_R10022.c123.linsi",353,0.00432952634336769
"GALGAL_R10023.c123.linsi",338,0.00476999148670441
"GALGAL_R10024.c123.linsi",33,0.01438290642948
"GALGAL_R10025.c123.linsi",345,0.00451564341510801
"GALGAL_R10026.c123.linsi",334,0.00211700474883275
"GALGAL_R10027.c123.linsi",357,0.00237441927786865
"GALGAL_R10028.c123.linsi",356,0.00835000310804921
"GALGAL_R10029.c123.linsi",350,0.023088632595815
"GALGAL_R10030.c123.linsi",360,0.0128684317260019
"GALGAL_R10031.c123.linsi",349,0.00586889927223332
"GALGAL_R10032.c123.linsi",177,0.00159551016089703
"GALGAL_R10033.c123.linsi",345,0.0186539426364185
"GALGAL_R10034.c123.linsi",337,0.00657497512491259
"GALGAL_R10035.c123.linsi",342,0.00370182162421439
"GALGAL_R10036.c123.linsi",285,0.0103473179643847
"GALGAL_R10037.c123.linsi",17,0.00947294310456081
"GALGAL_R10038.c123.linsi",283,0.04712346909615
"GALGAL_R10039.c123.linsi",288,0.0138456204292312
"GALGAL_R10040.c123.linsi",359,0.00457826365770848
"GALGAL_R10042.c123.linsi",259,0.021175301113317
"GALGAL_R10043.c123.linsi",36,0.0276968107738748
"GALGAL_R10044.c123.linsi",245,0.00938606833143264
"GALGAL_R10045.c123.linsi",311,0.00187358505090638
"GALGAL_R10046.c123.linsi",348,0.00951535870471302
"GALGAL_R10047.c123.linsi",174,0.00716947014443116
"GALGAL_R10048.c123.linsi",353,0.011826923675606
"GALGAL_R10049.c123.linsi",145,0.008707176923789
"GALGAL_R10050.c123.linsi",356,0.0126298932096824
"GALGAL_R10051.c123.linsi",189,0.00562976658715067
"GALGAL_R10052.c123.linsi",350,0.00634488159984516
"GALGAL_R10053.c123.linsi",326,0.00163306347673421
"GALGAL_R10054.c123.linsi",341,0.0034861819541252
"GALGAL_R10055.c123.linsi",247,0.00313865783670316
"GALGAL_R10056.c123.linsi",356,0.0209942283988527
"GALGAL_R10057.c123.linsi",347,0.00437321154631136
"GALGAL_R10058.c123.linsi",352,0.0330671068395351
"GALGAL_R10059.c123.linsi",352,0.00823552182152843
"GALGAL_R10060.c123.linsi",355,0.00443929229812977
"GALGAL_R10061.c123.linsi",304,0.0125672022699934
"GALGAL_R10062.c123.linsi",346,0.012298955174728
"GALGAL_R10063.c123.linsi",358,0.0101846241265978
"GALGAL_R10064.c123.linsi",212,0.0144915754954113
"GALGAL_R10066.c123.linsi",362,0.00309351349681423
"GALGAL_R10067.c123.linsi",355,0.0042242428663091
"GALGAL_R10068.c123.linsi",357,0.0020114311740176
"GALGAL_R10069.c123.linsi",336,0.00402326050417876
"GALGAL_R10070.c123.linsi",283,0.00230448731150021
"GALGAL_R10071.c123.linsi",354,0.00316364660888241
"GALGAL_R10072.c123.linsi",339,0.00352237119096412
"GALGAL_R10073.c123.linsi",361,0.00461316099777192
"GALGAL_R10074.c123.linsi",359,0.00449269739460454
"GALGAL_R10075.c123.linsi",358,0.00301535562274433
"GALGAL_R10076.c123.linsi",358,0.00331258831649336
"GALGAL_R10077.c123.linsi",325,0.00935771731303602
"GALGAL_R10078.c123.linsi",351,0.00722254093761998
"GALGAL_R10079.c123.linsi",356,0.0195307077623995
"GALGAL_R10080.c123.linsi",301,0.0108017835915999
"GALGAL_R10081.c123.linsi",325,0.00818477618161099
"GALGAL_R10082.c123.linsi",160,0.0179447655505487
"GALGAL_R10083.c123.linsi",312,0.0182166883492423
"GALGAL_R10084.c123.linsi",345,0.0111975138655696
"GALGAL_R10085.c123.linsi",192,0.0206695558248599
"GALGAL_R10086.c123.linsi",358,0.00343090715397832
"GALGAL_R10087.c123.linsi",362,0.0116102982956596
"GALGAL_R10088.c123.linsi",248,0.00295121570455728
"GALGAL_R10089.c123.linsi",335,0.0191750800715508
"GALGAL_R10090.c123.linsi",347,0.00571921557738682
"GALGAL_R10091.c123.linsi",241,0.0247545963092084
"GALGAL_R10092.c123.linsi",344,0.0209074958850311
"GALGAL_R10093.c123.linsi",31,0.0242657966257179
"GALGAL_R10094.c123.linsi",360,0.00826517620631186
"GALGAL_R10095.c123.linsi",232,0.0333713895740889
"GALGAL_R10096.c123.linsi",206,0.0331171738147157
"GALGAL_R10097.c123.linsi",325,0.133873828428424
"GALGAL_R10098.c123.linsi",204,0.035284965421179
"GALGAL_R10099.c123.linsi",182,0.00690884999836184
"GALGAL_R10100.c123.linsi",288,0.0110104457489928
"GALGAL_R10101.c123.linsi",335,0.111787508436479
"GALGAL_R10102.c123.linsi",337,0.0280458448736464
"GALGAL_R10103.c123.linsi",145,0.00664018324938702
"GALGAL_R10104.c123.linsi",312,0.0990187116069245
"GALGAL_R10105.c123.linsi",284,0.0478571970991962
"GALGAL_R10106.c123.linsi",347,0.0102648729932023
"GALGAL_R10107.c123.linsi",290,0.0393163255021549
"GALGAL_R10108.c123.linsi",227,0.0186487819560646
"GALGAL_R10109.c123.linsi",348,0.0144831236500956
"GALGAL_R10110.c123.linsi",340,0.00944960964712384
"GALGAL_R10111.c123.linsi",348,0.02301466663789
"GALGAL_R10112.c123.linsi",358,0.00830281780811782
"GALGAL_R10113.c123.linsi",354,0.0159405061946034
"GALGAL_R10114.c123.linsi",5,0.0348716424040154
"GALGAL_R10115.c123.linsi",358,0.0256476870034947
"GALGAL_R10116.c123.linsi",357,0.0145910895207732
"GALGAL_R10117.c123.linsi",355,0.00700653615311757
"GALGAL_R10118.c123.linsi",348,0.00743849493802489
"GALGAL_R10119.c123.linsi",360,0.014268413892453
"GALGAL_R10120.c123.linsi",348,0.00894104122667042
"GALGAL_R10121.c123.linsi",330,0.0021566113936822
"GALGAL_R10130.c123.linsi",324,0.0167195573391586
"GALGAL_R10131.c123.linsi",359,0.0657079670299021
"GALGAL_R10132.c123.linsi",330,0.00296572420945073
"GALGAL_R10133.c123.linsi",224,0.00382583796280081
"GALGAL_R10134.c123.linsi",297,0.0130503826647574
"GALGAL_R10135.c123.linsi",345,0.00594228712137744
"GALGAL_R10136.c123.linsi",355,0.0174532014661763
"GALGAL_R10137.c123.linsi",357,0.0248853864596095
"GALGAL_R10138.c123.linsi",153,0.00357397840823536
"GALGAL_R10140.c123.linsi",328,0.00459930960370507
"GALGAL_R10141.c123.linsi",348,0.00379136401499089
"GALGAL_R10142.c123.linsi",33,0.0146149508393699
"GALGAL_R10143.c123.linsi",335,0.00962722790206687
"GALGAL_R10149.c123.linsi",348,0.000718912314324305
"GALGAL_R10157.c123.linsi",341,0.00211998866264007
"GALGAL_R10158.c123.linsi",336,0.00196377722168511
"GALGAL_R10159.c123.linsi",307,0.00299384682666303
"GALGAL_R10160.c123.linsi",348,0.00323491842768891
"GALGAL_R10161.c123.linsi",358,0.00499560956242575
"GALGAL_R10162.c123.linsi",347,0.00195324014037895
"GALGAL_R10163.c123.linsi",354,0.00543582502425891
"GALGAL_R10164.c123.linsi",144,0.0040663549105847
"GALGAL_R10165.c123.linsi",161,0.00734968888699532
"GALGAL_R10166.c123.linsi",148,0.0107121631863013
"GALGAL_R10167.c123.linsi",354,0.0274115042352807
"GALGAL_R10168.c123.linsi",14,0.00387400332699418
"GALGAL_R10169.c123.linsi",8,0.0012352497697531
"GALGAL_R10170.c123.linsi",355,0.00357638982092296
"GALGAL_R10171.c123.linsi",357,0.00733828251731299
"GALGAL_R10172.c123.linsi",344,0.00421204827587337
"GALGAL_R10173.c123.linsi",216,0.00392051059035985
"GALGAL_R10174.c123.linsi",341,0.0222908881157919
"GALGAL_R10175.c123.linsi",339,0.000868439932261136
"GALGAL_R10176.c123.linsi",351,0.00396957528110005
"GALGAL_R10177.c123.linsi",362,0.00641850240864975
"GALGAL_R10178.c123.linsi",359,0.00381272486633986
"GALGAL_R10179.c123.linsi",326,0.00168119105289915
"GALGAL_R10180.c123.linsi",228,0.0111145907688922
"GALGAL_R10181.c123.linsi",329,0.000656419488996304
"GALGAL_R10182.c123.linsi",334,0.0110799869484518
"GALGAL_R10183.c123.linsi",344,0.0114576578653841
"GALGAL_R10184.c123.linsi",349,0.00271540385470213
"GALGAL_R10185.c123.linsi",357,0.00170135995577511
"GALGAL_R10186.c123.linsi",332,0.00217505530919118
"GALGAL_R10187.c123.linsi",303,0.00685239354578162
"GALGAL_R10188.c123.linsi",340,0.00621315007710918
"GALGAL_R10189.c123.linsi",136,0.0379740436328752
"GALGAL_R10190.c123.linsi",347,0.00336803875306448
"GALGAL_R10191.c123.linsi",271,0.0126246587205571
"GALGAL_R10192.c123.linsi",322,0.0130558669596621
"GALGAL_R10193.c123.linsi",358,0.00566306317988753
"GALGAL_R10194.c123.linsi",348,0.00351507461083765
"GALGAL_R10195.c123.linsi",349,0.00402130825632288
"GALGAL_R10196.c123.linsi",354,0.00362343723281216
"GALGAL_R10197.c123.linsi",342,0.00547466083632659
"GALGAL_R10198.c123.linsi",82,0.0109451136271627
"GALGAL_R10199.c123.linsi",322,0.00239456421182556
"GALGAL_R10200.c123.linsi",362,0.00526130218530637
"GALGAL_R10201.c123.linsi",357,0.0279072605057608
"GALGAL_R10202.c123.linsi",355,0.00246495296062145
"GALGAL_R10203.c123.linsi",354,0.0025744545779066
"GALGAL_R10204.c123.linsi",336,0.00387148380751718
"GALGAL_R10205.c123.linsi",358,0.0059885200534218
"GALGAL_R10206.c123.linsi",255,0.0216988027983789
"GALGAL_R10207.c123.linsi",15,0.00554864833801032
"GALGAL_R10208.c123.linsi",302,0.00237247740602963
"GALGAL_R10209.c123.linsi",335,0.00267334073923581
"GALGAL_R10210.c123.linsi",354,0.00375092012171022
"GALGAL_R10211.c123.linsi",298,0.0046809043739195
"GALGAL_R10218.c123.linsi",354,0.00398625728690089
"GALGAL_R10219.c123.linsi",359,0.00637504875046019
"GALGAL_R10220.c123.linsi",192,0.000753674657651462
"GALGAL_R10221.c123.linsi",350,0.0187339514432607
"GALGAL_R10222.c123.linsi",323,0.00323034552949918
"GALGAL_R10223.c123.linsi",359,0.0024144566983374
"GALGAL_R10224.c123.linsi",298,0.0106860037083936
"GALGAL_R10225.c123.linsi",320,0.000810191783379205
"GALGAL_R10226.c123.linsi",358,0.0201166120185764
"GALGAL_R10227.c123.linsi",339,0.0140168128268096
"GALGAL_R10228.c123.linsi",340,0.00736567008742345
"GALGAL_R10229.c123.linsi",328,0.00491484749378539
"GALGAL_R10230.c123.linsi",265,0.00728070282419679
"GALGAL_R10231.c123.linsi",310,0.00147160398014242
"GALGAL_R10232.c123.linsi",348,0.0030130194232941
"GALGAL_R10233.c123.linsi",302,0.00119960053020728
"GALGAL_R10234.c123.linsi",359,0.00829634164239347
"GALGAL_R10235.c123.linsi",352,0.0130770858599862
"GALGAL_R10236.c123.linsi",314,0.00207088910710495
"GALGAL_R10237.c123.linsi",239,0.00193947150835217
"GALGAL_R10238.c123.linsi",363,0.0217050438325453
"GALGAL_R10239.c123.linsi",351,0.00658291074639154
"GALGAL_R10240.c123.linsi",352,0.0142642437770829
"GALGAL_R10241.c123.linsi",358,0.00651219678225899
"GALGAL_R10242.c123.linsi",90,0.00288541093319105
"GALGAL_R10243.c123.linsi",343,0.00381801628462235
"GALGAL_R10244.c123.linsi",348,0.0113542353400942
"GALGAL_R10245.c123.linsi",325,0.00129328807856198
"GALGAL_R10246.c123.linsi",337,0.00400403439851021
"GALGAL_R10247.c123.linsi",362,0.00258697577390749
"GALGAL_R10248.c123.linsi",336,0.00300698581964565
"GALGAL_R10249.c123.linsi",354,0.0109326492538188
"GALGAL_R10250.c123.linsi",324,0.0216281815932618
"GALGAL_R10251.c123.linsi",332,0.0206040266000378
"GALGAL_R10252.c123.linsi",279,0.0163408782947648
"GALGAL_R10253.c123.linsi",287,0.014612717491596
"GALGAL_R10254.c123.linsi",4,0.006321740968321
"GALGAL_R10255.c123.linsi",302,0.0163446724851927
"GALGAL_R10256.c123.linsi",337,0.00967896198099052
"GALGAL_R10257.c123.linsi",171,0.013545656896589
"GALGAL_R10258.c123.linsi",324,0.0125096398510675
"GALGAL_R10259.c123.linsi",296,0.0341469329530223
"GALGAL_R10260.c123.linsi",106,0.0160050969966097
"GALGAL_R10261.c123.linsi",267,0.0272307236084902
"GALGAL_R10264.c123.linsi",171,0.0402288809617056
"GALGAL_R10265.c123.linsi",354,0.0196241087751598
"GALGAL_R10266.c123.linsi",5,0.0167933762470101
"GALGAL_R10267.c123.linsi",300,0.0203460549774176
"GALGAL_R10268.c123.linsi",355,0.0350032574169592
"GALGAL_R10269.c123.linsi",295,0.0328341112169903
"GALGAL_R10270.c123.linsi",357,0.00116331612554311
"GALGAL_R10271.c123.linsi",159,0.0142353554373479
"GALGAL_R10272.c123.linsi",341,0.00626475274777487
"GALGAL_R10273.c123.linsi",233,0.00949555774045908
"GALGAL_R10274.c123.linsi",343,0.0131267520008384
"GALGAL_R10275.c123.linsi",256,0.0234020820857202
"GALGAL_R10276.c123.linsi",7,0.0261847970512749
"GALGAL_R10277.c123.linsi",9,0.0132312747143024
"GALGAL_R10279.c123.linsi",341,0.00510842440227013
"GALGAL_R10280.c123.linsi",358,0.0040937368175696
"GALGAL_R10281.c123.linsi",5,0.0232444865531197
"GALGAL_R10283.c123.linsi",180,0.0165986236728136
"GALGAL_R10285.c123.linsi",115,0.0230229456186713
"GALGAL_R10286.c123.linsi",165,0.0185876933898909
"GALGAL_R10288.c123.linsi",225,0.0188648625168755
"GALGAL_R10289.c123.linsi",28,0.0194954779110409
"GALGAL_R10290.c123.linsi",340,0.00309433297035746
"GALGAL_R10291.c123.linsi",359,0.00391085115693604
"GALGAL_R10292.c123.linsi",280,0.00617295892571033
"GALGAL_R10293.c123.linsi",339,0.00644215343655737
"GALGAL_R10294.c123.linsi",339,0.00393025998201596
"GALGAL_R10295.c123.linsi",5,0.0421985630015769
"GALGAL_R10296.c123.linsi",315,0.0104266398320932
"GALGAL_R10299.c123.linsi",356,0.0554880963371918
"GALGAL_R10300.c123.linsi",336,0.00594713372360459
"GALGAL_R10301.c123.linsi",327,0.00132522254093073
"GALGAL_R10302.c123.linsi",356,0.00201618579871982
"GALGAL_R10307.c123.linsi",26,0.00525781784531615
"GALGAL_R10308.c123.linsi",273,0.0119673350989773
"GALGAL_R10309.c123.linsi",182,0.00483520494847699
"GALGAL_R10310.c123.linsi",336,0.00563644720037826
"GALGAL_R10311.c123.linsi",360,0.00579405013511675
"GALGAL_R10312.c123.linsi",251,0.0198037994398264
"GALGAL_R10313.c123.linsi",75,0.0082639099203298
"GALGAL_R10314.c123.linsi",361,0.00302703079579166
"GALGAL_R10315.c123.linsi",292,0.00111728608667165
"GALGAL_R10316.c123.linsi",352,0.0561243807579813
"GALGAL_R10318.c123.linsi",325,0.00170782514045898
"GALGAL_R10319.c123.linsi",337,0.0161113384020917
"GALGAL_R10320.c123.linsi",345,0.00388776089163775
"GALGAL_R10321.c123.linsi",183,0.0167805602290329
"GALGAL_R10324.c123.linsi",248,0.011100497883625
"GALGAL_R10325.c123.linsi",9,0.018152969182541
"GALGAL_R10326.c123.linsi",190,0.00889480652405972
"GALGAL_R10327.c123.linsi",8,0.00085923690410343
"GALGAL_R10328.c123.linsi",11,0.005355083210783
"GALGAL_R10335.c123.linsi",343,0.00795349244570336
"GALGAL_R10336.c123.linsi",32,0.00625496162347763
"GALGAL_R10337.c123.linsi",10,0.00968810694641223
"GALGAL_R10338.c123.linsi",143,0.0624561606556589
"GALGAL_R10341.c123.linsi",105,0.0054197308086154
"GALGAL_R10343.c123.linsi",174,0.00391093737492362
"GALGAL_R10344.c123.linsi",29,0.0148124508815498
"GALGAL_R10345.c123.linsi",324,0.0104158286340982
"GALGAL_R10346.c123.linsi",9,0.0119627535141098
"GALGAL_R10351.c123.linsi",343,0.0031469846717485
"GALGAL_R10352.c123.linsi",275,0.0142179667804007
"GALGAL_R10353.c123.linsi",62,0.026815475718461
"GALGAL_R10354.c123.linsi",354,0.0327235971754348
"GALGAL_R10355.c123.linsi",170,0.0144239382890302
"GALGAL_R10356.c123.linsi",11,0.0182663625975153
"GALGAL_R10357.c123.linsi",194,0.013727530279357
"GALGAL_R10358.c123.linsi",158,0.0130569671533859
"GALGAL_R10359.c123.linsi",347,0.00979726196406594
"GALGAL_R10361.c123.linsi",354,0.00943420854231076
"GALGAL_R10362.c123.linsi",363,0.00788806546324502
"GALGAL_R10363.c123.linsi",4,0.000972909086802575
"GALGAL_R10367.c123.linsi",357,0.015616313120898
"GALGAL_R10368.c123.linsi",331,0.0137549720213311
"GALGAL_R10370.c123.linsi",353,0.0443669167652907
"GALGAL_R10372.c123.linsi",268,0.00939191310195384
"GALGAL_R10373.c123.linsi",4,0.0131754213680983
"GALGAL_R10374.c123.linsi",258,0.0402380543503196
"GALGAL_R10375.c123.linsi",360,0.0042204256907179
"GALGAL_R10376.c123.linsi",168,0.0065140057312027
"GALGAL_R10377.c123.linsi",331,0.00280065998371156
"GALGAL_R10381.c123.linsi",34,0.0120824174549466
"GALGAL_R10382.c123.linsi",9,0.00877545381972291
"GALGAL_R10383.c123.linsi",8,0.0144766699916676
"GALGAL_R10384.c123.linsi",144,0.00946067293023218
"GALGAL_R10385.c123.linsi",350,0.00676192563628482
"GALGAL_R10386.c123.linsi",4,0.0026288297695314
"GALGAL_R10387.c123.linsi",325,0.079196516583987
"GALGAL_R10388.c123.linsi",23,0.00450209037401093
"GALGAL_R10389.c123.linsi",58,0.00523319277123455
"GALGAL_R10390.c123.linsi",157,0.0183510127567514
"GALGAL_R10391.c123.linsi",316,0.00174482568291043
"GALGAL_R10392.c123.linsi",353,0.00697953732780045
"GALGAL_R10393.c123.linsi",361,0.00563614491186173
"GALGAL_R10394.c123.linsi",353,0.0066122640193026
"GALGAL_R10395.c123.linsi",355,0.00545757577494088
"GALGAL_R10396.c123.linsi",337,0.0389469351903972
"GALGAL_R10398.c123.linsi",271,0.00109774559713769
"GALGAL_R10399.c123.linsi",19,0.0203434964338284
"GALGAL_R10400.c123.linsi",358,0.047948855251722
"GALGAL_R10401.c123.linsi",353,0.0888638198506208
"GALGAL_R10402.c123.linsi",128,0.0103348083930838
"GALGAL_R10403.c123.linsi",355,0.00953050641973692
"GALGAL_R10404.c123.linsi",51,0.00369938901175178
"GALGAL_R10405.c123.linsi",82,0.00776165910215209
"GALGAL_R10406.c123.linsi",48,0.0128980311597812
"GALGAL_R10407.c123.linsi",112,0.0410670303093947
"GALGAL_R10409.c123.linsi",291,0.015552185762634
"GALGAL_R10410.c123.linsi",348,0.0143050255612422
"GALGAL_R10411.c123.linsi",128,0.0539844687275895
"GALGAL_R10412.c123.linsi",344,0.0108588771664036
"GALGAL_R10413.c123.linsi",359,0.00627395674564084
"GALGAL_R10417.c123.linsi",360,0.00889578293580054
"GALGAL_R10418.c123.linsi",323,0.0477879120725159
"GALGAL_R10419.c123.linsi",330,0.0687570172743162
"GALGAL_R10420.c123.linsi",352,0.0597013582945161
"GALGAL_R10421.c123.linsi",305,0.0186099169397296
"GALGAL_R10422.c123.linsi",323,0.0173320475936908
"GALGAL_R10424.c123.linsi",262,0.0172805544086599
"GALGAL_R10425.c123.linsi",277,0.0214911982605577
"GALGAL_R10426.c123.linsi",321,0.0224895626508837
"GALGAL_R10427.c123.linsi",347,0.0165499516951563
"GALGAL_R10428.c123.linsi",280,0.0270459273611597
"GALGAL_R10429.c123.linsi",284,0.0328687620988764
"GALGAL_R10430.c123.linsi",351,0.0101205420108662
"GALGAL_R10431.c123.linsi",356,0.00354362074176548
"GALGAL_R10432.c123.linsi",327,0.00386673562170301
"GALGAL_R10433.c123.linsi",360,0.00612240905971515
"GALGAL_R10434.c123.linsi",308,0.00394433572325657
"GALGAL_R10435.c123.linsi",354,0.00579826983448918
"GALGAL_R10436.c123.linsi",356,0.00340488787842113
"GALGAL_R10437.c123.linsi",340,0.00598662086794814
"GALGAL_R10438.c123.linsi",330,0.00304335797496461
"GALGAL_R10439.c123.linsi",351,0.00529917338750439
"GALGAL_R10440.c123.linsi",360,0.0115277200471582
"GALGAL_R10441.c123.linsi",327,0.00341701077042152
"GALGAL_R10442.c123.linsi",41,0.0314937485076522
"GALGAL_R10443.c123.linsi",353,0.00178844313595375
"GALGAL_R10444.c123.linsi",309,0.000962435611098637
"GALGAL_R10445.c123.linsi",305,0.00217526102040757
"GALGAL_R10446.c123.linsi",360,0.0120334909894027
"GALGAL_R10447.c123.linsi",333,0.00214600307580755
"GALGAL_R10448.c123.linsi",304,0.000681535910239419
"GALGAL_R10449.c123.linsi",349,0.00291759917790162
"GALGAL_R10450.c123.linsi",306,0.0102235932472381
"GALGAL_R10451.c123.linsi",340,0.0036177865064768
"GALGAL_R10452.c123.linsi",352,0.00136335561662358
"GALGAL_R10453.c123.linsi",361,0.00389535823330599
"GALGAL_R10454.c123.linsi",363,0.00565183280575157
"GALGAL_R10455.c123.linsi",335,0.002587645873266
"GALGAL_R10456.c123.linsi",336,0.00130494275182762
"GALGAL_R10457.c123.linsi",346,0.00177623605256406
"GALGAL_R10458.c123.linsi",346,0.00563911020698014
"GALGAL_R10459.c123.linsi",331,0.000806003233838203
"GALGAL_R10460.c123.linsi",354,0.0016912452073054
"GALGAL_R10461.c123.linsi",359,0.00194519921839579
"GALGAL_R10462.c123.linsi",355,0.00807331386635685
"GALGAL_R10463.c123.linsi",327,0.114878989299891
"GALGAL_R10464.c123.linsi",345,0.0309546766358086
"GALGAL_R10465.c123.linsi",302,0.0137848366014683
"GALGAL_R10466.c123.linsi",348,0.0179347737646108
"GALGAL_R10468.c123.linsi",154,0.00246324141519673
"GALGAL_R10469.c123.linsi",291,0.00158980505112849
"GALGAL_R10470.c123.linsi",347,0.00432480912647461
"GALGAL_R10471.c123.linsi",356,0.00583701153865613
"GALGAL_R10472.c123.linsi",361,0.0218059140485129
"GALGAL_R10473.c123.linsi",360,0.00732447900118477
"GALGAL_R10474.c123.linsi",360,0.0137406890717299
"GALGAL_R10475.c123.linsi",356,0.0176035290396191
"GALGAL_R10476.c123.linsi",321,0.000955955730208021
"GALGAL_R10477.c123.linsi",346,0.00212342063174179
"GALGAL_R10478.c123.linsi",351,0.0015958708237849
"GALGAL_R10479.c123.linsi",351,0.00477144916180239
"GALGAL_R10480.c123.linsi",358,0.00725267795483189
"GALGAL_R10481.c123.linsi",352,0.0127095336181571
"GALGAL_R10482.c123.linsi",256,0.0107117702103724
"GALGAL_R10483.c123.linsi",122,0.00482660999506029
"GALGAL_R10484.c123.linsi",329,0.0127275518297909
"GALGAL_R10485.c123.linsi",351,0.00264325048447348
"GALGAL_R10486.c123.linsi",361,0.00616722781923841
"GALGAL_R10487.c123.linsi",361,0.0270844757108671
"GALGAL_R10488.c123.linsi",284,0.00127721078136522
"GALGAL_R10489.c123.linsi",341,0.00316684251914704
"GALGAL_R10490.c123.linsi",275,0.00292577650218497
"GALGAL_R10491.c123.linsi",295,0.00391721854630017
"GALGAL_R10492.c123.linsi",7,0.0654862062027799
"GALGAL_R10493.c123.linsi",359,0.00508317282194041
"GALGAL_R10494.c123.linsi",352,0.00546374202765721
"GALGAL_R10495.c123.linsi",358,0.00144910757764738
"GALGAL_R10496.c123.linsi",342,0.00268241286107191
"GALGAL_R10497.c123.linsi",355,0.00170407073307974
"GALGAL_R10498.c123.linsi",346,0.00238585563783981
"GALGAL_R10499.c123.linsi",350,0.0062883524656203
"GALGAL_R10501.c123.linsi",357,0.00303747851988685
"GALGAL_R10502.c123.linsi",352,0.00960262819462651
"GALGAL_R10503.c123.linsi",323,0.00760971616864218
"GALGAL_R10504.c123.linsi",357,0.00680085740755127
"GALGAL_R10505.c123.linsi",358,0.00853206262803855
"GALGAL_R10506.c123.linsi",355,0.00718272461239528
"GALGAL_R10507.c123.linsi",358,0.00839252554899062
"GALGAL_R10508.c123.linsi",361,0.00576497356038243
"GALGAL_R10509.c123.linsi",360,0.00502570373024884
"GALGAL_R10510.c123.linsi",327,0.00328662062779018
"GALGAL_R10511.c123.linsi",349,0.00390590094454118
"GALGAL_R10512.c123.linsi",360,0.00238742502774146
"GALGAL_R10513.c123.linsi",362,0.00325388371202293
"GALGAL_R10514.c123.linsi",315,0.00499691904799035
"GALGAL_R10515.c123.linsi",360,0.00914628880238646
"GALGAL_R10516.c123.linsi",312,0.00187154128957783
"GALGAL_R10517.c123.linsi",358,0.00615283497325001
"GALGAL_R10518.c123.linsi",356,0.00352265803323057
"GALGAL_R10519.c123.linsi",354,0.0020186451093482
"GALGAL_R10520.c123.linsi",349,0.0313206661940393
"GALGAL_R10521.c123.linsi",339,0.00384279660716903
"GALGAL_R10522.c123.linsi",359,0.00243271285564685
"GALGAL_R10523.c123.linsi",333,0.032151027064558
"GALGAL_R10524.c123.linsi",318,0.00239432861184123
"GALGAL_R10525.c123.linsi",349,0.0037070571431167
"GALGAL_R10526.c123.linsi",347,0.00465062379487236
"GALGAL_R10527.c123.linsi",354,0.00923440647539795
"GALGAL_R10528.c123.linsi",353,0.00651991928854422
"GALGAL_R10529.c123.linsi",345,0.00769753930341025
"GALGAL_R10530.c123.linsi",316,0.00144246896404318
"GALGAL_R10531.c123.linsi",356,0.00416249399890408
"GALGAL_R10532.c123.linsi",275,0.0158104518850345
"GALGAL_R10533.c123.linsi",350,0.00846985540645748
"GALGAL_R10534.c123.linsi",222,0.00115176252096818
"GALGAL_R10535.c123.linsi",338,0.00407145858441064
"GALGAL_R10536.c123.linsi",315,0.00309680237194235
"GALGAL_R10537.c123.linsi",315,0.0028204401774188
"GALGAL_R10538.c123.linsi",324,0.00723340002858951
"GALGAL_R10539.c123.linsi",192,0.0024536483833796
"GALGAL_R10540.c123.linsi",360,0.00399114381209788
"GALGAL_R10541.c123.linsi",261,0.00455293250714111
"GALGAL_R10542.c123.linsi",358,0.00157225756325806
"GALGAL_R10543.c123.linsi",353,0.00344349224886891
"GALGAL_R10544.c123.linsi",326,0.01108525792548
"GALGAL_R10545.c123.linsi",276,0.00693810476265591
"GALGAL_R10546.c123.linsi",335,0.00790803063191718
"GALGAL_R10547.c123.linsi",336,0.0228902553501458
"GALGAL_R10548.c123.linsi",362,0.00288644406616294
"GALGAL_R10549.c123.linsi",362,0.00621204134971558
"GALGAL_R10550.c123.linsi",344,0.00285822276476484
"GALGAL_R10551.c123.linsi",201,0.00276152690734742
"GALGAL_R10552.c123.linsi",346,0.00200315259129052
"GALGAL_R10553.c123.linsi",5,0.0130628872216322
"GALGAL_R10554.c123.linsi",277,0.00422566463544964
"GALGAL_R10555.c123.linsi",351,0.00253582774135952
"GALGAL_R10556.c123.linsi",330,0.000855875301031549
"GALGAL_R10557.c123.linsi",349,0.00259638947685635
"GALGAL_R10558.c123.linsi",234,0.00626710690423731
"GALGAL_R10559.c123.linsi",121,0.00621316193988193
"GALGAL_R10560.c123.linsi",353,0.00426003785323892
"GALGAL_R10561.c123.linsi",321,0.0203195260524126
"GALGAL_R10562.c123.linsi",305,0.00519815409324825
"GALGAL_R10563.c123.linsi",359,0.00647379679641184
"GALGAL_R10564.c123.linsi",230,0.0127594864848173
"GALGAL_R10565.c123.linsi",4,0.00377739210757847
"GALGAL_R10566.c123.linsi",8,0.00650391165068251
"GALGAL_R10567.c123.linsi",206,0.0201919820190015
"GALGAL_R10568.c123.linsi",14,0.0138372077653858
"GALGAL_R10569.c123.linsi",22,0.0230482533058631
"GALGAL_R10570.c123.linsi",349,0.00488969697362362
"GALGAL_R10571.c123.linsi",4,0.00698615864533683
"GALGAL_R10572.c123.linsi",196,0.0196202055008505
"GALGAL_R10573.c123.linsi",8,0.0149266095448548
"GALGAL_R10574.c123.linsi",25,0.0179063501489802
"GALGAL_R10575.c123.linsi",257,0.0127216594733466
"GALGAL_R10576.c123.linsi",358,0.0042093981090645
"GALGAL_R10577.c123.linsi",360,0.00283599928116343
"GALGAL_R10578.c123.linsi",339,0.00218892528446925
"GALGAL_R10579.c123.linsi",360,0.00206988254560981
"GALGAL_R10580.c123.linsi",333,0.00124595169282729
"GALGAL_R10581.c123.linsi",341,0.00254817919866786
"GALGAL_R10582.c123.linsi",353,0.00587598974667553
"GALGAL_R10583.c123.linsi",259,0.00601244358621263
"GALGAL_R10584.c123.linsi",361,0.00850826540042382
"GALGAL_R10585.c123.linsi",359,0.00118185200180672
"GALGAL_R10586.c123.linsi",315,0.0022451535275199
"GALGAL_R10587.c123.linsi",354,0.00762556357939162
"GALGAL_R10588.c123.linsi",322,0.00602512769633455
"GALGAL_R10589.c123.linsi",343,0.00922865721679561
"GALGAL_R10590.c123.linsi",359,0.00205563881894927
"GALGAL_R10591.c123.linsi",350,0.0358938984135112
"GALGAL_R10592.c123.linsi",355,0.0024842604145498
"GALGAL_R10593.c123.linsi",342,0.00303101930096954
"GALGAL_R10594.c123.linsi",361,0.00489194629310093
"GALGAL_R10595.c123.linsi",352,0.0111761640231472
"GALGAL_R10596.c123.linsi",306,0.00153607417491898
"GALGAL_R10597.c123.linsi",233,0.0204725562595089
"GALGAL_R10598.c123.linsi",356,0.0126464771195266
"GALGAL_R10599.c123.linsi",299,0.00147677178202057
"GALGAL_R10600.c123.linsi",355,0.0115078402039713
"GALGAL_R10601.c123.linsi",317,0.0331646727581565
"GALGAL_R10602.c123.linsi",357,0.00922372500756683
"GALGAL_R10603.c123.linsi",353,0.00693588550004392
"GALGAL_R10604.c123.linsi",334,0.00169562701780949
"GALGAL_R10605.c123.linsi",308,0.00173542849206383
"GALGAL_R10606.c123.linsi",358,0.00744852690640737
"GALGAL_R10607.c123.linsi",301,0.00308583731266951
"GALGAL_R10608.c123.linsi",359,0.00837959792438231
"GALGAL_R10609.c123.linsi",357,0.00604274406155287
"GALGAL_R10610.c123.linsi",357,0.00967783186885874
"GALGAL_R10611.c123.linsi",361,0.00551696512745846
"GALGAL_R10612.c123.linsi",341,0.0100862242309071
"GALGAL_R10613.c123.linsi",355,0.00151804454836798
"GALGAL_R10614.c123.linsi",361,0.00634041930784167
"GALGAL_R10615.c123.linsi",359,0.0111595398118674
"GALGAL_R10616.c123.linsi",360,0.00464569318545875
"GALGAL_R10617.c123.linsi",357,0.0268269751240154
"GALGAL_R10618.c123.linsi",351,0.011704557787392
"GALGAL_R10619.c123.linsi",331,0.00463679325489942
"GALGAL_R10620.c123.linsi",348,0.0054087595232587
"GALGAL_R10621.c123.linsi",356,0.00997895200231128
"GALGAL_R10622.c123.linsi",331,0.00340996132429736
"GALGAL_R10623.c123.linsi",17,0.0135665846610934
"GALGAL_R10624.c123.linsi",30,0.0416391714271496
"GALGAL_R10625.c123.linsi",323,0.00156080175985924
"GALGAL_R10626.c123.linsi",357,0.00235098141242446
"GALGAL_R10627.c123.linsi",291,0.0287900771648587
"GALGAL_R10628.c123.linsi",346,0.00759975353889218
"GALGAL_R10629.c123.linsi",322,0.00842290983364618
"GALGAL_R10630.c123.linsi",354,0.00342517228449023
"GALGAL_R10631.c123.linsi",362,0.0194436875741321
"GALGAL_R10632.c123.linsi",203,0.0143209183791717
"GALGAL_R10633.c123.linsi",358,0.00183312300882516
"GALGAL_R10634.c123.linsi",340,0.00194512493425627
"GALGAL_R10635.c123.linsi",356,0.00232438448586302
"GALGAL_R10636.c123.linsi",359,0.0033597847265141
"GALGAL_R10637.c123.linsi",357,0.00202862262857437
"GALGAL_R10638.c123.linsi",292,0.00160357872667997
"GALGAL_R10639.c123.linsi",354,0.00190269919154536
"GALGAL_R10640.c123.linsi",325,0.00327311249370091
"GALGAL_R10641.c123.linsi",357,0.00485509102463465
"GALGAL_R10642.c123.linsi",279,0.00225643332419782
"GALGAL_R10643.c123.linsi",341,0.00249408783285258
"GALGAL_R10644.c123.linsi",336,0.00189813850211501
"GALGAL_R10647.c123.linsi",231,0.00294873428681201
"GALGAL_R10648.c123.linsi",325,0.00274816734432643
"GALGAL_R10649.c123.linsi",330,0.00492649689835673
"GALGAL_R10650.c123.linsi",357,0.0359551735347368
"GALGAL_R10651.c123.linsi",313,0.00452928323608876
"GALGAL_R10652.c123.linsi",345,0.0177101027079803
"GALGAL_R10653.c123.linsi",339,0.00511509643631283
"GALGAL_R10654.c123.linsi",361,0.0155667527519614
"GALGAL_R10655.c123.linsi",352,0.0151162081524599
"GALGAL_R10656.c123.linsi",328,0.00427782360579648
"GALGAL_R10657.c123.linsi",327,0.00390318297327184
"GALGAL_R10658.c123.linsi",332,0.00216891753229843
"GALGAL_R10659.c123.linsi",359,0.00560886304023037
"GALGAL_R10660.c123.linsi",336,0.0049516279482875
"GALGAL_R10661.c123.linsi",361,0.00914615227637748
"GALGAL_R10662.c123.linsi",361,0.00363126255644879
"GALGAL_R10663.c123.linsi",361,0.00695272355971946
"GALGAL_R10664.c123.linsi",359,0.0012600855510133
"GALGAL_R10665.c123.linsi",328,0.0287900944196928
"GALGAL_R10666.c123.linsi",346,0.000808585522689925
"GALGAL_R10667.c123.linsi",360,0.00465569745639018
"GALGAL_R10668.c123.linsi",348,0.0020843266975928
"GALGAL_R10669.c123.linsi",357,0.00218937918139586
"GALGAL_R10670.c123.linsi",341,0.0155747155323189
"GALGAL_R10671.c123.linsi",268,0.000614690898987035
"GALGAL_R10672.c123.linsi",335,0.00233053953174241
"GALGAL_R10673.c123.linsi",316,0.00615045668319355
"GALGAL_R10674.c123.linsi",266,0.00146466301569046
"GALGAL_R10675.c123.linsi",354,0.00655211191901154
"GALGAL_R10676.c123.linsi",353,0.0034186437828607
"GALGAL_R10677.c123.linsi",316,0.00687773328086656
"GALGAL_R10678.c123.linsi",179,0.0129312177923706
"GALGAL_R10679.c123.linsi",353,0.00828317730258501
"GALGAL_R10680.c123.linsi",336,0.0105095771503818
"GALGAL_R10681.c123.linsi",357,0.00422399299990122
"GALGAL_R10682.c123.linsi",304,0.015080444447566
"GALGAL_R10683.c123.linsi",344,0.00280112666918226
"GALGAL_R10684.c123.linsi",323,0.00463417836188319
"GALGAL_R10685.c123.linsi",360,0.00549344334795474
"GALGAL_R10686.c123.linsi",352,0.00493896298342308
"GALGAL_R10687.c123.linsi",360,0.00447832002073864
"GALGAL_R10688.c123.linsi",361,0.0271549464961134
"GALGAL_R10689.c123.linsi",353,0.00878045128601281
"GALGAL_R10690.c123.linsi",326,0.00477255810398933
"GALGAL_R10691.c123.linsi",353,0.00219049539426417
"GALGAL_R10692.c123.linsi",352,0.0280407087439787
"GALGAL_R10693.c123.linsi",356,0.0144796446687338
"GALGAL_R10694.c123.linsi",336,0.00566245873796339
"GALGAL_R10695.c123.linsi",303,0.0150702523377375
"GALGAL_R10696.c123.linsi",356,0.0115068341570844
"GALGAL_R10697.c123.linsi",356,0.00145541161275139
"GALGAL_R10698.c123.linsi",359,0.00754363029887683
"GALGAL_R10699.c123.linsi",358,0.00408074243684421
"GALGAL_R10700.c123.linsi",357,0.0152430017479079
"GALGAL_R10701.c123.linsi",344,0.0187819690107816
"GALGAL_R10702.c123.linsi",361,0.0106908917532434
"GALGAL_R10703.c123.linsi",265,0.0455930932262585
"GALGAL_R10704.c123.linsi",351,0.00854952926333885
"GALGAL_R10705.c123.linsi",256,0.00996730844853858
"GALGAL_R10706.c123.linsi",324,0.00280383945995241
"GALGAL_R10707.c123.linsi",311,0.0228020488614928
"GALGAL_R10708.c123.linsi",358,0.00428797680989116
"GALGAL_R10709.c123.linsi",360,0.0134302636879652
"GALGAL_R10710.c123.linsi",334,0.00899376703764504
"GALGAL_R10711.c123.linsi",312,0.00682423338847654
"GALGAL_R10712.c123.linsi",358,0.00169457367608261
"GALGAL_R10713.c123.linsi",356,0.00667504530255928
"GALGAL_R10714.c123.linsi",356,0.00609277027205098
"GALGAL_R10715.c123.linsi",349,0.00427372524047223
"GALGAL_R10716.c123.linsi",310,0.00857750140890538
"GALGAL_R10717.c123.linsi",315,0.005304077104799
"GALGAL_R10718.c123.linsi",342,0.0106610313301303
"GALGAL_R10719.c123.linsi",337,0.0112539582999146
"GALGAL_R10720.c123.linsi",350,0.00563103354622482
"GALGAL_R10721.c123.linsi",345,0.0100105819482077
"GALGAL_R10722.c123.linsi",117,0.00278673611130715
"GALGAL_R10723.c123.linsi",114,0.00726686003229316
"GALGAL_R10724.c123.linsi",336,0.00575758505476823
"GALGAL_R10725.c123.linsi",359,0.0109674160201488
"GALGAL_R10726.c123.linsi",300,0.00209566926040345
"GALGAL_R10727.c123.linsi",358,0.0137601552843399
"GALGAL_R10728.c123.linsi",329,0.00407750270745508
"GALGAL_R10729.c123.linsi",357,0.00687010449217264
"GALGAL_R10730.c123.linsi",345,0.00885489345688234
"GALGAL_R10731.c123.linsi",331,0.0314427586749423
"GALGAL_R10732.c123.linsi",353,0.0118066431458973
"GALGAL_R10733.c123.linsi",351,0.00665131322245493
"GALGAL_R10734.c123.linsi",344,0.00293737226206598
"GALGAL_R10735.c123.linsi",315,0.00144608413667773
"GALGAL_R10736.c123.linsi",359,0.00280255384629029
"GALGAL_R10737.c123.linsi",348,0.00729140145561888
"GALGAL_R10738.c123.linsi",339,0.0262318414433192
"GALGAL_R10739.c123.linsi",324,0.00911963822719725
"GALGAL_R10740.c123.linsi",308,0.00122111001574382
"GALGAL_R10741.c123.linsi",353,0.022212230143068
"GALGAL_R10742.c123.linsi",360,0.00983167995340514
"GALGAL_R10743.c123.linsi",346,0.00498951855206238
"GALGAL_R10744.c123.linsi",359,0.00371310129906193
"GALGAL_R10745.c123.linsi",354,0.00874120342594734
"GALGAL_R10746.c123.linsi",344,0.0100935546244175
"GALGAL_R10747.c123.linsi",357,0.0146977719603973
"GALGAL_R10748.c123.linsi",271,0.00165928313222413
"GALGAL_R10749.c123.linsi",343,0.00259863727349169
"GALGAL_R10750.c123.linsi",356,0.00746821982118712
"GALGAL_R10751.c123.linsi",312,0.00188270158633251
"GALGAL_R10752.c123.linsi",338,0.00449423942924549
"GALGAL_R10753.c123.linsi",359,0.0107926999427543
"GALGAL_R10754.c123.linsi",357,0.0236788300775047
"GALGAL_R10755.c123.linsi",312,0.00747891838160287
"GALGAL_R10756.c123.linsi",325,0.00218618295598055
"GALGAL_R10757.c123.linsi",356,0.00714720267287165
"GALGAL_R10758.c123.linsi",359,0.00969344399652537
"GALGAL_R10759.c123.linsi",355,0.00655538322257943
"GALGAL_R10760.c123.linsi",343,0.00282220876800842
"GALGAL_R10761.c123.linsi",341,0.00305146811171463
"GALGAL_R10762.c123.linsi",347,0.00304417961271714
"GALGAL_R10763.c123.linsi",354,0.0145752572833951
"GALGAL_R10764.c123.linsi",324,0.00188359839011501
"GALGAL_R10765.c123.linsi",351,0.00404610364808134
"GALGAL_R10766.c123.linsi",351,0.00367087855134281
"GALGAL_R10767.c123.linsi",344,0.00724117866666038
"GALGAL_R10768.c123.linsi",170,0.00714684589932438
"GALGAL_R10769.c123.linsi",237,0.00233461668522839
"GALGAL_R10770.c123.linsi",356,0.0103435081618064
"GALGAL_R10771.c123.linsi",356,0.018705363088655
"GALGAL_R10772.c123.linsi",362,0.00281912412279069
"GALGAL_R10773.c123.linsi",360,0.0107910794850845
"GALGAL_R10774.c123.linsi",361,0.00626858770672475
"GALGAL_R10775.c123.linsi",361,0.00307331456506983
"GALGAL_R10776.c123.linsi",353,0.0114393981649095
"GALGAL_R10777.c123.linsi",359,0.00321683681510468
"GALGAL_R10778.c123.linsi",346,0.000819979410686748
"GALGAL_R10779.c123.linsi",352,0.00363108121726184
"GALGAL_R10780.c123.linsi",327,0.0215970862304553
"GALGAL_R10781.c123.linsi",254,0.00151591918186221
"GALGAL_R10782.c123.linsi",314,0.0136382002556986
"GALGAL_R10783.c123.linsi",358,0.00547649336727126
"GALGAL_R10784.c123.linsi",361,0.00863456125012914
"GALGAL_R10785.c123.linsi",361,0.00834125073607423
"GALGAL_R10786.c123.linsi",355,0.0104947974395209
"GALGAL_R10787.c123.linsi",329,0.0537322999980807
"GALGAL_R10788.c123.linsi",327,0.00275419463921085
"GALGAL_R10789.c123.linsi",357,0.00210024972263803
"GALGAL_R10790.c123.linsi",355,0.00506566675131744
"GALGAL_R10791.c123.linsi",362,0.00171628884936075
"GALGAL_R10792.c123.linsi",359,0.00613943835839969
"GALGAL_R10793.c123.linsi",361,0.0024949355121623
"GALGAL_R10794.c123.linsi",346,0.00489127465781038
"GALGAL_R10795.c123.linsi",361,0.00891019447727891
"GALGAL_R10796.c123.linsi",356,0.00777279525972905
"GALGAL_R10797.c123.linsi",354,0.001429449232886
"GALGAL_R10798.c123.linsi",358,0.00588442778961524
"GALGAL_R10799.c123.linsi",361,0.00878954090602512
"GALGAL_R10800.c123.linsi",357,0.00559294295556167
"GALGAL_R10801.c123.linsi",353,0.00303576041244454
"GALGAL_R10802.c123.linsi",352,0.0100287283900432
"GALGAL_R10803.c123.linsi",348,0.0217398305835505
"GALGAL_R10804.c123.linsi",359,0.0326119675607432
"GALGAL_R10805.c123.linsi",358,0.00251350778043849
"GALGAL_R10806.c123.linsi",361,0.00394462006920105
"GALGAL_R10807.c123.linsi",351,0.0204458991007142
"GALGAL_R10808.c123.linsi",359,0.00476820881949097
"GALGAL_R10809.c123.linsi",353,0.0145131026292583
"GALGAL_R10810.c123.linsi",359,0.0169561678286177
"GALGAL_R10811.c123.linsi",339,0.0198052469623473
"GALGAL_R10812.c123.linsi",322,0.0126892902190149
"GALGAL_R10813.c123.linsi",343,0.0228938121891236
"GALGAL_R10814.c123.linsi",258,0.0266921345832802
"GALGAL_R10815.c123.linsi",317,0.0342988727318701
"GALGAL_R10816.c123.linsi",280,0.0555319023325299
"GALGAL_R10817.c123.linsi",327,0.00855510723715515
"GALGAL_R10818.c123.linsi",309,0.00798845167479212
"GALGAL_R10819.c123.linsi",356,0.038315243440287
"GALGAL_R10820.c123.linsi",337,0.0520676645251297
"GALGAL_R10821.c123.linsi",341,0.0267339486273169
"GALGAL_R10822.c123.linsi",359,0.0139341198076255
"GALGAL_R10823.c123.linsi",359,0.00310154651391321
"GALGAL_R10824.c123.linsi",355,0.00258737578402748
"GALGAL_R10825.c123.linsi",330,0.00882455209102403
"GALGAL_R10826.c123.linsi",341,0.0218789742273593
"GALGAL_R10827.c123.linsi",362,0.0117240429681462
"GALGAL_R10828.c123.linsi",357,0.00894103754991819
"GALGAL_R10829.c123.linsi",356,0.0160130708752786
"GALGAL_R10830.c123.linsi",352,0.0209505437528744
"GALGAL_R10831.c123.linsi",358,0.00418107396152611
"GALGAL_R10832.c123.linsi",360,0.00472576242913316
"GALGAL_R10833.c123.linsi",334,0.0182312321889638
"GALGAL_R10834.c123.linsi",296,0.00320433439108
"GALGAL_R10835.c123.linsi",324,0.00550761644842142
"GALGAL_R10836.c123.linsi",353,0.00221585586248405
"GALGAL_R10837.c123.linsi",323,0.00404548377552885
"GALGAL_R10838.c123.linsi",352,0.00378522567184079
"GALGAL_R10839.c123.linsi",345,0.0105257624903526
"GALGAL_R10840.c123.linsi",319,0.00100005049400914
"GALGAL_R10841.c123.linsi",361,0.0102015627791778
"GALGAL_R10842.c123.linsi",356,0.00892994670172718
"GALGAL_R10843.c123.linsi",358,0.00444611666858664
"GALGAL_R10844.c123.linsi",346,0.010138506036262
"GALGAL_R10845.c123.linsi",349,0.0032705598670587
"GALGAL_R10846.c123.linsi",358,0.00761242613124443
"GALGAL_R10847.c123.linsi",358,0.00298813794740395
"GALGAL_R10848.c123.linsi",288,0.00284212593922033
"GALGAL_R10849.c123.linsi",236,0.0111762284769831
"GALGAL_R10850.c123.linsi",361,0.00366285546623275
"GALGAL_R10851.c123.linsi",336,0.00339179611137424
"GALGAL_R10852.c123.linsi",350,0.0189172572561736
"GALGAL_R10853.c123.linsi",359,0.0112758866307953
"GALGAL_R10855.c123.linsi",356,0.0275296704374878
"GALGAL_R10856.c123.linsi",352,0.00340560104885014
"GALGAL_R10857.c123.linsi",29,0.0252464973984237
"GALGAL_R10858.c123.linsi",359,0.0137281630879415
"GALGAL_R10859.c123.linsi",347,0.00301484330200568
"GALGAL_R10860.c123.linsi",361,0.00927122712891878
"GALGAL_R10861.c123.linsi",340,0.00294185611806087
"GALGAL_R10862.c123.linsi",159,0.00642926440604934
"GALGAL_R10863.c123.linsi",359,0.0152542345180331
"GALGAL_R10864.c123.linsi",232,0.00344096012558516
"GALGAL_R10865.c123.linsi",355,0.00705349421842239
"GALGAL_R10866.c123.linsi",332,0.00305835672149771
"GALGAL_R10867.c123.linsi",357,0.0178895436738397
"GALGAL_R10868.c123.linsi",352,0.0090058914425856
"GALGAL_R10869.c123.linsi",360,0.00849234043156821
"GALGAL_R10870.c123.linsi",348,0.00214745081823837
"GALGAL_R10871.c123.linsi",347,0.0141489518115419
"GALGAL_R10872.c123.linsi",329,0.00561855973904471
"GALGAL_R10873.c123.linsi",209,0.00445700225824586
"GALGAL_R10874.c123.linsi",356,0.00558847588319404
"GALGAL_R10875.c123.linsi",333,0.00207068066640291
"GALGAL_R10876.c123.linsi",352,0.00386611770395517
"GALGAL_R10877.c123.linsi",345,0.0221150670636858
"GALGAL_R10878.c123.linsi",358,0.00488031439120762
"GALGAL_R10879.c123.linsi",352,0.00830757930679689
"GALGAL_R10880.c123.linsi",350,0.0115432406489761
"GALGAL_R10881.c123.linsi",345,0.00600439469120506
"GALGAL_R10882.c123.linsi",340,0.00683167744985455
"GALGAL_R10883.c123.linsi",334,0.00663077846772226
"GALGAL_R10884.c123.linsi",7,0.0100631117021102
"GALGAL_R10885.c123.linsi",329,0.0039702508454138
"GALGAL_R10886.c123.linsi",354,0.00205682956380455
"GALGAL_R10887.c123.linsi",223,0.0115679541395682
"GALGAL_R10888.c123.linsi",360,0.00608092882482074
"GALGAL_R10889.c123.linsi",318,0.0136927374051715
"GALGAL_R10890.c123.linsi",360,0.0145999958708144
"GALGAL_R10891.c123.linsi",352,0.00710515084865309
"GALGAL_R10892.c123.linsi",353,0.00882634898287261
"GALGAL_R10893.c123.linsi",361,0.00683095728925221
"GALGAL_R10894.c123.linsi",213,0.00336649540101043
"GALGAL_R10895.c123.linsi",354,0.00203065581217175
"GALGAL_R10896.c123.linsi",361,0.00523122862760695
"GALGAL_R10897.c123.linsi",328,0.0694611731252498
"GALGAL_R10898.c123.linsi",359,0.0058819985325642
"GALGAL_R10899.c123.linsi",359,0.00480956630561892
"GALGAL_R10900.c123.linsi",357,0.00657022709042949
"GALGAL_R10901.c123.linsi",354,0.0196192028336206
"GALGAL_R10902.c123.linsi",245,0.0409425280734594
"GALGAL_R10903.c123.linsi",306,0.00421442659899462
"GALGAL_R10904.c123.linsi",353,0.0515492945206512
"GALGAL_R10905.c123.linsi",309,0.00587131222060914
"GALGAL_R10906.c123.linsi",94,0.0248904916463339
"GALGAL_R10907.c123.linsi",336,0.00241625759062225
"GALGAL_R10908.c123.linsi",273,0.00285538612128723
"GALGAL_R10909.c123.linsi",350,0.00874555724930096
"GALGAL_R10910.c123.linsi",354,0.0115249321004691
"GALGAL_R10911.c123.linsi",353,0.00558002313026117
"GALGAL_R10912.c123.linsi",350,0.0062365328940296
"GALGAL_R10913.c123.linsi",361,0.0297365681274946
"GALGAL_R10914.c123.linsi",362,0.0167383836824524
"GALGAL_R10915.c123.linsi",342,0.00350479557624479
"GALGAL_R10916.c123.linsi",93,0.00760227651102493
"GALGAL_R10917.c123.linsi",233,0.000832463099510909
"GALGAL_R10918.c123.linsi",352,0.00390015314868872
"GALGAL_R10919.c123.linsi",362,0.0547843955802595
"GALGAL_R10920.c123.linsi",356,0.0206028386250348
"GALGAL_R10921.c123.linsi",264,0.0286531116374695
"GALGAL_R10922.c123.linsi",356,0.00230448572566209
"GALGAL_R10923.c123.linsi",353,0.0386421300199781
"GALGAL_R10925.c123.linsi",342,0.0161769054192542
"GALGAL_R10927.c123.linsi",352,0.00932856980074713
"GALGAL_R10928.c123.linsi",352,0.00609205372522986
"GALGAL_R10929.c123.linsi",291,0.0108539366013464
"GALGAL_R10930.c123.linsi",261,0.0177881150563461
"GALGAL_R10931.c123.linsi",41,0.015613927256999
"GALGAL_R10934.c123.linsi",19,0.0612326931962043
"GALGAL_R10935.c123.linsi",16,0.00831291805283159
"GALGAL_R10936.c123.linsi",19,0.0157963062286295
"GALGAL_R10937.c123.linsi",5,0.0138955654570757
"GALGAL_R10938.c123.linsi",21,0.0114736302462363
"GALGAL_R10939.c123.linsi",120,0.0334069248882044
"GALGAL_R10940.c123.linsi",9,0.0101956394211332
"GALGAL_R10941.c123.linsi",70,0.0268149091550904
"GALGAL_R10943.c123.linsi",10,0.0290580440154945
"GALGAL_R10946.c123.linsi",134,0.0345287750778892
"GALGAL_R10947.c123.linsi",74,0.0624092007831067
"GALGAL_R10948.c123.linsi",109,0.0335015616085063
"GALGAL_R10949.c123.linsi",76,0.0354380922122421
"GALGAL_R10950.c123.linsi",59,0.0294421967061066
"GALGAL_R10951.c123.linsi",103,0.0197327489503561
"GALGAL_R10962.c123.linsi",9,0.00409875752575557
"GALGAL_R10964.c123.linsi",49,0.018990243456792
"GALGAL_R10965.c123.linsi",253,0.0688657088186415
"GALGAL_R10967.c123.linsi",17,0.0409540940873456
"GALGAL_R10968.c123.linsi",7,0.00530035611085088
"GALGAL_R10969.c123.linsi",5,0.0497175266490125
"GALGAL_R10986.c123.linsi",7,0.0606028359047086
"GALGAL_R10990.c123.linsi",149,0.017993744374346
"GALGAL_R10991.c123.linsi",6,0.0167097463108152
"GALGAL_R10992.c123.linsi",105,0.0285450830121515
"GALGAL_R10994.c123.linsi",294,0.037808906221067
"GALGAL_R10995.c123.linsi",178,0.164880001245541
"GALGAL_R10999.c123.linsi",361,0.0251947578340535
"GALGAL_R11000.c123.linsi",344,0.00691945143977232
"GALGAL_R11001.c123.linsi",319,0.00708220617953054
"GALGAL_R11002.c123.linsi",359,0.00361864235358258
"GALGAL_R11003.c123.linsi",353,0.00193433669807254
"GALGAL_R11004.c123.linsi",338,0.00210316792946618
"GALGAL_R11005.c123.linsi",352,0.00846679854629816
"GALGAL_R11006.c123.linsi",349,0.0101401886523199
"GALGAL_R11007.c123.linsi",351,0.0486538389081521
"GALGAL_R11008.c123.linsi",344,0.0196210420178961
"GALGAL_R11009.c123.linsi",357,0.00486039983535706
"GALGAL_R11010.c123.linsi",274,0.0164625281368964
"GALGAL_R11011.c123.linsi",312,0.016500094600902
"GALGAL_R11012.c123.linsi",247,0.00874026865177663
"GALGAL_R11013.c123.linsi",314,0.0368501433356135
"GALGAL_R11014.c123.linsi",34,0.0167797906443553
"GALGAL_R11015.c123.linsi",338,0.0196623866494241
"GALGAL_R11016.c123.linsi",345,0.00537434885580581
"GALGAL_R11017.c123.linsi",337,0.0620468659539971
"GALGAL_R11018.c123.linsi",20,0.00875315726878536
"GALGAL_R11019.c123.linsi",356,0.0191193443058296
"GALGAL_R11020.c123.linsi",324,0.0133110847988111
"GALGAL_R11021.c123.linsi",357,0.0158543842849696
"GALGAL_R11022.c123.linsi",355,0.00680665106486372
"GALGAL_R11023.c123.linsi",356,0.0167339864133916
"GALGAL_R11024.c123.linsi",336,0.00915694069954798
"GALGAL_R11025.c123.linsi",152,0.0251219989100533
"GALGAL_R11026.c123.linsi",307,0.0100673248567704
"GALGAL_R11027.c123.linsi",304,0.00124033051049956
"GALGAL_R11028.c123.linsi",356,0.00413174459175117
"GALGAL_R11029.c123.linsi",359,0.0141935199832413
"GALGAL_R11030.c123.linsi",349,0.00299790510192325
"GALGAL_R11031.c123.linsi",358,0.0275268078344834
"GALGAL_R11032.c123.linsi",321,0.00172929643867832
"GALGAL_R11033.c123.linsi",345,0.00217964624290511
"GALGAL_R11034.c123.linsi",301,0.00509341179589733
"GALGAL_R11035.c123.linsi",273,0.02024279271063
"GALGAL_R11036.c123.linsi",7,0.0153199753451862
"GALGAL_R11037.c123.linsi",224,0.00210128027488649
"GALGAL_R11038.c123.linsi",356,0.0101164023189372
"GALGAL_R11039.c123.linsi",346,0.0190755563092329
"GALGAL_R11040.c123.linsi",341,0.00418863737538592
"GALGAL_R11041.c123.linsi",321,0.00246349935044847
"GALGAL_R11042.c123.linsi",361,0.00340613462912661
"GALGAL_R11043.c123.linsi",353,0.00426140743880563
"GALGAL_R11044.c123.linsi",358,0.0034361528158825
"GALGAL_R11045.c123.linsi",280,0.00289682075602835
"GALGAL_R11046.c123.linsi",361,0.00726474633061528
"GALGAL_R11047.c123.linsi",344,0.00088592838106456
"GALGAL_R11048.c123.linsi",351,0.00719572587217452
"GALGAL_R11049.c123.linsi",26,0.00419640625754822
"GALGAL_R11050.c123.linsi",348,0.00564505146193613
"GALGAL_R11051.c123.linsi",359,0.0119294093055896
"GALGAL_R11052.c123.linsi",354,0.0105424714261968
"GALGAL_R11053.c123.linsi",356,0.0209035637228403
"GALGAL_R11054.c123.linsi",341,0.0583368002281563
"GALGAL_R11055.c123.linsi",348,0.0075937234547377
"GALGAL_R11056.c123.linsi",7,0.0268866388490672
"GALGAL_R11057.c123.linsi",354,0.00888544954461973
"GALGAL_R11058.c123.linsi",220,0.00221740136642788
"GALGAL_R11059.c123.linsi",357,0.00173784294203479
"GALGAL_R11060.c123.linsi",356,0.00504362405395558
"GALGAL_R11061.c123.linsi",58,0.00674580149033162
"GALGAL_R11062.c123.linsi",290,0.00343178930915313
"GALGAL_R11063.c123.linsi",355,0.00354177447253608
"GALGAL_R11064.c123.linsi",347,0.00253150784790514
"GALGAL_R11065.c123.linsi",334,0.00671803154357258
"GALGAL_R11066.c123.linsi",268,0.0284960245225987
"GALGAL_R11067.c123.linsi",339,0.0421668652338515
"GALGAL_R11068.c123.linsi",353,0.0172571517230718
"GALGAL_R11069.c123.linsi",355,0.0288303725471816
"GALGAL_R11070.c123.linsi",357,0.00944726775734169
"GALGAL_R11071.c123.linsi",351,0.00174872508819985
"GALGAL_R11072.c123.linsi",20,0.00339162033504257
"GALGAL_R11073.c123.linsi",285,0.0688027355145071
"GALGAL_R11074.c123.linsi",220,0.0612737475281077
"GALGAL_R11075.c123.linsi",271,0.0111575142731748
"GALGAL_R11076.c123.linsi",351,0.0285122129436584
"GALGAL_R11077.c123.linsi",339,0.00927034070337429
"GALGAL_R11078.c123.linsi",345,0.00536043265462251
"GALGAL_R11079.c123.linsi",354,0.0118140563177042
"GALGAL_R11080.c123.linsi",11,0.00773946477865771
"GALGAL_R11081.c123.linsi",356,0.00501751190966034
"GALGAL_R11082.c123.linsi",362,0.00505450716238091
"GALGAL_R11083.c123.linsi",288,0.00449879434454872
"GALGAL_R11085.c123.linsi",356,0.00590082272185539
"GALGAL_R11086.c123.linsi",345,0.00614718479755221
"GALGAL_R11087.c123.linsi",9,0.0206643099128571
"GALGAL_R11088.c123.linsi",303,0.0175378127451297
"GALGAL_R11090.c123.linsi",87,0.015970568550507
"GALGAL_R11091.c123.linsi",344,0.00186359183975162
"GALGAL_R11092.c123.linsi",14,0.0143692084004863
"GALGAL_R11093.c123.linsi",310,0.0167360716420835
"GALGAL_R11094.c123.linsi",358,0.00921702834240345
"GALGAL_R11095.c123.linsi",325,0.00571706954684798
"GALGAL_R11096.c123.linsi",352,0.00686683460491076
"GALGAL_R11097.c123.linsi",22,0.0153310399773578
"GALGAL_R11098.c123.linsi",120,0.0074147853752918
"GALGAL_R11099.c123.linsi",7,0.00679156883581558
"GALGAL_R11100.c123.linsi",359,0.00518946374064058
"GALGAL_R11101.c123.linsi",16,0.0335957088864889
"GALGAL_R11102.c123.linsi",192,0.0156711853231571
"GALGAL_R11106.c123.linsi",207,0.00314420960069118
"GALGAL_R11107.c123.linsi",68,0.0104791667757378
"GALGAL_R11108.c123.linsi",326,0.00953558874599605
"GALGAL_R11109.c123.linsi",357,0.0203878585671117
"GALGAL_R11110.c123.linsi",343,0.0108627926797904
"GALGAL_R11111.c123.linsi",4,0.0114523490633676
"GALGAL_R11112.c123.linsi",357,0.0202197483455928
"GALGAL_R11113.c123.linsi",360,0.0189192305538072
"GALGAL_R11114.c123.linsi",351,0.0105279668494699
"GALGAL_R11115.c123.linsi",360,0.00187789539103828
"GALGAL_R11116.c123.linsi",358,0.00858154076766247
"GALGAL_R11117.c123.linsi",348,0.010964555843443
"GALGAL_R11118.c123.linsi",324,0.00950369358635781
"GALGAL_R11119.c123.linsi",362,0.00833111516881073
"GALGAL_R11120.c123.linsi",269,0.00909211307082611
"GALGAL_R11121.c123.linsi",334,0.0152485439597074
"GALGAL_R11122.c123.linsi",361,0.00785552543949767
"GALGAL_R11123.c123.linsi",358,0.00386576273125555
"GALGAL_R11124.c123.linsi",277,0.00273229128064363
"GALGAL_R11125.c123.linsi",360,0.0668613640156833
"GALGAL_R11126.c123.linsi",347,0.00446120646578328
"GALGAL_R11127.c123.linsi",347,0.00720546450263294
"GALGAL_R11128.c123.linsi",340,0.00559194160542045
"GALGAL_R11129.c123.linsi",354,0.00632643631530094
"GALGAL_R11130.c123.linsi",345,0.00600205523073182
"GALGAL_R11131.c123.linsi",320,0.0246027284886054
"GALGAL_R11132.c123.linsi",353,0.0189944223803007
"GALGAL_R11133.c123.linsi",344,0.0127784711364419
"GALGAL_R11134.c123.linsi",354,0.0182951327250138
"GALGAL_R11135.c123.linsi",343,0.0422052742012838
"GALGAL_R11136.c123.linsi",351,0.0125150833669325
"GALGAL_R11137.c123.linsi",331,0.0143076089890809
"GALGAL_R11138.c123.linsi",335,0.0156633364550022
"GALGAL_R11139.c123.linsi",21,0.0154580144400314
"GALGAL_R11140.c123.linsi",347,0.0213660003376131
"GALGAL_R11141.c123.linsi",314,0.0206900200943001
"GALGAL_R11142.c123.linsi",345,0.0126192845410667
"GALGAL_R11143.c123.linsi",321,0.00402409233590552
"GALGAL_R11144.c123.linsi",356,0.00233086294862807
"GALGAL_R11145.c123.linsi",351,0.00183789416842242
"GALGAL_R11146.c123.linsi",352,0.0100921600858761
"GALGAL_R11147.c123.linsi",356,0.001772871384042
"GALGAL_R11148.c123.linsi",351,0.0052166464507853
"GALGAL_R11149.c123.linsi",358,0.00941308603187508
"GALGAL_R11150.c123.linsi",328,0.00264734862432528
"GALGAL_R11151.c123.linsi",354,0.00339531885107776
"GALGAL_R11152.c123.linsi",335,0.00791179268358775
"GALGAL_R11153.c123.linsi",359,0.00962928928835779
"GALGAL_R11154.c123.linsi",357,0.00219758687138497
"GALGAL_R11155.c123.linsi",324,0.0100682562288493
"GALGAL_R11156.c123.linsi",344,0.0186697243554644
"GALGAL_R11157.c123.linsi",329,0.0025734132505834
"GALGAL_R11158.c123.linsi",360,0.0055396706296107
"GALGAL_R11159.c123.linsi",351,0.00856669745311336
"GALGAL_R11160.c123.linsi",218,0.00278436945905818
"GALGAL_R11161.c123.linsi",359,0.00533567418445643
"GALGAL_R11162.c123.linsi",355,0.00442544914519283
"GALGAL_R11163.c123.linsi",361,0.0542269667110565
"GALGAL_R11164.c123.linsi",360,0.003266220215532
"GALGAL_R11165.c123.linsi",317,0.00595853666329042
"GALGAL_R11166.c123.linsi",353,0.00179205357614945
"GALGAL_R11167.c123.linsi",338,0.00263364942705233
"GALGAL_R11168.c123.linsi",301,0.00397717338831804
"GALGAL_R11169.c123.linsi",360,0.0030810630111572
"GALGAL_R11170.c123.linsi",343,0.002464608130117
"GALGAL_R11171.c123.linsi",359,0.00422046628869598
"GALGAL_R11173.c123.linsi",360,0.00273535983019253
"GALGAL_R11174.c123.linsi",357,0.00332509350606962
"GALGAL_R11175.c123.linsi",357,0.00233925588196189
"GALGAL_R11176.c123.linsi",358,0.0019861603371053
"GALGAL_R11177.c123.linsi",356,0.0025791107799756
"GALGAL_R11178.c123.linsi",345,0.00494255162410643
"GALGAL_R11179.c123.linsi",360,0.019600250266896
"GALGAL_R11180.c123.linsi",356,0.00511376053319481
"GALGAL_R11181.c123.linsi",357,0.0010458686772916
"GALGAL_R11182.c123.linsi",350,0.00129805279538177
"GALGAL_R11183.c123.linsi",292,0.00265473567736546
"GALGAL_R11184.c123.linsi",359,0.00375678636789812
"GALGAL_R11185.c123.linsi",359,0.00702430036553261
"GALGAL_R11186.c123.linsi",360,0.00680905373901014
"GALGAL_R11187.c123.linsi",359,0.00986453240744267
"GALGAL_R11188.c123.linsi",359,0.00360961586129559
"GALGAL_R11189.c123.linsi",347,0.00751470457237171
"GALGAL_R11190.c123.linsi",362,0.00736122578122897
"GALGAL_R11191.c123.linsi",361,0.00540662369088717
"GALGAL_R11192.c123.linsi",294,0.01021788279626
"GALGAL_R11193.c123.linsi",333,0.00480489010054317
"GALGAL_R11194.c123.linsi",359,0.00145081528270311
"GALGAL_R11195.c123.linsi",356,0.00975822586392034
"GALGAL_R11196.c123.linsi",329,0.00211489529850149
"GALGAL_R11197.c123.linsi",323,0.000578885825220562
"GALGAL_R11198.c123.linsi",337,0.0030142134890925
"GALGAL_R11199.c123.linsi",237,0.0229572760905741
"GALGAL_R11200.c123.linsi",333,0.00225727465162699
"GALGAL_R11201.c123.linsi",291,0.00533645619770018
"GALGAL_R11202.c123.linsi",350,0.0105872099036612
"GALGAL_R11203.c123.linsi",353,0.0190873160659057
"GALGAL_R11204.c123.linsi",333,0.0163228260137899
"GALGAL_R11205.c123.linsi",358,0.00342131664715457
"GALGAL_R11206.c123.linsi",355,0.0115998511014194
"GALGAL_R11207.c123.linsi",352,0.00116919406438074
"GALGAL_R11208.c123.linsi",359,0.00405539942741957
"GALGAL_R11209.c123.linsi",357,0.0109006431147575
"GALGAL_R11210.c123.linsi",288,0.00154565491653476
"GALGAL_R11211.c123.linsi",346,0.0119719377448086
"GALGAL_R11212.c123.linsi",350,0.0136574523454008
"GALGAL_R11213.c123.linsi",359,0.0034575989632957
"GALGAL_R11214.c123.linsi",354,0.00150222922309036
"GALGAL_R11215.c123.linsi",243,0.0139809668719692
"GALGAL_R11216.c123.linsi",360,0.0105089094726855
"GALGAL_R11217.c123.linsi",352,0.00965263910519963
"GALGAL_R11218.c123.linsi",110,0.0153969846586394
"GALGAL_R11219.c123.linsi",360,0.00129151307849579
"GALGAL_R11220.c123.linsi",347,0.00431878802667869
"GALGAL_R11221.c123.linsi",351,0.00236099973651825
"GALGAL_R11222.c123.linsi",358,0.00114471003640118
"GALGAL_R11223.c123.linsi",356,0.00443223604579743
"GALGAL_R11224.c123.linsi",356,0.00377437152775226
"GALGAL_R11225.c123.linsi",319,0.00132159268135291
"GALGAL_R11226.c123.linsi",359,0.00378170753814805
"GALGAL_R11227.c123.linsi",355,0.00286470561083921
"GALGAL_R11228.c123.linsi",338,0.00320784994644223
"GALGAL_R11229.c123.linsi",348,0.0128071659576452
"GALGAL_R11230.c123.linsi",351,0.0046892910689096
"GALGAL_R11231.c123.linsi",341,0.00469455899232324
"GALGAL_R11232.c123.linsi",307,0.0237712353434162
"GALGAL_R11233.c123.linsi",356,0.01603799236469
"GALGAL_R11234.c123.linsi",330,0.0107126044694531
"GALGAL_R11235.c123.linsi",317,0.00696524125625267
"GALGAL_R11236.c123.linsi",356,0.0145183621304135
"GALGAL_R11237.c123.linsi",346,0.00886241708603568
"GALGAL_R11238.c123.linsi",315,0.0175003949918638
"GALGAL_R11239.c123.linsi",352,0.0126179149795608
"GALGAL_R11240.c123.linsi",316,0.014594527233571
"GALGAL_R11241.c123.linsi",352,0.0160302805473986
"GALGAL_R11242.c123.linsi",348,0.0422147658108358
"GALGAL_R11243.c123.linsi",316,0.01975747325221
"GALGAL_R11244.c123.linsi",339,0.0593667266212753
"GALGAL_R11245.c123.linsi",335,0.00692447766302669
"GALGAL_R11246.c123.linsi",336,0.0144909025475725
"GALGAL_R11247.c123.linsi",332,0.00906824964352637
"GALGAL_R11248.c123.linsi",353,0.00352944820584375
"GALGAL_R11249.c123.linsi",361,0.0426601628703727
"GALGAL_R11250.c123.linsi",355,0.00367950781022914
"GALGAL_R11251.c123.linsi",362,0.00555998949044262
"GALGAL_R11252.c123.linsi",351,0.00451547109368522
"GALGAL_R11253.c123.linsi",361,0.00747058803259348
"GALGAL_R11254.c123.linsi",337,0.00632667279204188
"GALGAL_R11255.c123.linsi",360,0.0468264681085145
"GALGAL_R11256.c123.linsi",348,0.0105100682244979
"GALGAL_R11257.c123.linsi",177,0.0140145553610655
"GALGAL_R11258.c123.linsi",320,0.0097505543567184
"GALGAL_R11259.c123.linsi",351,0.0104930171163457
"GALGAL_R11260.c123.linsi",359,0.00544999985551664
"GALGAL_R11263.c123.linsi",316,0.0057191636052271
"GALGAL_R11264.c123.linsi",345,0.0107543825975849
"GALGAL_R11265.c123.linsi",357,0.00558080365888712
"GALGAL_R11266.c123.linsi",303,0.00458465219451175
"GALGAL_R11267.c123.linsi",344,0.00420317735408836
"GALGAL_R11268.c123.linsi",322,0.0130617610157788
"GALGAL_R11269.c123.linsi",356,0.0110143691359406
"GALGAL_R11270.c123.linsi",356,0.00751680575279838
"GALGAL_R11271.c123.linsi",354,0.00202849313799237
"GALGAL_R11272.c123.linsi",353,0.004941675526708
"GALGAL_R11273.c123.linsi",356,0.00322590979034762
"GALGAL_R11274.c123.linsi",26,0.00107867469404853
"GALGAL_R11275.c123.linsi",353,0.0079781610218833
"GALGAL_R11276.c123.linsi",327,0.00121391795019612
"GALGAL_R11277.c123.linsi",348,0.00665134295706994
"GALGAL_R11278.c123.linsi",349,0.00433218244695939
"GALGAL_R11279.c123.linsi",343,0.0223280726598676
"GALGAL_R11280.c123.linsi",187,0.00617367379087101
"GALGAL_R11281.c123.linsi",6,0.0227115852577024
"GALGAL_R11282.c123.linsi",356,0.00606663229916438
"GALGAL_R11283.c123.linsi",359,0.00492749336143422
"GALGAL_R11284.c123.linsi",359,0.0119309599216507
"GALGAL_R11285.c123.linsi",355,0.0298078599233295
"GALGAL_R11286.c123.linsi",355,0.0304415941660552
"GALGAL_R11287.c123.linsi",301,0.0164145331243925
"GALGAL_R11288.c123.linsi",349,0.0072809659555267
"GALGAL_R11289.c123.linsi",336,0.0252009233137867
"GALGAL_R11290.c123.linsi",351,0.0181547934033593
"GALGAL_R11291.c123.linsi",348,0.0146266285272303
"GALGAL_R11292.c123.linsi",291,0.017192945634509
"GALGAL_R11293.c123.linsi",307,0.0217297198787417
"GALGAL_R11294.c123.linsi",332,0.0182991141084781
"GALGAL_R11295.c123.linsi",341,0.0564145930874962
"GALGAL_R11296.c123.linsi",351,0.027110507815859
"GALGAL_R11297.c123.linsi",348,0.040236348087589
"GALGAL_R11298.c123.linsi",341,0.00414536076480792
"GALGAL_R11299.c123.linsi",349,0.00414377502257265
"GALGAL_R11300.c123.linsi",346,0.022282296708698
"GALGAL_R11301.c123.linsi",330,0.0043850666521823
"GALGAL_R11302.c123.linsi",11,0.0183854016355708
"GALGAL_R11303.c123.linsi",357,0.0306919389076577
"GALGAL_R11304.c123.linsi",357,0.00698951604766856
"GALGAL_R11305.c123.linsi",356,0.0045543628185473
"GALGAL_R11306.c123.linsi",356,0.00666808458420494
"GALGAL_R11307.c123.linsi",360,0.01657012244937
"GALGAL_R11308.c123.linsi",253,0.0104656001751755
"GALGAL_R11309.c123.linsi",70,0.0525338152381227
"GALGAL_R11310.c123.linsi",354,0.00988721458423771
"GALGAL_R11311.c123.linsi",360,0.00933752922199944
"GALGAL_R11312.c123.linsi",148,0.00456366154426396
"GALGAL_R11313.c123.linsi",328,0.00792794139278362
"GALGAL_R11314.c123.linsi",325,0.00545682317950635
"GALGAL_R11315.c123.linsi",305,0.00337504239384098
"GALGAL_R11316.c123.linsi",91,0.00705886882640607
"GALGAL_R11317.c123.linsi",356,0.00491693920890321
"GALGAL_R11318.c123.linsi",212,0.0104276069480269
"GALGAL_R11319.c123.linsi",346,0.00812221277487814
"GALGAL_R11322.c123.linsi",327,0.0216767230502062
"GALGAL_R11323.c123.linsi",345,0.0382007772485512
"GALGAL_R11324.c123.linsi",276,0.0257132239938818
"GALGAL_R11325.c123.linsi",8,0.00498295036344153
"GALGAL_R11326.c123.linsi",312,0.015309300357706
"GALGAL_R11327.c123.linsi",352,0.00608170367666668
"GALGAL_R11328.c123.linsi",308,0.0119394267435008
"GALGAL_R11329.c123.linsi",306,0.0171175339457101
"GALGAL_R11330.c123.linsi",339,0.00660455945705669
"GALGAL_R11331.c123.linsi",326,0.00912938944488824
"GALGAL_R11332.c123.linsi",347,0.0118249198598023
"GALGAL_R11333.c123.linsi",154,0.016059067689202
"GALGAL_R11334.c123.linsi",9,0.0137498496121087
"GALGAL_R11335.c123.linsi",348,0.004242235413963
"GALGAL_R11336.c123.linsi",306,0.00311732174890276
"GALGAL_R11337.c123.linsi",351,0.016178371769475
"GALGAL_R11338.c123.linsi",353,0.0221192288073385
"GALGAL_R11339.c123.linsi",356,0.0112518080848849
"GALGAL_R11340.c123.linsi",343,0.0108266633600916
"GALGAL_R11341.c123.linsi",5,0.00714795730648537
"GALGAL_R11342.c123.linsi",358,0.0402294320524873
"GALGAL_R11343.c123.linsi",180,0.0212675125713179
"GALGAL_R11344.c123.linsi",220,0.00831777165594131
"GALGAL_R11345.c123.linsi",264,0.019849661664035
"GALGAL_R11346.c123.linsi",313,0.00837511011682382
"GALGAL_R11347.c123.linsi",326,0.0382008921403298
"GALGAL_R11348.c123.linsi",343,0.0127961937695003
"GALGAL_R11349.c123.linsi",221,0.0483082652030683
"GALGAL_R11350.c123.linsi",338,0.0127027665737333
"GALGAL_R11351.c123.linsi",162,0.0256139418273293
"GALGAL_R11352.c123.linsi",297,0.0226667046469584
"GALGAL_R11353.c123.linsi",359,0.0308698994657395
"GALGAL_R11355.c123.linsi",312,0.0373474594242779
"GALGAL_R11356.c123.linsi",360,0.00318766411715315
"GALGAL_R11357.c123.linsi",328,0.0147794427596184
"GALGAL_R11358.c123.linsi",339,0.0283489964042951
"GALGAL_R11359.c123.linsi",334,0.068014187162141
"GALGAL_R11360.c123.linsi",356,0.0156377775546896
"GALGAL_R11361.c123.linsi",341,0.00341676571784464
"GALGAL_R11362.c123.linsi",340,0.00317598059638687
"GALGAL_R11363.c123.linsi",360,0.0084281052593487
"GALGAL_R11364.c123.linsi",360,0.0146911220601296
"GALGAL_R11365.c123.linsi",357,0.00833471168398912
"GALGAL_R11366.c123.linsi",358,0.0123417862287059
"GALGAL_R11367.c123.linsi",348,0.0187723475297148
"GALGAL_R11368.c123.linsi",353,0.0110439728376588
"GALGAL_R11369.c123.linsi",352,0.0150561558834305
"GALGAL_R11370.c123.linsi",344,0.0170016612406685
"GALGAL_R11371.c123.linsi",357,0.00643838889448249
"GALGAL_R11372.c123.linsi",345,0.00810751604582722
"GALGAL_R11373.c123.linsi",360,0.0200669570844185
"GALGAL_R11374.c123.linsi",359,0.046421799356507
"GALGAL_R11375.c123.linsi",354,0.00890159845828953
"GALGAL_R11376.c123.linsi",267,0.0189191372564908
"GALGAL_R11377.c123.linsi",348,0.0141249633963879
"GALGAL_R11378.c123.linsi",355,0.0166143430705556
"GALGAL_R11379.c123.linsi",357,0.0080444870543229
"GALGAL_R11380.c123.linsi",331,0.00580148265263882
"GALGAL_R11381.c123.linsi",324,0.0191523067119783
"GALGAL_R11382.c123.linsi",243,0.0141224618454585
"GALGAL_R11383.c123.linsi",358,0.0324864235903866
"GALGAL_R11384.c123.linsi",304,0.0233469678362538
"GALGAL_R11385.c123.linsi",355,0.0260048636654027
"GALGAL_R11386.c123.linsi",351,0.0203538291063778
"GALGAL_R11387.c123.linsi",355,0.0212503021749251
"GALGAL_R11388.c123.linsi",358,0.0141544304855321
"GALGAL_R11389.c123.linsi",338,0.00821113726351359
"GALGAL_R11390.c123.linsi",309,0.00557970648360494
"GALGAL_R11391.c123.linsi",340,0.00483116180826672
"GALGAL_R11392.c123.linsi",352,0.00648003859873987
"GALGAL_R11393.c123.linsi",348,0.00339738354931266
"GALGAL_R11394.c123.linsi",351,0.00293379746830224
"GALGAL_R11395.c123.linsi",321,0.00525351088327314
"GALGAL_R11396.c123.linsi",347,0.00362346668262986
"GALGAL_R11397.c123.linsi",337,0.00322794010318044
"GALGAL_R11398.c123.linsi",346,0.00243543965370065
"GALGAL_R11399.c123.linsi",362,0.0505858156867439
"GALGAL_R11400.c123.linsi",343,0.0156063313838411
"GALGAL_R11401.c123.linsi",316,0.0065155457650505
"GALGAL_R11402.c123.linsi",353,0.0132813807828186
"GALGAL_R11403.c123.linsi",349,0.017613065121439
"GALGAL_R11404.c123.linsi",288,0.0312206285833838
"GALGAL_R11405.c123.linsi",358,0.0112943184968055
"GALGAL_R11406.c123.linsi",344,0.040612310329447
"GALGAL_R11407.c123.linsi",356,0.0221607574773979
"GALGAL_R11408.c123.linsi",235,0.00995980707070122
"GALGAL_R11409.c123.linsi",249,0.0113334182240563
"GALGAL_R11410.c123.linsi",355,0.00322499337824775
"GALGAL_R11411.c123.linsi",355,0.00776488124760343
"GALGAL_R11412.c123.linsi",360,0.00531949855414175
"GALGAL_R11413.c123.linsi",362,0.00516139697145699
"GALGAL_R11414.c123.linsi",361,0.0063457315872668
"GALGAL_R11415.c123.linsi",355,0.00675459139479144
"GALGAL_R11416.c123.linsi",358,0.00386400822063239
"GALGAL_R11417.c123.linsi",350,0.0093441131436115
"GALGAL_R11418.c123.linsi",351,0.00866853580298196
"GALGAL_R11419.c123.linsi",339,0.00885289610745917
"GALGAL_R11420.c123.linsi",290,0.00750126152297078
"GALGAL_R11421.c123.linsi",273,0.00436433110804145
"GALGAL_R11422.c123.linsi",358,0.0100622308455812
"GALGAL_R11423.c123.linsi",355,0.00722317645140871
"GALGAL_R11424.c123.linsi",360,0.0134065749081341
"GALGAL_R11425.c123.linsi",356,0.00557568510693728
"GALGAL_R11426.c123.linsi",361,0.00604403168279333
"GALGAL_R11427.c123.linsi",357,0.00599127593857041
"GALGAL_R11428.c123.linsi",317,0.0181609488828497
"GALGAL_R11429.c123.linsi",282,0.0154800621316454
"GALGAL_R11430.c123.linsi",238,0.0231318992221097
"GALGAL_R11431.c123.linsi",357,0.020969304112943
"GALGAL_R11432.c123.linsi",358,0.015365493527473
"GALGAL_R11433.c123.linsi",313,0.0188392478969841
"GALGAL_R11434.c123.linsi",358,0.0291107284640798
"GALGAL_R11435.c123.linsi",329,0.00103199978309538
"GALGAL_R11436.c123.linsi",356,0.00845159153354055
"GALGAL_R11437.c123.linsi",326,0.00842058018752236
"GALGAL_R11438.c123.linsi",356,0.00755984360525356
"GALGAL_R11439.c123.linsi",207,0.0123019253833952
"GALGAL_R11440.c123.linsi",254,0.00586531332272286
"GALGAL_R11441.c123.linsi",347,0.005404211518451
"GALGAL_R11442.c123.linsi",335,0.00223235509156037
"GALGAL_R11443.c123.linsi",250,0.0213245389758109
"GALGAL_R11444.c123.linsi",335,0.00347878086568554
"GALGAL_R11445.c123.linsi",362,0.010193180772062
"GALGAL_R11452.c123.linsi",351,0.008682226049571
"GALGAL_R11453.c123.linsi",355,0.00671548548109788
"GALGAL_R11454.c123.linsi",312,0.0109609412983482
"GALGAL_R11455.c123.linsi",83,0.0295605973522334
"GALGAL_R11456.c123.linsi",344,0.0200139678646669
"GALGAL_R11457.c123.linsi",286,0.0128318136778112
"GALGAL_R11458.c123.linsi",208,0.0107773099257101
"GALGAL_R11459.c123.linsi",317,0.0107799174952835
"GALGAL_R11460.c123.linsi",6,0.00916856750902832
"GALGAL_R11461.c123.linsi",40,0.057538187599152
"GALGAL_R11462.c123.linsi",7,0.0204611396169763
"GALGAL_R11463.c123.linsi",318,0.00762174477084466
"GALGAL_R11464.c123.linsi",339,0.0110278920865811
"GALGAL_R11465.c123.linsi",326,0.00222532615126256
"GALGAL_R11466.c123.linsi",183,0.00712638561357563
"GALGAL_R11467.c123.linsi",360,0.00691947415864427
"GALGAL_R11468.c123.linsi",84,0.0142449984545165
"GALGAL_R11469.c123.linsi",350,0.0267211115272455
"GALGAL_R11470.c123.linsi",14,0.0069001933941323
"GALGAL_R11471.c123.linsi",341,0.0355893924779574
"GALGAL_R11472.c123.linsi",347,0.0271985285603908
"GALGAL_R11473.c123.linsi",358,0.0131365591227941
"GALGAL_R11474.c123.linsi",335,0.00718947554078879
"GALGAL_R11475.c123.linsi",345,0.0180656848797776
"GALGAL_R11476.c123.linsi",4,0.00667856292119219
"GALGAL_R11477.c123.linsi",319,0.017230173250286
"GALGAL_R11478.c123.linsi",353,0.0194151581855055
"GALGAL_R11479.c123.linsi",149,0.0197073130227468
"GALGAL_R11480.c123.linsi",7,0.138714841338058
"GALGAL_R11481.c123.linsi",270,0.0087556359795439
"GALGAL_R11482.c123.linsi",325,0.00675827037612894
"GALGAL_R11483.c123.linsi",331,0.0065023523433964
"GALGAL_R11484.c123.linsi",10,0.0342793331605428
"GALGAL_R11485.c123.linsi",217,0.0331539089787216
"GALGAL_R11486.c123.linsi",333,0.00732270478934742
"GALGAL_R11487.c123.linsi",356,0.0426309113974179
"GALGAL_R11488.c123.linsi",343,0.00975654405981331
"GALGAL_R11489.c123.linsi",346,0.00766532090264005
"GALGAL_R11490.c123.linsi",221,0.014451809280914
"GALGAL_R11491.c123.linsi",331,0.0838963291469545
"GALGAL_R11492.c123.linsi",327,0.0614464435782812
"GALGAL_R11493.c123.linsi",334,0.0460932286090275
"GALGAL_R11494.c123.linsi",354,0.0557654629126972
"GALGAL_R11495.c123.linsi",352,0.0109375399795116
"GALGAL_R11496.c123.linsi",85,0.0371421921688331
"GALGAL_R11497.c123.linsi",278,0.030567841902106
"GALGAL_R11498.c123.linsi",5,0.0433607953845455
"GALGAL_R11499.c123.linsi",329,0.0272595876822181
"GALGAL_R11500.c123.linsi",347,0.0224475704573026
"GALGAL_R11501.c123.linsi",314,0.00619795352416871
"GALGAL_R11502.c123.linsi",9,0.0146051595610722
"GALGAL_R11503.c123.linsi",330,0.00161826592350764
"GALGAL_R11504.c123.linsi",339,0.0187984029197792
"GALGAL_R11505.c123.linsi",323,0.00852523911075204
"GALGAL_R11507.c123.linsi",353,0.00964777761068904
"GALGAL_R11508.c123.linsi",350,0.012143056685283
"GALGAL_R11509.c123.linsi",11,0.0165866840990084
"GALGAL_R11510.c123.linsi",323,0.00457825700937402
"GALGAL_R11511.c123.linsi",339,0.0138275241363548
"GALGAL_R11514.c123.linsi",341,0.0121968660713788
"GALGAL_R11515.c123.linsi",200,0.0168220403070212
"GALGAL_R11516.c123.linsi",361,0.0505752136510931
"GALGAL_R11517.c123.linsi",356,0.0360635530629552
"GALGAL_R11518.c123.linsi",246,0.044017560217509
"GALGAL_R11519.c123.linsi",339,0.00997019797921464
"GALGAL_R11520.c123.linsi",342,0.00675224593453697
"GALGAL_R11521.c123.linsi",356,0.0126317522422083
"GALGAL_R11522.c123.linsi",357,0.0072728623102984
"GALGAL_R11523.c123.linsi",306,0.0235968571045745
"GALGAL_R11524.c123.linsi",328,0.0174854135843878
"GALGAL_R11525.c123.linsi",315,0.0256904220922679
"GALGAL_R11526.c123.linsi",332,0.0169110368337048
"GALGAL_R11527.c123.linsi",262,0.00243254440462087
"GALGAL_R11528.c123.linsi",353,0.0090925389553227
"GALGAL_R11529.c123.linsi",358,0.0320202603071517
"GALGAL_R11530.c123.linsi",348,0.0318723844004714
"GALGAL_R11531.c123.linsi",355,0.0557439631070149
"GALGAL_R11532.c123.linsi",359,0.0214826233203492
"GALGAL_R11533.c123.linsi",348,0.0254257800822053
"GALGAL_R11534.c123.linsi",290,0.0850067006143
"GALGAL_R11535.c123.linsi",9,0.0231289225445873
"GALGAL_R11536.c123.linsi",337,0.0203235309652016
"GALGAL_R11537.c123.linsi",343,0.0106119067482748
"GALGAL_R11538.c123.linsi",339,0.0156283204510856
"GALGAL_R11539.c123.linsi",318,0.0282922534008393
"GALGAL_R11540.c123.linsi",359,0.00495036893291153
"GALGAL_R11541.c123.linsi",353,0.0436225436497922
"GALGAL_R11542.c123.linsi",339,0.00997673987756237
"GALGAL_R11543.c123.linsi",346,0.01271961560342
"GALGAL_R11544.c123.linsi",234,0.00816836457828038
"GALGAL_R11545.c123.linsi",224,0.0236003376532999
"GALGAL_R11546.c123.linsi",335,0.00595353259321403
"GALGAL_R11547.c123.linsi",326,0.0140129163917254
"GALGAL_R11548.c123.linsi",329,0.0183019387745804
"GALGAL_R11549.c123.linsi",358,0.0232406053143447
"GALGAL_R11550.c123.linsi",276,0.0110059041119179
"GALGAL_R11551.c123.linsi",5,0.0298374742252731
"GALGAL_R11552.c123.linsi",354,0.0394858967819159
"GALGAL_R11553.c123.linsi",334,0.00919694021560967
"GALGAL_R11554.c123.linsi",244,0.0154675457230371
"GALGAL_R11555.c123.linsi",357,0.0240621838410301
"GALGAL_R11556.c123.linsi",349,0.0148460309142751
"GALGAL_R11557.c123.linsi",352,0.0102170212239943
"GALGAL_R11558.c123.linsi",358,0.0156376872702458
"GALGAL_R11559.c123.linsi",354,0.0121178895469601
"GALGAL_R11565.c123.linsi",358,0.00662133575558063
"GALGAL_R11566.c123.linsi",316,0.0110430228061179
"GALGAL_R11567.c123.linsi",198,0.0120174037551261
"GALGAL_R11568.c123.linsi",342,0.00776783101426988
"GALGAL_R11569.c123.linsi",344,0.0215049753386215
"GALGAL_R11570.c123.linsi",5,0.00642401464441974
"GALGAL_R11571.c123.linsi",329,0.02320968481271
"GALGAL_R11572.c123.linsi",331,0.0296683104926681
"GALGAL_R11573.c123.linsi",354,0.011682779195002
"GALGAL_R11574.c123.linsi",354,0.00577888922281703
"GALGAL_R11575.c123.linsi",355,0.00759805300368682
"GALGAL_R11576.c123.linsi",321,0.00841062988983192
"GALGAL_R11577.c123.linsi",354,0.0086047790957702
"GALGAL_R11578.c123.linsi",348,0.0128815752752106
"GALGAL_R11579.c123.linsi",244,0.0159350446979113
"GALGAL_R11580.c123.linsi",337,0.0353496278744571
"GALGAL_R11581.c123.linsi",293,0.0166383273458605
"GALGAL_R11582.c123.linsi",5,0.032033387865768
"GALGAL_R11584.c123.linsi",296,0.0169653164976399
"GALGAL_R11585.c123.linsi",332,0.0125056768576992
"GALGAL_R11586.c123.linsi",348,0.0266665729512942
"GALGAL_R11587.c123.linsi",327,0.00739163964554379
"GALGAL_R11588.c123.linsi",342,0.00702930992582544
"GALGAL_R11589.c123.linsi",294,0.0365957822848661
"GALGAL_R11590.c123.linsi",341,0.0103174530478489
"GALGAL_R11591.c123.linsi",10,0.0118783026854626
"GALGAL_R11592.c123.linsi",343,0.0140122531010427
"GALGAL_R11593.c123.linsi",328,0.0127179448545999
"GALGAL_R11594.c123.linsi",356,0.0298002158324677
"GALGAL_R11595.c123.linsi",73,0.0241719979324854
"GALGAL_R11596.c123.linsi",180,0.0376380680927814
"GALGAL_R11597.c123.linsi",355,0.0306908380315603
"GALGAL_R11598.c123.linsi",270,0.0170524110285353
"GALGAL_R11599.c123.linsi",283,0.00522149197031541
"GALGAL_R11600.c123.linsi",276,0.00932474378910201
"GALGAL_R11601.c123.linsi",107,0.032145367070389
"GALGAL_R11602.c123.linsi",37,0.00915670741329256
"GALGAL_R11603.c123.linsi",316,0.0105001667297409
"GALGAL_R11604.c123.linsi",331,0.0134145856609401
"GALGAL_R11606.c123.linsi",331,0.00714899396865191
"GALGAL_R11607.c123.linsi",11,0.0116133938807901
"GALGAL_R11608.c123.linsi",272,0.0655908893580367
"GALGAL_R11609.c123.linsi",356,0.0208450611587447
"GALGAL_R11610.c123.linsi",19,0.00557278278564263
"GALGAL_R11611.c123.linsi",312,0.0336491729917573
"GALGAL_R11612.c123.linsi",107,0.0251782755064237
"GALGAL_R11613.c123.linsi",346,0.0294519880301073
"GALGAL_R11614.c123.linsi",328,0.0708028525841362
"GALGAL_R11615.c123.linsi",39,0.00994681716932326
"GALGAL_R11616.c123.linsi",313,0.0551861177877652
"GALGAL_R11617.c123.linsi",329,0.0496486419194749
"GALGAL_R11618.c123.linsi",318,0.00873140384481253
"GALGAL_R11619.c123.linsi",338,0.014060326581712
"GALGAL_R11620.c123.linsi",308,0.0406028906919895
"GALGAL_R11621.c123.linsi",351,0.0287648725985257
"GALGAL_R11622.c123.linsi",347,0.0125905077699527
"GALGAL_R11623.c123.linsi",328,0.0177697122229273
"GALGAL_R11624.c123.linsi",336,0.0107480195570504
"GALGAL_R11625.c123.linsi",355,0.0316393995032688
"GALGAL_R11626.c123.linsi",328,0.0242854581941791
"GALGAL_R11627.c123.linsi",348,0.134947204705907
"GALGAL_R11628.c123.linsi",361,0.0205205656938447
"GALGAL_R11629.c123.linsi",205,0.0160869339602467
"GALGAL_R11630.c123.linsi",261,0.0193404137333739
"GALGAL_R11631.c123.linsi",347,0.0124117139499136
"GALGAL_R11632.c123.linsi",333,0.00730073573346026
"GALGAL_R11633.c123.linsi",352,0.00566812965743067
"GALGAL_R11634.c123.linsi",344,0.0268078442157013
"GALGAL_R11635.c123.linsi",344,0.00998699604352916
"GALGAL_R11636.c123.linsi",358,0.00602015737706299
"GALGAL_R11637.c123.linsi",354,0.00758938777786386
"GALGAL_R11638.c123.linsi",353,0.0128277491686946
"GALGAL_R11639.c123.linsi",294,0.00580305465473673
"GALGAL_R11640.c123.linsi",318,0.0175047972171196
"GALGAL_R11641.c123.linsi",317,0.0542990914215095
"GALGAL_R11642.c123.linsi",293,0.0116508083186769
"GALGAL_R11643.c123.linsi",328,0.0519789403119494
"GALGAL_R11644.c123.linsi",311,0.0228696857320002
"GALGAL_R11645.c123.linsi",345,0.0235783221345995
"GALGAL_R11658.c123.linsi",58,0.0894055862110593
"GALGAL_R11659.c123.linsi",332,0.0205724368678431
"GALGAL_R11660.c123.linsi",350,0.0201717254941849
"GALGAL_R11661.c123.linsi",292,0.0295530779052656
"GALGAL_R11662.c123.linsi",179,0.0304361539998911
"GALGAL_R11663.c123.linsi",332,0.0712092514092877
"GALGAL_R11664.c123.linsi",266,0.0211807297729172
"GALGAL_R11665.c123.linsi",142,0.0732938169373781
"GALGAL_R11666.c123.linsi",224,0.0540105595877018
"GALGAL_R11667.c123.linsi",266,0.011070624369682
"GALGAL_R11668.c123.linsi",351,0.0215227257961028
"GALGAL_R11669.c123.linsi",342,0.0199089788765924
"GALGAL_R11670.c123.linsi",353,0.00856828724871457
"GALGAL_R11671.c123.linsi",286,0.00492811148578162
"GALGAL_R11672.c123.linsi",223,0.037489741832483
"GALGAL_R11673.c123.linsi",264,0.0167189875716822
"GALGAL_R11680.c123.linsi",113,0.0155255290359777
"GALGAL_R11681.c123.linsi",153,0.026067605646644
"GALGAL_R11682.c123.linsi",30,0.0255071290860121
"GALGAL_R11683.c123.linsi",55,0.0264042796454899
"GALGAL_R11684.c123.linsi",4,0.0039502434963817
"GALGAL_R11686.c123.linsi",5,0.0023449470383984
"GALGAL_R11704.c123.linsi",292,0.0459359910871353
"GALGAL_R11708.c123.linsi",315,0.0635453516967755
"GALGAL_R11714.c123.linsi",311,0.0121117106866509
"GALGAL_R11715.c123.linsi",239,0.00554174205628716
"GALGAL_R11716.c123.linsi",325,0.0174740924398763
"GALGAL_R11717.c123.linsi",163,0.00822179405558273
"GALGAL_R11718.c123.linsi",333,0.0256067871566408
"GALGAL_R11719.c123.linsi",7,0.0224946144613597
"GALGAL_R11720.c123.linsi",56,0.0118923596690575
"GALGAL_R11721.c123.linsi",177,0.00808949133755217
"GALGAL_R11722.c123.linsi",11,0.0323288309496489
"GALGAL_R11723.c123.linsi",271,0.00611715988127835
"GALGAL_R11724.c123.linsi",255,0.0088324309188059
"GALGAL_R11735.c123.linsi",139,0.132654252970498
"GALGAL_R11738.c123.linsi",357,0.0200800826432925
"GALGAL_R11739.c123.linsi",282,0.00732350559395722
"GALGAL_R11740.c123.linsi",283,0.0422255868655603
"GALGAL_R11745.c123.linsi",4,0.00733956724011918
"GALGAL_R11746.c123.linsi",43,0.0201654160238205
"GALGAL_R11748.c123.linsi",40,0.0112271063166178
"GALGAL_R11755.c123.linsi",7,0.0355196372804997
"GALGAL_R11756.c123.linsi",93,0.0430061923678004
"GALGAL_R11757.c123.linsi",16,0.0174290798767227
"GALGAL_R11764.c123.linsi",5,0.0877037096215241
"GALGAL_R11765.c123.linsi",169,0.0121063155332681
"GALGAL_R11769.c123.linsi",61,0.0200501596091826
"GALGAL_R11770.c123.linsi",17,0.0301393806254841
"GALGAL_R11774.c123.linsi",158,0.0349248749989841
"GALGAL_R11775.c123.linsi",74,0.0260112932022775
"GALGAL_R11776.c123.linsi",280,0.0686143896137759
"GALGAL_R11780.c123.linsi",98,0.0448925082101153
"GALGAL_R11781.c123.linsi",96,0.0204892719826917
"GALGAL_R11783.c123.linsi",337,0.0666177593527779
"GALGAL_R11784.c123.linsi",212,0.0145940146539513
"GALGAL_R11787.c123.linsi",344,0.0208498998604833
"GALGAL_R11789.c123.linsi",106,0.0264932902140274
"GALGAL_R11790.c123.linsi",5,0.0124935203967492
"GALGAL_R11793.c123.linsi",93,0.0203532975887287
"GALGAL_R11798.c123.linsi",8,0.0123519400591002
"GALGAL_R11799.c123.linsi",8,0.0664479810002297
"GALGAL_R11807.c123.linsi",60,0.0303856299886461
"GALGAL_R11810.c123.linsi",214,0.0607167539929006
"GALGAL_R11816.c123.linsi",6,0.114439914737613
"GALGAL_R11818.c123.linsi",275,0.0145291585924104
"GALGAL_R11822.c123.linsi",6,0.0555615743443809
"GALGAL_R11823.c123.linsi",269,0.00490416539586685
"GALGAL_R11829.c123.linsi",170,0.0207932218111504
"GALGAL_R11830.c123.linsi",354,0.0172639197420491
"GALGAL_R11832.c123.linsi",202,0.0176247055158733
"GALGAL_R11833.c123.linsi",72,0.026111738042072
"GALGAL_R11837.c123.linsi",95,0.0105112716398356
"GALGAL_R11838.c123.linsi",304,0.0235057716208456
"GALGAL_R11840.c123.linsi",93,0.0131662597873581
"GALGAL_R11841.c123.linsi",350,0.00574802784498451
"GALGAL_R11842.c123.linsi",6,0.0120401769884699
"GALGAL_R11845.c123.linsi",8,0.014216113563523
"GALGAL_R11846.c123.linsi",6,0.0561597892025259
"GALGAL_R11847.c123.linsi",166,0.0308439846848862
"GALGAL_R11848.c123.linsi",324,0.0250854221205211
"GALGAL_R11849.c123.linsi",16,0.0229979926416413
"GALGAL_R11851.c123.linsi",12,0.0154265308822031
"GALGAL_R11853.c123.linsi",175,0.00932181341546743
"GALGAL_R11854.c123.linsi",278,0.0186234969125725
"GALGAL_R11855.c123.linsi",264,0.0240640413103424
"GALGAL_R11856.c123.linsi",192,0.0389326642099813
"GALGAL_R11857.c123.linsi",351,0.00294876274160017
"GALGAL_R11859.c123.linsi",203,0.0131623714805717
"GALGAL_R11860.c123.linsi",258,0.0159080342084628
"GALGAL_R11861.c123.linsi",68,0.0173736613776564
"GALGAL_R11863.c123.linsi",353,0.0229836384569527
"GALGAL_R11864.c123.linsi",345,0.0504213075878244
"GALGAL_R11865.c123.linsi",309,0.062049837129098
"GALGAL_R11866.c123.linsi",284,0.0184031297338463
"GALGAL_R11867.c123.linsi",143,0.0151267713358016
"GALGAL_R11868.c123.linsi",351,0.00406739812702251
"GALGAL_R11869.c123.linsi",358,0.0154128219171103
"GALGAL_R11870.c123.linsi",110,0.0142011142958532
"GALGAL_R11871.c123.linsi",346,0.0207975593421835
"GALGAL_R11872.c123.linsi",348,0.00214998942626679
"GALGAL_R11873.c123.linsi",354,0.0109184997826355
"GALGAL_R11874.c123.linsi",273,0.00304259281701986
"GALGAL_R11875.c123.linsi",341,0.0107531351273301
"GALGAL_R11876.c123.linsi",335,0.00211007274073814
"GALGAL_R11877.c123.linsi",279,0.0162702711807486
"GALGAL_R11878.c123.linsi",342,0.00309903791987987
"GALGAL_R11879.c123.linsi",332,0.00949964565157737
"GALGAL_R11880.c123.linsi",357,0.00205888244638482
"GALGAL_R11881.c123.linsi",350,0.0103350389669343
"GALGAL_R11882.c123.linsi",360,0.00225051858823412
"GALGAL_R11883.c123.linsi",322,0.00172236045951406
"GALGAL_R11884.c123.linsi",352,0.00469305032756473
"GALGAL_R11885.c123.linsi",343,0.00233916885660014
"GALGAL_R11886.c123.linsi",361,0.0084930721828512
"GALGAL_R11887.c123.linsi",356,0.00539933660059097
"GALGAL_R11888.c123.linsi",343,0.0035709524707223
"GALGAL_R11889.c123.linsi",345,0.0110749769625228
"GALGAL_R11890.c123.linsi",264,0.000930005566934933
"GALGAL_R11891.c123.linsi",344,0.0611920028577857
"GALGAL_R11892.c123.linsi",257,0.00266967602648146
"GALGAL_R11893.c123.linsi",298,0.00474522174335925
"GALGAL_R11894.c123.linsi",330,0.00509575549270794
"GALGAL_R11895.c123.linsi",316,0.00444526425893428
"GALGAL_R11896.c123.linsi",361,0.0210077229694885
"GALGAL_R11897.c123.linsi",325,0.0107459626104231
"GALGAL_R11898.c123.linsi",61,0.0109798482987222
"GALGAL_R11899.c123.linsi",118,0.015712323029086
"GALGAL_R11900.c123.linsi",337,0.00697315608667927
"GALGAL_R11901.c123.linsi",158,0.00164283415322802
"GALGAL_R11902.c123.linsi",321,0.00339534862632562
"GALGAL_R11903.c123.linsi",220,0.00222986526934508
"GALGAL_R11904.c123.linsi",328,0.00451295186432789
"GALGAL_R11905.c123.linsi",310,0.00498913476734124
"GALGAL_R11906.c123.linsi",288,0.0141151651098375
"GALGAL_R11907.c123.linsi",330,0.00111501962010001
"GALGAL_R11908.c123.linsi",353,0.0255729667213297
"GALGAL_R11909.c123.linsi",354,0.00204062501084921
"GALGAL_R11911.c123.linsi",353,0.00852346492625769
"GALGAL_R11912.c123.linsi",359,0.00463829240650737
"GALGAL_R11913.c123.linsi",81,0.00668633077875742
"GALGAL_R11914.c123.linsi",318,0.00154377022752911
"GALGAL_R11915.c123.linsi",310,0.00323582810514357
"GALGAL_R11916.c123.linsi",312,0.00396705712340564
"GALGAL_R11932.c123.linsi",338,0.00260868600152582
"GALGAL_R11933.c123.linsi",305,0.00400619344039977
"GALGAL_R11934.c123.linsi",339,0.00740166501096571
"GALGAL_R11935.c123.linsi",362,0.00751603195721837
"GALGAL_R11936.c123.linsi",336,0.00468087086813496
"GALGAL_R11937.c123.linsi",157,0.00116419881504658
"GALGAL_R11938.c123.linsi",324,0.00182474486873668
"GALGAL_R11939.c123.linsi",291,0.00279780128635708
"GALGAL_R11940.c123.linsi",303,0.00637206632653296
"GALGAL_R11941.c123.linsi",354,0.00276099260683715
"GALGAL_R11942.c123.linsi",353,0.00313498143425093
"GALGAL_R11943.c123.linsi",305,0.0120142037094436
"GALGAL_R11944.c123.linsi",329,0.00290422884293842
"GALGAL_R11945.c123.linsi",352,0.00921821671378996
"GALGAL_R11946.c123.linsi",357,0.00321139076722884
"GALGAL_R11947.c123.linsi",334,0.00409347321277665
"GALGAL_R11948.c123.linsi",54,0.011491648077676
"GALGAL_R11949.c123.linsi",333,0.00831946284406567
"GALGAL_R11950.c123.linsi",320,0.0144821702907343
"GALGAL_R11951.c123.linsi",359,0.0156249215823614
"GALGAL_R11952.c123.linsi",324,0.00594976390863524
"GALGAL_R11953.c123.linsi",356,0.00544241379565078
"GALGAL_R11954.c123.linsi",328,0.0055786448648185
"GALGAL_R11955.c123.linsi",224,0.0106991121181931
"GALGAL_R11956.c123.linsi",345,0.00303067995919887
"GALGAL_R11957.c123.linsi",314,0.00333302005758311
"GALGAL_R11958.c123.linsi",237,0.00175086530201212
"GALGAL_R11961.c123.linsi",330,0.00319668097063947
"GALGAL_R11962.c123.linsi",335,0.00289837183619956
"GALGAL_R11963.c123.linsi",346,0.0445775192180659
"GALGAL_R11964.c123.linsi",335,0.0195337602342846
"GALGAL_R11965.c123.linsi",293,0.0029011375828813
"GALGAL_R11966.c123.linsi",338,0.00362302475024847
"GALGAL_R11967.c123.linsi",337,0.00942256289167902
"GALGAL_R11968.c123.linsi",295,0.00512689639606187
"GALGAL_R11969.c123.linsi",5,0.00609055630860388
"GALGAL_R11970.c123.linsi",359,0.00621861093923292
"GALGAL_R11971.c123.linsi",30,0.00423836825038175
"GALGAL_R11972.c123.linsi",20,0.00881579417901607
"GALGAL_R11973.c123.linsi",342,0.069502312668781
"GALGAL_R11974.c123.linsi",348,0.00298110394362013
"GALGAL_R11975.c123.linsi",7,0.0172250334251339
"GALGAL_R11976.c123.linsi",316,0.0114251345575636
"GALGAL_R11977.c123.linsi",316,0.00813908176507364
"GALGAL_R11978.c123.linsi",355,0.00634886911823688
"GALGAL_R11979.c123.linsi",204,0.00456963165371326
"GALGAL_R11980.c123.linsi",333,0.00132573651701712
"GALGAL_R11981.c123.linsi",347,0.0106289203242094
"GALGAL_R11982.c123.linsi",351,0.0977593445161395
"GALGAL_R11983.c123.linsi",184,0.00424056922078936
"GALGAL_R11984.c123.linsi",12,0.00756930799232396
"GALGAL_R11985.c123.linsi",354,0.00685798425035724
"GALGAL_R11986.c123.linsi",273,0.00551379087115543
"GALGAL_R11987.c123.linsi",340,0.00679625112728988
"GALGAL_R11988.c123.linsi",335,0.00191313783435286
"GALGAL_R11989.c123.linsi",341,0.00150131831232162
"GALGAL_R11990.c123.linsi",180,0.0037750767738218
"GALGAL_R11991.c123.linsi",334,0.00266494392233281
"GALGAL_R11992.c123.linsi",361,0.00726824542373465
"GALGAL_R11993.c123.linsi",360,0.00385696030361582
"GALGAL_R11994.c123.linsi",338,0.00286954805195293
"GALGAL_R11997.c123.linsi",358,0.00306717884896877
"GALGAL_R11998.c123.linsi",344,0.00445915862324956
"GALGAL_R11999.c123.linsi",329,0.00197182322386779
"GALGAL_R12000.c123.linsi",321,0.00697837652150258
"GALGAL_R12001.c123.linsi",311,0.00592869531936565
"GALGAL_R12003.c123.linsi",283,0.018647885147203
"GALGAL_R12004.c123.linsi",318,0.00229163144194038
"GALGAL_R12005.c123.linsi",359,0.00608416172954591
"GALGAL_R12006.c123.linsi",348,0.00578519640396366
"GALGAL_R12007.c123.linsi",344,0.00590570138716309
"GALGAL_R12008.c123.linsi",299,0.00396067717344006
"GALGAL_R12009.c123.linsi",311,0.00778410110761616
"GALGAL_R12010.c123.linsi",246,0.00554899544115161
"GALGAL_R12011.c123.linsi",340,0.00367046903914596
"GALGAL_R12012.c123.linsi",350,0.00833550439796976
"GALGAL_R12013.c123.linsi",352,0.00481059551558424
"GALGAL_R12014.c123.linsi",355,0.00437380754609243
"GALGAL_R12015.c123.linsi",349,0.0027957816815852
"GALGAL_R12016.c123.linsi",354,0.0440443615169424
"GALGAL_R12017.c123.linsi",304,0.00192046459323571
"GALGAL_R12018.c123.linsi",188,0.00294142794421107
"GALGAL_R12019.c123.linsi",354,0.00137106027526735
"GALGAL_R12020.c123.linsi",358,0.037394014907902
"GALGAL_R12021.c123.linsi",290,0.00658386589092837
"GALGAL_R12022.c123.linsi",357,0.0236377268660054
"GALGAL_R12023.c123.linsi",32,0.00364091376433693
"GALGAL_R12024.c123.linsi",360,0.002477212163664
"GALGAL_R12025.c123.linsi",357,0.00244422303733121
"GALGAL_R12026.c123.linsi",356,0.0122165756711419
"GALGAL_R12027.c123.linsi",351,0.0024753348951701
"GALGAL_R12028.c123.linsi",321,0.0121534752129735
"GALGAL_R12029.c123.linsi",331,0.0209357872284928
"GALGAL_R12030.c123.linsi",358,0.0177389161124836
"GALGAL_R12031.c123.linsi",314,0.0117173898951086
"GALGAL_R12032.c123.linsi",361,0.0393272914362219
"GALGAL_R12033.c123.linsi",359,0.00653575707111851
"GALGAL_R12034.c123.linsi",345,0.00478221815067839
"GALGAL_R12035.c123.linsi",358,0.00688892758987744
"GALGAL_R12036.c123.linsi",347,0.0057567200494988
"GALGAL_R12037.c123.linsi",9,0.012650002194713
"GALGAL_R12038.c123.linsi",332,0.00403035750296299
"GALGAL_R12039.c123.linsi",352,0.00306563917708018
"GALGAL_R12040.c123.linsi",348,0.00254430863393713
"GALGAL_R12041.c123.linsi",324,0.0157358051384423
"GALGAL_R12042.c123.linsi",359,0.00345726328236805
"GALGAL_R12043.c123.linsi",324,0.00254334308674816
"GALGAL_R12044.c123.linsi",360,0.0156222954142035
"GALGAL_R12045.c123.linsi",341,0.0322821049339681
"GALGAL_R12046.c123.linsi",308,0.00178356509538875
"GALGAL_R12047.c123.linsi",343,0.00804474604394086
"GALGAL_R12048.c123.linsi",349,0.0062369317232091
"GALGAL_R12049.c123.linsi",357,0.0127493658987629
"GALGAL_R12050.c123.linsi",355,0.0064356591633257
"GALGAL_R12051.c123.linsi",352,0.0528058399135534
"GALGAL_R12052.c123.linsi",347,0.00459817608766479
"GALGAL_R12053.c123.linsi",278,0.0184525710458261
"GALGAL_R12054.c123.linsi",353,0.00349757158004346
"GALGAL_R12055.c123.linsi",316,0.00222621969156803
"GALGAL_R12056.c123.linsi",318,0.00315761342953968
"GALGAL_R12057.c123.linsi",363,0.00270132186603376
"GALGAL_R12058.c123.linsi",362,0.0119394187352148
"GALGAL_R12059.c123.linsi",290,0.00232798397342984
"GALGAL_R12060.c123.linsi",355,0.00225887130349821
"GALGAL_R12061.c123.linsi",354,0.0141528059625727
"GALGAL_R12062.c123.linsi",8,0.0172538849917474
"GALGAL_R12063.c123.linsi",359,0.00913981267583245
"GALGAL_R12064.c123.linsi",343,0.00278204781250269
"GALGAL_R12065.c123.linsi",298,0.00436643443596154
"GALGAL_R12066.c123.linsi",268,0.00122144747440061
"GALGAL_R12067.c123.linsi",359,0.0021045013155063
"GALGAL_R12068.c123.linsi",124,0.000288770581829965
"GALGAL_R12069.c123.linsi",309,0.0035944869562826
"GALGAL_R12070.c123.linsi",344,0.00632689394810298
"GALGAL_R12071.c123.linsi",323,0.00832452063367066
"GALGAL_R12072.c123.linsi",327,0.0188728971693875
"GALGAL_R12073.c123.linsi",317,0.023972469163731
"GALGAL_R12074.c123.linsi",288,0.00837742602908115
"GALGAL_R12075.c123.linsi",348,0.0059443556639499
"GALGAL_R12076.c123.linsi",344,0.00604103529406685
"GALGAL_R12077.c123.linsi",356,0.00929302474417851
"GALGAL_R12078.c123.linsi",340,0.00322409212107395
"GALGAL_R12079.c123.linsi",339,0.00390227636369306
"GALGAL_R12080.c123.linsi",296,0.0074239336432256
"GALGAL_R12081.c123.linsi",331,0.00308741710012628
"GALGAL_R12082.c123.linsi",358,0.00815167904307973
"GALGAL_R12083.c123.linsi",355,0.0030266028941215
"GALGAL_R12084.c123.linsi",361,0.00373092785159845
"GALGAL_R12085.c123.linsi",310,0.00954185960531703
"GALGAL_R12086.c123.linsi",269,0.0341312050535303
"GALGAL_R12087.c123.linsi",342,0.0132460278315786
"GALGAL_R12089.c123.linsi",352,0.00516257371216089
"GALGAL_R12090.c123.linsi",337,0.00961539046349
"GALGAL_R12091.c123.linsi",111,0.0123331037415527
"GALGAL_R12092.c123.linsi",228,0.014333919144873
"GALGAL_R12093.c123.linsi",159,0.0138305431052563
"GALGAL_R12094.c123.linsi",13,0.0176101320088107
"GALGAL_R12095.c123.linsi",362,0.0110415447494976
"GALGAL_R12096.c123.linsi",334,0.00586482258331727
"GALGAL_R12097.c123.linsi",340,0.00369741669550221
"GALGAL_R12098.c123.linsi",361,0.0183121524986605
"GALGAL_R12099.c123.linsi",6,0.010139956639589
"GALGAL_R12100.c123.linsi",360,0.00723874496689224
"GALGAL_R12101.c123.linsi",352,0.00195629461397913
"GALGAL_R12102.c123.linsi",350,0.00586864191178176
"GALGAL_R12103.c123.linsi",296,0.00338744305526187
"GALGAL_R12104.c123.linsi",12,0.0232793037727033
"GALGAL_R12105.c123.linsi",361,0.00910041903571628
"GALGAL_R12106.c123.linsi",69,0.0306797403554021
"GALGAL_R12107.c123.linsi",352,0.02308349007882
"GALGAL_R12108.c123.linsi",6,0.0107632743786746
"GALGAL_R12110.c123.linsi",313,0.0044777737698082
"GALGAL_R12111.c123.linsi",307,0.0263470367956262
"GALGAL_R12112.c123.linsi",352,0.00772499827332738
"GALGAL_R12113.c123.linsi",337,0.00282403533183188
"GALGAL_R12114.c123.linsi",327,0.00539981111723727
"GALGAL_R12115.c123.linsi",350,0.00726709573921891
"GALGAL_R12116.c123.linsi",320,0.00417160562551739
"GALGAL_R12117.c123.linsi",357,0.00401827764161843
"GALGAL_R12118.c123.linsi",233,0.0100148352749826
"GALGAL_R12120.c123.linsi",128,0.0040271038383088
"GALGAL_R12121.c123.linsi",349,0.00293030128413868
"GALGAL_R12122.c123.linsi",325,0.00362364278950013
"GALGAL_R12123.c123.linsi",276,0.021496070287601
"GALGAL_R12124.c123.linsi",305,0.00453162347485165
"GALGAL_R12125.c123.linsi",355,0.00489337187919834
"GALGAL_R12126.c123.linsi",7,0.0244148344715719
"GALGAL_R12127.c123.linsi",301,0.00887718734385058
"GALGAL_R12131.c123.linsi",306,0.0114622549759919
"GALGAL_R12132.c123.linsi",342,0.00468877353550984
"GALGAL_R12133.c123.linsi",95,0.0116362800224625
"GALGAL_R12134.c123.linsi",189,0.000938072902390227
"GALGAL_R12135.c123.linsi",344,0.0242096236019448
"GALGAL_R12136.c123.linsi",72,0.0666203263898843
"GALGAL_R12137.c123.linsi",356,0.0108452496179436
"GALGAL_R12139.c123.linsi",354,0.00339605232220969
"GALGAL_R12140.c123.linsi",4,0.0278579914602776
"GALGAL_R12143.c123.linsi",299,0.0103310987443121
"GALGAL_R12146.c123.linsi",319,0.00246785166857784
"GALGAL_R12147.c123.linsi",85,0.004829732485084
"GALGAL_R12148.c123.linsi",362,0.00578048498063325
"GALGAL_R12149.c123.linsi",265,0.0103504570133666
"GALGAL_R12150.c123.linsi",332,0.0138893347236501
"GALGAL_R12151.c123.linsi",250,0.00753151052824052
"GALGAL_R12155.c123.linsi",13,0.00660423585722735
"GALGAL_R12156.c123.linsi",357,0.0366105983620325
"GALGAL_R12157.c123.linsi",301,0.00275866667252878
"GALGAL_R12158.c123.linsi",306,0.00788061521153546
"GALGAL_R12159.c123.linsi",362,0.00590814538213946
"GALGAL_R12164.c123.linsi",352,0.0104761061217177
"GALGAL_R12165.c123.linsi",361,0.0058770574059969
"GALGAL_R12166.c123.linsi",155,0.00743148375480514
"GALGAL_R12168.c123.linsi",251,0.0067214106013074
"GALGAL_R12169.c123.linsi",8,0.0239113072894347
"GALGAL_R12170.c123.linsi",11,0.0510198352828318
"GALGAL_R12171.c123.linsi",231,0.02730282131935
"GALGAL_R12172.c123.linsi",353,0.0268877607252846
"GALGAL_R12173.c123.linsi",351,0.00366498324347488
"GALGAL_R12175.c123.linsi",355,0.0208908802322403
"GALGAL_R12177.c123.linsi",353,0.0479421964742314
"GALGAL_R12178.c123.linsi",275,0.00984204068198234
"GALGAL_R12180.c123.linsi",131,0.0134945035937274
"GALGAL_R12181.c123.linsi",351,0.0173214366248395
"GALGAL_R12182.c123.linsi",331,0.0132164880040925
"GALGAL_R12183.c123.linsi",322,0.00110629473397442
"GALGAL_R12184.c123.linsi",247,0.0101679478156436
"GALGAL_R12185.c123.linsi",323,0.00480563664973776
"GALGAL_R12186.c123.linsi",345,0.00666339270688382
"GALGAL_R12187.c123.linsi",263,0.00736406189012024
"GALGAL_R12188.c123.linsi",6,0.00622713425333255
"GALGAL_R12189.c123.linsi",8,0.0112054671158679
"GALGAL_R12190.c123.linsi",353,0.0125130684527318
"GALGAL_R12191.c123.linsi",348,0.00540066584265044
"GALGAL_R12192.c123.linsi",244,0.000612545421853382
"GALGAL_R12195.c123.linsi",346,0.00544131280384477
"GALGAL_R12196.c123.linsi",310,0.0165866703535428
"GALGAL_R12197.c123.linsi",263,0.0187931050892857
"GALGAL_R12198.c123.linsi",287,0.0409796194729566
"GALGAL_R12199.c123.linsi",349,0.00452474690646803
"GALGAL_R12200.c123.linsi",349,0.0105414755239513
"GALGAL_R12201.c123.linsi",337,0.0749373917602489
"GALGAL_R12202.c123.linsi",346,0.016339658546767
"GALGAL_R12203.c123.linsi",352,0.00978285999212579
"GALGAL_R12204.c123.linsi",348,0.0172971015842748
"GALGAL_R12205.c123.linsi",342,0.00735793698903029
"GALGAL_R12206.c123.linsi",344,0.00776414994757955
"GALGAL_R12207.c123.linsi",352,0.0146758923289272
"GALGAL_R12208.c123.linsi",343,0.0141045059741681
"GALGAL_R12209.c123.linsi",356,0.00293243766972179
"GALGAL_R12210.c123.linsi",8,0.0275490457307179
"GALGAL_R12211.c123.linsi",350,0.00415327664436599
"GALGAL_R12212.c123.linsi",342,0.0110150903772534
"GALGAL_R12213.c123.linsi",348,0.00350780376955854
"GALGAL_R12214.c123.linsi",358,0.0165534367139981
"GALGAL_R12215.c123.linsi",219,0.0393209393281861
"GALGAL_R12216.c123.linsi",358,0.00546998745109549
"GALGAL_R12217.c123.linsi",318,0.018451450808459
"GALGAL_R12218.c123.linsi",323,0.0155833247942689
"GALGAL_R12219.c123.linsi",361,0.00709420166805369
"GALGAL_R12220.c123.linsi",197,0.00125436219873877
"GALGAL_R12221.c123.linsi",347,0.00624369814810272
"GALGAL_R12222.c123.linsi",352,0.00298665939660338
"GALGAL_R12223.c123.linsi",342,0.00234364817063263
"GALGAL_R12224.c123.linsi",352,0.00848707749212215
"GALGAL_R12225.c123.linsi",26,0.00565600308940754
"GALGAL_R12226.c123.linsi",346,0.0017329515550841
"GALGAL_R12227.c123.linsi",333,0.00229963439917394
"GALGAL_R12228.c123.linsi",352,0.00352446211024669
"GALGAL_R12229.c123.linsi",339,0.00655302250051797
"GALGAL_R12230.c123.linsi",279,0.0136091095102357
"GALGAL_R12231.c123.linsi",302,0.00395901652900004
"GALGAL_R12232.c123.linsi",347,0.00263976877181532
"GALGAL_R12233.c123.linsi",354,0.00758123412602094
"GALGAL_R12234.c123.linsi",293,0.0049629805747073
"GALGAL_R12235.c123.linsi",283,0.0059701825660178
"GALGAL_R12236.c123.linsi",333,0.00940134801614898
"GALGAL_R12237.c123.linsi",329,0.00519854927343443
"GALGAL_R12238.c123.linsi",348,0.00738517220228178
"GALGAL_R12239.c123.linsi",306,0.00608616486888075
"GALGAL_R12240.c123.linsi",306,0.00389365666412047
"GALGAL_R12241.c123.linsi",276,0.00114250239301738
"GALGAL_R12242.c123.linsi",319,0.00279890033407263
"GALGAL_R12243.c123.linsi",338,0.00338287051725696
"GALGAL_R12244.c123.linsi",321,0.00663792870254985
"GALGAL_R12245.c123.linsi",357,0.00865970236498483
"GALGAL_R12246.c123.linsi",358,0.014005490837483
"GALGAL_R12247.c123.linsi",362,0.00897209347582285
"GALGAL_R12248.c123.linsi",346,0.00139070239991512
"GALGAL_R12249.c123.linsi",360,0.0127557647883101
"GALGAL_R12250.c123.linsi",307,0.00626492100659084
"GALGAL_R12251.c123.linsi",335,0.00816734084253971
"GALGAL_R12252.c123.linsi",355,0.0295638833346536
"GALGAL_R12253.c123.linsi",355,0.0078358042679664
"GALGAL_R12254.c123.linsi",357,0.00708532931107474
"GALGAL_R12255.c123.linsi",326,0.00904745728498057
"GALGAL_R12256.c123.linsi",270,0.0166713789286198
"GALGAL_R12257.c123.linsi",351,0.00279825556154338
"GALGAL_R12258.c123.linsi",360,0.0393418680674397
"GALGAL_R12259.c123.linsi",358,0.0038918430138686
"GALGAL_R12260.c123.linsi",272,0.00717497730423746
"GALGAL_R12261.c123.linsi",361,0.00320169726601522
"GALGAL_R12262.c123.linsi",355,0.00231514082911086
"GALGAL_R12263.c123.linsi",336,0.00298384526369955
"GALGAL_R12264.c123.linsi",319,0.00224356733409704
"GALGAL_R12265.c123.linsi",221,0.00295786102784999
"GALGAL_R12266.c123.linsi",337,0.00290697891842067
"GALGAL_R12267.c123.linsi",322,0.00172630129831685
"GALGAL_R12268.c123.linsi",355,0.005194851317589
"GALGAL_R12269.c123.linsi",352,0.00165257723280365
"GALGAL_R12270.c123.linsi",347,0.0053875171839769
"GALGAL_R12271.c123.linsi",360,0.00130496407886605
"GALGAL_R12272.c123.linsi",273,0.00483420017514807
"GALGAL_R12273.c123.linsi",264,0.00416314570238453
"GALGAL_R12274.c123.linsi",333,0.00152022797610463
"GALGAL_R12275.c123.linsi",79,0.00359808897882996
"GALGAL_R12276.c123.linsi",288,0.00984997682923242
"GALGAL_R12277.c123.linsi",298,0.00239627461473922
"GALGAL_R12278.c123.linsi",353,0.00505416143384478
"GALGAL_R12279.c123.linsi",7,0.010224640535632
"GALGAL_R12280.c123.linsi",7,0.000711714411832504
"GALGAL_R12281.c123.linsi",343,0.113229296798826
"GALGAL_R12282.c123.linsi",352,0.00521380748105942
"GALGAL_R12283.c123.linsi",350,0.00535843001172674
"GALGAL_R12284.c123.linsi",127,0.023733425907296
"GALGAL_R12285.c123.linsi",362,0.00191414419796881
"GALGAL_R12286.c123.linsi",356,0.00353896955637231
"GALGAL_R12287.c123.linsi",353,0.00132271526427118
"GALGAL_R12288.c123.linsi",265,0.0103662816393015
"GALGAL_R12289.c123.linsi",350,0.00539619319171798
"GALGAL_R12290.c123.linsi",350,0.00203471854196008
"GALGAL_R12291.c123.linsi",343,0.00155610928308484
"GALGAL_R12292.c123.linsi",283,0.00193717972848601
"GALGAL_R12293.c123.linsi",263,0.00236821451570973
"GALGAL_R12294.c123.linsi",338,0.00663459071171557
"GALGAL_R12295.c123.linsi",358,0.00864397525054753
"GALGAL_R12296.c123.linsi",352,0.00349473068498097
"GALGAL_R12297.c123.linsi",158,0.0377104106016296
"GALGAL_R12298.c123.linsi",341,0.0122094473901572
"GALGAL_R12299.c123.linsi",346,0.00392564098844968
"GALGAL_R12300.c123.linsi",335,0.00420619623816179
"GALGAL_R12301.c123.linsi",345,0.0023118392784878
"GALGAL_R12302.c123.linsi",309,0.00289332579337928
"GALGAL_R12303.c123.linsi",333,0.00149055957655933
"GALGAL_R12304.c123.linsi",356,0.00640324834632349
"GALGAL_R12305.c123.linsi",301,0.0138059799735684
"GALGAL_R12309.c123.linsi",344,0.0059224262003131
"GALGAL_R12310.c123.linsi",279,0.00324341510069768
"GALGAL_R12311.c123.linsi",360,0.00874874111030497
"GALGAL_R12312.c123.linsi",334,0.00425688524461589
"GALGAL_R12313.c123.linsi",325,0.00183033374243248
"GALGAL_R12314.c123.linsi",328,0.0193738193841942
"GALGAL_R12315.c123.linsi",302,0.00261910074451395
"GALGAL_R12316.c123.linsi",348,0.000956735454023076
"GALGAL_R12317.c123.linsi",351,0.00599608603807183
"GALGAL_R12318.c123.linsi",259,0.00233167821033
"GALGAL_R12319.c123.linsi",345,0.00621617769680706
"GALGAL_R12320.c123.linsi",256,0.0192188920426767
"GALGAL_R12321.c123.linsi",349,0.00904853713822194
"GALGAL_R12322.c123.linsi",336,0.00801477939065932
"GALGAL_R12323.c123.linsi",356,0.0125571190059004
"GALGAL_R12324.c123.linsi",351,0.0120680736855603
"GALGAL_R12325.c123.linsi",349,0.00469767433399783
"GALGAL_R12326.c123.linsi",335,0.0288239737494108
"GALGAL_R12327.c123.linsi",328,0.00779179128322405
"GALGAL_R12328.c123.linsi",279,0.00350530358740764
"GALGAL_R12329.c123.linsi",203,0.0088715116877668
"GALGAL_R12330.c123.linsi",334,0.00531228528532008
"GALGAL_R12331.c123.linsi",47,0.0104434726088407
"GALGAL_R12332.c123.linsi",344,0.00318206088126832
"GALGAL_R12333.c123.linsi",345,0.00192169528061533
"GALGAL_R12334.c123.linsi",362,0.00408654796458358
"GALGAL_R12335.c123.linsi",357,0.00507346585865236
"GALGAL_R12336.c123.linsi",350,0.00658790472004312
"GALGAL_R12337.c123.linsi",329,0.0198638029894491
"GALGAL_R12338.c123.linsi",240,0.00428916076272251
"GALGAL_R12339.c123.linsi",354,0.0305679068665349
"GALGAL_R12340.c123.linsi",334,0.00304430651911429
"GALGAL_R12341.c123.linsi",354,0.0131579020776769
"GALGAL_R12342.c123.linsi",289,0.00392736379083363
"GALGAL_R12343.c123.linsi",325,0.00344202084238455
"GALGAL_R12344.c123.linsi",336,0.002969837113249
"GALGAL_R12345.c123.linsi",349,0.00214981062742504
"GALGAL_R12346.c123.linsi",355,0.00670998572324895
"GALGAL_R12347.c123.linsi",317,0.00299904955106966
"GALGAL_R12348.c123.linsi",341,0.00261426032721815
"GALGAL_R12349.c123.linsi",318,0.01995151978457
"GALGAL_R12350.c123.linsi",340,0.0103407365363394
"GALGAL_R12351.c123.linsi",361,0.0195669672573122
"GALGAL_R12352.c123.linsi",356,0.00352507832312055
"GALGAL_R12353.c123.linsi",333,0.0029881993216091
"GALGAL_R12354.c123.linsi",340,0.00477778987000568
"GALGAL_R12355.c123.linsi",357,0.013037543913404
"GALGAL_R12356.c123.linsi",361,0.00305346629980708
"GALGAL_R12357.c123.linsi",343,0.00412278676968989
"GALGAL_R12358.c123.linsi",351,0.00335180619670802
"GALGAL_R12359.c123.linsi",354,0.00231239414814505
"GALGAL_R12360.c123.linsi",357,0.00692938032646826
"GALGAL_R12361.c123.linsi",357,0.0121142737363851
"GALGAL_R12362.c123.linsi",340,0.00760016589861294
"GALGAL_R12363.c123.linsi",327,0.0185915672713638
"GALGAL_R12364.c123.linsi",5,0.00323964183164602
"GALGAL_R12365.c123.linsi",179,0.0195822733710234
"GALGAL_R12366.c123.linsi",340,0.0173109216285696
"GALGAL_R12367.c123.linsi",331,0.00660302902868337
"GALGAL_R12368.c123.linsi",343,0.00817455217296168
"GALGAL_R12369.c123.linsi",342,0.0105940898854223
"GALGAL_R12370.c123.linsi",351,0.00368467861333957
"GALGAL_R12371.c123.linsi",356,0.0056686720519238
"GALGAL_R12372.c123.linsi",289,0.000886414450492118
"GALGAL_R12373.c123.linsi",359,0.00581458305547307
"GALGAL_R12374.c123.linsi",344,0.00150280749197652
"GALGAL_R12375.c123.linsi",298,0.00381904988144286
"GALGAL_R12376.c123.linsi",327,0.00740987253508902
"GALGAL_R12377.c123.linsi",351,0.0103957043311223
"GALGAL_R12378.c123.linsi",320,0.00784840766785835
"GALGAL_R12379.c123.linsi",326,0.00270868232279819
"GALGAL_R12380.c123.linsi",336,0.00650677387319751
"GALGAL_R12381.c123.linsi",361,0.00569879011180818
"GALGAL_R12382.c123.linsi",334,0.00425480030816355
"GALGAL_R12383.c123.linsi",358,0.00375850428920297
"GALGAL_R12384.c123.linsi",260,0.000872152554746579
"GALGAL_R12385.c123.linsi",356,0.00644766073633365
"GALGAL_R12386.c123.linsi",358,0.00202567824015835
"GALGAL_R12387.c123.linsi",362,0.00664862196820696
"GALGAL_R12388.c123.linsi",358,0.00567510147246028
"GALGAL_R12389.c123.linsi",240,0.0183128194631058
"GALGAL_R12390.c123.linsi",323,0.00513495743196267
"GALGAL_R12391.c123.linsi",173,0.000539683110146107
"GALGAL_R12392.c123.linsi",331,0.00626086101686945
"GALGAL_R12393.c123.linsi",306,0.0147255075128003
"GALGAL_R12394.c123.linsi",144,0.00791643764620588
"GALGAL_R12395.c123.linsi",358,0.00311263887650213
"GALGAL_R12396.c123.linsi",288,0.00309743290378037
"GALGAL_R12397.c123.linsi",345,0.00520317585661854
"GALGAL_R12398.c123.linsi",362,0.0380006289418888
"GALGAL_R12399.c123.linsi",321,0.00745409405552565
"GALGAL_R12400.c123.linsi",339,0.0134563314192413
"GALGAL_R12401.c123.linsi",361,0.0360033735139776
"GALGAL_R12402.c123.linsi",336,0.00305614321857122
"GALGAL_R12403.c123.linsi",169,0.0107574355586407
"GALGAL_R12404.c123.linsi",352,0.00362181983384273
"GALGAL_R12405.c123.linsi",282,0.00146143436609473
"GALGAL_R12406.c123.linsi",362,0.00591043891028762
"GALGAL_R12407.c123.linsi",357,0.00383411173154308
"GALGAL_R12408.c123.linsi",360,0.00739695479222423
"GALGAL_R12409.c123.linsi",361,0.00871400292706813
"GALGAL_R12410.c123.linsi",360,0.0131583477125265
"GALGAL_R12411.c123.linsi",358,0.00598523576868638
"GALGAL_R12412.c123.linsi",317,0.00350430203288686
"GALGAL_R12413.c123.linsi",346,0.00269783107235963
"GALGAL_R12414.c123.linsi",347,0.00293309069616461
"GALGAL_R12415.c123.linsi",345,0.00435783491805231
"GALGAL_R12416.c123.linsi",358,0.00687493520396721
"GALGAL_R12417.c123.linsi",356,0.00673556748936758
"GALGAL_R12418.c123.linsi",345,0.0289981027736081
"GALGAL_R12419.c123.linsi",355,0.00745823048260929
"GALGAL_R12420.c123.linsi",344,0.0169713670217691
"GALGAL_R12421.c123.linsi",253,0.0129216669639487
"GALGAL_R12422.c123.linsi",318,0.00787116423022997
"GALGAL_R12423.c123.linsi",355,0.00679022711668285
"GALGAL_R12424.c123.linsi",291,0.00374345756531339
"GALGAL_R12425.c123.linsi",352,0.002284163489444
"GALGAL_R12426.c123.linsi",340,0.0063451854175097
"GALGAL_R12427.c123.linsi",362,0.00653988502087446
"GALGAL_R12428.c123.linsi",361,0.0075065831781555
"GALGAL_R12429.c123.linsi",338,0.00609553606567186
"GALGAL_R12430.c123.linsi",344,0.00785846839881384
"GALGAL_R12431.c123.linsi",342,0.0225644635132502
"GALGAL_R12432.c123.linsi",359,0.0043949263052268
"GALGAL_R12433.c123.linsi",362,0.00146323902533452
"GALGAL_R12434.c123.linsi",310,0.0013877984816458
"GALGAL_R12435.c123.linsi",311,0.000834990542848031
"GALGAL_R12436.c123.linsi",313,0.00143175767785511
"GALGAL_R12437.c123.linsi",346,0.00606615021784364
"GALGAL_R12438.c123.linsi",335,0.00297280376644632
"GALGAL_R12439.c123.linsi",357,0.00817347719668793
"GALGAL_R12440.c123.linsi",343,0.00939134848827193
"GALGAL_R12441.c123.linsi",360,0.0044206069858752
"GALGAL_R12442.c123.linsi",340,0.00361013156030668
"GALGAL_R12443.c123.linsi",361,0.0103273733481214
"GALGAL_R12444.c123.linsi",361,0.01050937685865
"GALGAL_R12445.c123.linsi",362,0.000931858103310037
"GALGAL_R12446.c123.linsi",342,0.00460169022755073
"GALGAL_R12447.c123.linsi",313,0.00526621441657369
"GALGAL_R12448.c123.linsi",359,0.00381816534575356
"GALGAL_R12449.c123.linsi",331,0.00279379389619972
"GALGAL_R12450.c123.linsi",350,0.0221882227288563
"GALGAL_R12451.c123.linsi",318,0.00190571816707353
"GALGAL_R12452.c123.linsi",347,0.00860902422218606
"GALGAL_R12453.c123.linsi",343,0.00913789327885917
"GALGAL_R12454.c123.linsi",350,0.00367225333852247
"GALGAL_R12455.c123.linsi",348,0.00627060152353729
"GALGAL_R12456.c123.linsi",290,0.00598918366986083
"GALGAL_R12457.c123.linsi",352,0.0133945505817141
"GALGAL_R12458.c123.linsi",342,0.00935323046131657
"GALGAL_R12459.c123.linsi",347,0.00808422020713469
"GALGAL_R12460.c123.linsi",357,0.00523837057712294
"GALGAL_R12461.c123.linsi",346,0.00481535337876671
"GALGAL_R12462.c123.linsi",361,0.0166094205675116
"GALGAL_R12463.c123.linsi",331,0.00209058527717666
"GALGAL_R12464.c123.linsi",327,0.00293735111986007
"GALGAL_R12465.c123.linsi",351,0.0143053582134893
"GALGAL_R12466.c123.linsi",360,0.0102551726998763
"GALGAL_R12467.c123.linsi",361,0.00424952758715689
"GALGAL_R12468.c123.linsi",357,0.0035635733311519
"GALGAL_R12469.c123.linsi",361,0.00627237330308323
"GALGAL_R12470.c123.linsi",341,0.00293020661397299
"GALGAL_R12471.c123.linsi",352,0.00487725472633589
"GALGAL_R12472.c123.linsi",288,0.0021234327684681
"GALGAL_R12473.c123.linsi",346,0.00529605828897528
"GALGAL_R12474.c123.linsi",332,0.0210238307049616
"GALGAL_R12475.c123.linsi",347,0.0109801788411994
"GALGAL_R12476.c123.linsi",323,0.0023034201211752
"GALGAL_R12477.c123.linsi",329,0.0119610411919324
"GALGAL_R12478.c123.linsi",359,0.00244503755974344
"GALGAL_R12479.c123.linsi",363,0.00401740204792787
"GALGAL_R12480.c123.linsi",339,0.00276758960960425
"GALGAL_R12481.c123.linsi",358,0.00217817509701884
"GALGAL_R12482.c123.linsi",344,0.00308789690343105
"GALGAL_R12483.c123.linsi",359,0.00469967046915999
"GALGAL_R12484.c123.linsi",362,0.008300980944859
"GALGAL_R12485.c123.linsi",356,0.0100107825228323
"GALGAL_R12486.c123.linsi",362,0.00671852248422251
"GALGAL_R12487.c123.linsi",342,0.0119464451783452
"GALGAL_R12488.c123.linsi",250,0.0231455155398578
"GALGAL_R12489.c123.linsi",330,0.0132188249336918
"GALGAL_R12490.c123.linsi",353,0.0123279247453733
"GALGAL_R12491.c123.linsi",353,0.0069987023877547
"GALGAL_R12492.c123.linsi",338,0.00432913695509852
"GALGAL_R12493.c123.linsi",362,0.00177261449895239
"GALGAL_R12494.c123.linsi",361,0.00237262620991379
"GALGAL_R12495.c123.linsi",353,0.00323885628093407
"GALGAL_R12496.c123.linsi",357,0.0103930694889136
"GALGAL_R12497.c123.linsi",345,0.00356191289807787
"GALGAL_R12498.c123.linsi",347,0.00280036339609242
"GALGAL_R12499.c123.linsi",286,0.000627027987160642
"GALGAL_R12500.c123.linsi",359,0.00145093647002446
"GALGAL_R12503.c123.linsi",362,0.00542428445825333
"GALGAL_R12504.c123.linsi",357,0.0122298429926554
"GALGAL_R12505.c123.linsi",241,0.0037893920082636
"GALGAL_R12506.c123.linsi",360,0.00888618239998789
"GALGAL_R12507.c123.linsi",360,0.00725799594232352
"GALGAL_R12508.c123.linsi",360,0.00134038287257606
"GALGAL_R12509.c123.linsi",361,0.00861235598227667
"GALGAL_R12510.c123.linsi",313,0.000890623401807183
"GALGAL_R12511.c123.linsi",352,0.00143682416046971
"GALGAL_R12512.c123.linsi",354,0.00745038135504174
"GALGAL_R12513.c123.linsi",354,0.00222493378824332
"GALGAL_R12514.c123.linsi",363,0.00281579141561723
"GALGAL_R12515.c123.linsi",357,0.00315565021018774
"GALGAL_R12516.c123.linsi",226,0.000943420069334666
"GALGAL_R12517.c123.linsi",341,0.0110713199295827
"GALGAL_R12518.c123.linsi",293,0.0087769102569501
"GALGAL_R12519.c123.linsi",273,0.00685522591739349
"GALGAL_R12520.c123.linsi",266,0.00384559459197432
"GALGAL_R12521.c123.linsi",362,0.00939467032699332
"GALGAL_R12522.c123.linsi",342,0.00693893076655966
"GALGAL_R12523.c123.linsi",281,0.00658729025391812
"GALGAL_R12524.c123.linsi",359,0.0102425090816877
"GALGAL_R12525.c123.linsi",356,0.0154663051269084
"GALGAL_R12526.c123.linsi",353,0.0231331808856255
"GALGAL_R12527.c123.linsi",310,0.0186602881295898
"GALGAL_R12528.c123.linsi",353,0.00413120195091443
"GALGAL_R12529.c123.linsi",26,0.0243414959041088
"GALGAL_R12530.c123.linsi",354,0.0032994742981122
"GALGAL_R12531.c123.linsi",352,0.0113979176266033
"GALGAL_R12532.c123.linsi",358,0.00783681336033179
"GALGAL_R12533.c123.linsi",355,0.0121144342143008
"GALGAL_R12534.c123.linsi",354,0.00483394185059536
"GALGAL_R12535.c123.linsi",216,0.00607432096388428
"GALGAL_R12536.c123.linsi",356,0.0294705554097659
"GALGAL_R12537.c123.linsi",342,0.00482973939340426
"GALGAL_R12538.c123.linsi",357,0.0127853454544236
"GALGAL_R12539.c123.linsi",344,0.00423238096828767
"GALGAL_R12540.c123.linsi",314,0.0108537893319152
"GALGAL_R12541.c123.linsi",348,0.00724574125397448
"GALGAL_R12542.c123.linsi",176,0.00298411050966392
"GALGAL_R12543.c123.linsi",360,0.0176299841033762
"GALGAL_R12544.c123.linsi",201,0.00652418443701731
"GALGAL_R12545.c123.linsi",346,0.0050903095658106
"GALGAL_R12546.c123.linsi",302,0.0434981881788913
"GALGAL_R12547.c123.linsi",172,0.00518501075261632
"GALGAL_R12548.c123.linsi",350,0.00104614668723172
"GALGAL_R12549.c123.linsi",355,0.0048557347844084
"GALGAL_R12550.c123.linsi",236,0.0180439375251886
"GALGAL_R12551.c123.linsi",45,0.00637517233982564
"GALGAL_R12552.c123.linsi",68,0.0160438147287643
"GALGAL_R12553.c123.linsi",347,0.00740496633638524
"GALGAL_R12555.c123.linsi",350,0.00340329029282944
"GALGAL_R12556.c123.linsi",163,0.00987919943299199
"GALGAL_R12557.c123.linsi",312,0.00658358695658627
"GALGAL_R12558.c123.linsi",362,0.00381307805387223
"GALGAL_R12559.c123.linsi",357,0.0028388770342266
"GALGAL_R12560.c123.linsi",357,0.0105276491560492
"GALGAL_R12561.c123.linsi",351,0.00689943967435852
"GALGAL_R12562.c123.linsi",345,0.00420262143054582
"GALGAL_R12563.c123.linsi",350,0.0232661142188602
"GALGAL_R12564.c123.linsi",361,0.00276176012271329
"GALGAL_R12565.c123.linsi",307,0.0119124280174527
"GALGAL_R12566.c123.linsi",183,0.0128103777772413
"GALGAL_R12567.c123.linsi",71,0.00939095303065781
"GALGAL_R12568.c123.linsi",358,0.00422655900670922
"GALGAL_R12569.c123.linsi",244,0.00490740480982147
"GALGAL_R12570.c123.linsi",349,0.00302669114333782
"GALGAL_R12571.c123.linsi",343,0.0122586621912654
"GALGAL_R12572.c123.linsi",264,0.0634286452201088
"GALGAL_R12573.c123.linsi",14,0.052455253759235
"GALGAL_R12574.c123.linsi",224,0.0101658348849973
"GALGAL_R12575.c123.linsi",363,0.00604739309777573
"GALGAL_R12576.c123.linsi",362,0.00416653325207348
"GALGAL_R12577.c123.linsi",313,0.0134987902119783
"GALGAL_R12578.c123.linsi",358,0.0166784574699979
"GALGAL_R12579.c123.linsi",341,0.00547335810487973
"GALGAL_R12580.c123.linsi",350,0.00694959916748285
"GALGAL_R12582.c123.linsi",352,0.0390159713365492
"GALGAL_R12583.c123.linsi",358,0.00395429503629979
"GALGAL_R12584.c123.linsi",339,0.00492232230331167
"GALGAL_R12585.c123.linsi",332,0.0453032992655519
"GALGAL_R12586.c123.linsi",280,0.025351510882207
"GALGAL_R12587.c123.linsi",348,0.00359452781235313
"GALGAL_R12588.c123.linsi",7,0.000567082737767239
"GALGAL_R12589.c123.linsi",338,0.0073938007486843
"GALGAL_R12590.c123.linsi",353,0.0295988148175278
"GALGAL_R12591.c123.linsi",309,0.0212958881516289
"GALGAL_R12592.c123.linsi",356,0.0454618043826721
"GALGAL_R12593.c123.linsi",331,0.0901887996164379
"GALGAL_R12594.c123.linsi",312,0.00628201562699425
"GALGAL_R12595.c123.linsi",347,0.00920470892142011
"GALGAL_R12596.c123.linsi",120,0.0104374166130499
"GALGAL_R12597.c123.linsi",355,0.00916040920397175
"GALGAL_R12598.c123.linsi",281,0.0136421898767196
"GALGAL_R12599.c123.linsi",181,0.0318701517626268
"GALGAL_R12600.c123.linsi",344,0.0133876984657215
"GALGAL_R12601.c123.linsi",346,0.00459455659656691
"GALGAL_R12602.c123.linsi",356,0.00314797176897435
"GALGAL_R12603.c123.linsi",200,0.0100467616246966
"GALGAL_R12604.c123.linsi",346,0.00614328225074645
"GALGAL_R12605.c123.linsi",342,0.00140944612889951
"GALGAL_R12606.c123.linsi",227,0.00517966305743543
"GALGAL_R12607.c123.linsi",291,0.00451824590764024
"GALGAL_R12608.c123.linsi",325,0.00819472125662254
"GALGAL_R12609.c123.linsi",181,0.0346285440928568
"GALGAL_R12610.c123.linsi",341,0.0126411733742606
"GALGAL_R12611.c123.linsi",318,0.0153472598992732
"GALGAL_R12612.c123.linsi",346,0.0179364204114283
"GALGAL_R12613.c123.linsi",316,0.010853699889204
"GALGAL_R12614.c123.linsi",301,0.0170153566976147
"GALGAL_R12615.c123.linsi",326,0.013885813810122
"GALGAL_R12616.c123.linsi",306,0.0170455553390942
"GALGAL_R12617.c123.linsi",356,0.0346020346019807
"GALGAL_R12618.c123.linsi",347,0.0455474095694342
"GALGAL_R12619.c123.linsi",6,0.0296383547422127
"GALGAL_R12620.c123.linsi",351,0.0259224349222036
"GALGAL_R12621.c123.linsi",346,0.0145189485642453
"GALGAL_R12622.c123.linsi",317,0.0158229487312426
"GALGAL_R12623.c123.linsi",30,0.0492695065271639
"GALGAL_R12624.c123.linsi",208,0.0152866169860013
"GALGAL_R12625.c123.linsi",342,0.0084765962682435
"GALGAL_R12626.c123.linsi",170,0.00246431709000537
"GALGAL_R12627.c123.linsi",319,0.0022889394117255
"GALGAL_R12628.c123.linsi",344,0.014455134435204
"GALGAL_R12629.c123.linsi",350,0.00477143762505519
"GALGAL_R12630.c123.linsi",356,0.0432249417812531
"GALGAL_R12631.c123.linsi",199,0.00918057619673041
"GALGAL_R12632.c123.linsi",347,0.00913633498300957
"GALGAL_R12633.c123.linsi",360,0.00540921162672149
"GALGAL_R12634.c123.linsi",349,0.0226809080644501
"GALGAL_R12635.c123.linsi",241,0.00307078930204604
"GALGAL_R12636.c123.linsi",334,0.0160536992417869
"GALGAL_R12637.c123.linsi",185,0.00230709085958872
"GALGAL_R12638.c123.linsi",362,0.0081084790579648
"GALGAL_R12639.c123.linsi",362,0.0037614459644544
"GALGAL_R12640.c123.linsi",360,0.00769655514027801
"GALGAL_R12641.c123.linsi",338,0.00623274883113763
"GALGAL_R12642.c123.linsi",232,0.0031678158098301
"GALGAL_R12643.c123.linsi",342,0.00449912653378851
"GALGAL_R12644.c123.linsi",177,0.0018543821316801
"GALGAL_R12646.c123.linsi",358,0.00156425582426856
"GALGAL_R12647.c123.linsi",182,0.00332342714946866
"GALGAL_R12648.c123.linsi",187,0.00269077518493891
"GALGAL_R12649.c123.linsi",354,0.00543018521314303
"GALGAL_R12650.c123.linsi",318,0.0114998906913117
"GALGAL_R12651.c123.linsi",67,0.0186561214291893
"GALGAL_R12652.c123.linsi",352,0.00596488034928078
"GALGAL_R12653.c123.linsi",239,0.0101172494811864
"GALGAL_R12654.c123.linsi",361,0.00372615572188845
"GALGAL_R12655.c123.linsi",243,0.0288054572887519
"GALGAL_R12656.c123.linsi",354,0.0157738731772042
"GALGAL_R12657.c123.linsi",336,0.01038643318692
"GALGAL_R12658.c123.linsi",318,0.0118872534955651
"GALGAL_R12659.c123.linsi",14,0.0162149872044862
"GALGAL_R12660.c123.linsi",350,0.00476942937149072
"GALGAL_R12661.c123.linsi",9,0.0299260560231517
"GALGAL_R12662.c123.linsi",356,0.00767942453161046
"GALGAL_R12663.c123.linsi",342,0.0027088673833268
"GALGAL_R12664.c123.linsi",335,0.00297235920813186
"GALGAL_R12665.c123.linsi",355,0.0214793100445529
"GALGAL_R12666.c123.linsi",279,0.0407244139510824
"GALGAL_R12667.c123.linsi",354,0.00303807464772896
"GALGAL_R12668.c123.linsi",356,0.00695260989254206
"GALGAL_R12669.c123.linsi",342,0.00175438990213159
"GALGAL_R12670.c123.linsi",360,0.00769768133745024
"GALGAL_R12671.c123.linsi",335,0.00718563264081449
"GALGAL_R12672.c123.linsi",299,0.0051715295783457
"GALGAL_R12673.c123.linsi",358,0.0106774064118892
"GALGAL_R12674.c123.linsi",326,0.00974875068097263
"GALGAL_R12675.c123.linsi",353,0.0104953351822481
"GALGAL_R12676.c123.linsi",6,0.028143318756772
"GALGAL_R12677.c123.linsi",36,0.0472055605498945
"GALGAL_R12678.c123.linsi",351,0.0114634536720973
"GALGAL_R12679.c123.linsi",321,0.00651505344504943
"GALGAL_R12680.c123.linsi",22,0.00395388570407589
"GALGAL_R12681.c123.linsi",294,0.00394585426261564
"GALGAL_R12682.c123.linsi",357,0.00453275823483636
"GALGAL_R12683.c123.linsi",341,0.00700187554501743
"GALGAL_R12684.c123.linsi",356,0.00656598538229838
"GALGAL_R12685.c123.linsi",295,0.00473941230864862
"GALGAL_R12686.c123.linsi",357,0.0257404719421986
"GALGAL_R12687.c123.linsi",308,0.0125821875872327
"GALGAL_R12688.c123.linsi",131,0.0140031824710753
"GALGAL_R12689.c123.linsi",363,0.0179075591122284
"GALGAL_R12690.c123.linsi",226,0.00125363598801582
"GALGAL_R12691.c123.linsi",181,0.0232933032850834
"GALGAL_R12692.c123.linsi",183,0.0328545088357225
"GALGAL_R12693.c123.linsi",356,0.036024847059775
"GALGAL_R12694.c123.linsi",337,0.0181690528892004
"GALGAL_R12695.c123.linsi",357,0.00464261410790923
"GALGAL_R12696.c123.linsi",354,0.0027336967657281
"GALGAL_R12697.c123.linsi",11,0.00533923792848737
"GALGAL_R12698.c123.linsi",13,0.00832947736828283
"GALGAL_R12699.c123.linsi",299,0.00963638656811738
"GALGAL_R12700.c123.linsi",279,0.0101812451751945
"GALGAL_R12701.c123.linsi",47,0.00859231261993338
"GALGAL_R12702.c123.linsi",356,0.0181016689285696
"GALGAL_R12703.c123.linsi",343,0.0162476916729025
"GALGAL_R12704.c123.linsi",361,0.00775141821992501
"GALGAL_R12705.c123.linsi",339,0.00925079568635924
"GALGAL_R12706.c123.linsi",348,0.00358321996112934
"GALGAL_R12707.c123.linsi",234,0.00685239366845353
"GALGAL_R12708.c123.linsi",258,0.00234549525360577
"GALGAL_R12709.c123.linsi",252,0.00322921282852579
"GALGAL_R12710.c123.linsi",285,0.00316796544648326
"GALGAL_R12711.c123.linsi",343,0.00850750150804149
"GALGAL_R12712.c123.linsi",352,0.00178722860441526
"GALGAL_R12713.c123.linsi",234,0.00190885938685306
"GALGAL_R12714.c123.linsi",323,0.00266470467651766
"GALGAL_R12715.c123.linsi",174,0.00303782076582752
"GALGAL_R12719.c123.linsi",333,0.00384111934436031
"GALGAL_R12720.c123.linsi",342,0.0134446270189249
"GALGAL_R12721.c123.linsi",298,0.0023266611909041
"GALGAL_R12722.c123.linsi",357,0.00557663088396261
"GALGAL_R12723.c123.linsi",341,0.00865968125559201
"GALGAL_R12724.c123.linsi",291,0.00459022912077655
"GALGAL_R12725.c123.linsi",347,0.00292519322352076
"GALGAL_R12726.c123.linsi",361,0.0255093829782169
"GALGAL_R12727.c123.linsi",357,0.00718202591661214
"GALGAL_R12728.c123.linsi",321,0.022547542080454
"GALGAL_R12729.c123.linsi",280,0.0200899841287515
"GALGAL_R12730.c123.linsi",40,0.0509762606260795
"GALGAL_R12731.c123.linsi",346,0.00524413652376091
"GALGAL_R12732.c123.linsi",322,0.00280267683251291
"GALGAL_R12733.c123.linsi",340,0.001706675098694
"GALGAL_R12734.c123.linsi",362,0.0117739489617072
"GALGAL_R12735.c123.linsi",354,0.00798733454573695
"GALGAL_R12736.c123.linsi",339,0.00140867885049052
"GALGAL_R12737.c123.linsi",361,0.0037544869104519
"GALGAL_R12738.c123.linsi",337,0.0027248732055227
"GALGAL_R12739.c123.linsi",356,0.00557830129465083
"GALGAL_R12740.c123.linsi",343,0.0103376963909585
"GALGAL_R12741.c123.linsi",338,0.00207309858192426
"GALGAL_R12742.c123.linsi",95,0.0201600198102578
"GALGAL_R12743.c123.linsi",359,0.00304346816570836
"GALGAL_R12744.c123.linsi",351,0.00679021018322334
"GALGAL_R12745.c123.linsi",115,0.0233080786860241
"GALGAL_R12746.c123.linsi",353,0.00507328110942668
"GALGAL_R12747.c123.linsi",310,0.00516512082496142
"GALGAL_R12748.c123.linsi",159,0.00164737572385389
"GALGAL_R12749.c123.linsi",297,0.00181016493973884
"GALGAL_R12750.c123.linsi",338,0.00202969606850997
"GALGAL_R12751.c123.linsi",333,0.00558238435140684
"GALGAL_R12752.c123.linsi",322,0.00368291062871966
"GALGAL_R12753.c123.linsi",350,0.00360039845360293
"GALGAL_R12754.c123.linsi",292,0.00511574244557165
"GALGAL_R12755.c123.linsi",356,0.0128213226578411
"GALGAL_R12759.c123.linsi",7,0.0192642876576752
"GALGAL_R12760.c123.linsi",349,0.0315213675377752
"GALGAL_R12761.c123.linsi",312,0.0238587127418037
"GALGAL_R12762.c123.linsi",345,0.0201872004792279
"GALGAL_R12763.c123.linsi",254,0.0447650929952719
"GALGAL_R12764.c123.linsi",12,0.0187102929081778
"GALGAL_R12765.c123.linsi",357,0.00673280803560648
"GALGAL_R12766.c123.linsi",4,0.00257350932753541
"GALGAL_R12767.c123.linsi",265,0.00463282337562263
"GALGAL_R12768.c123.linsi",354,0.0196717544709262
"GALGAL_R12769.c123.linsi",359,0.00345494012909189
"GALGAL_R12773.c123.linsi",359,0.00908889428671985
"GALGAL_R12774.c123.linsi",15,0.0249720116260061
"GALGAL_R12775.c123.linsi",359,0.00188101364408935
"GALGAL_R12776.c123.linsi",220,0.014389257844278
"GALGAL_R12778.c123.linsi",297,0.0103104833304256
"GALGAL_R12779.c123.linsi",180,0.0509094912512388
"GALGAL_R12780.c123.linsi",362,0.0176962542099186
"GALGAL_R12781.c123.linsi",132,0.0288829180084259
"GALGAL_R12782.c123.linsi",17,0.0188333258921376
"GALGAL_R12783.c123.linsi",18,0.0152020883163112
"GALGAL_R12784.c123.linsi",290,0.0269407252953603
"GALGAL_R12786.c123.linsi",249,0.0209707261175654
"GALGAL_R12787.c123.linsi",339,0.0309886618948775
"GALGAL_R12788.c123.linsi",248,0.0144502255239274
"GALGAL_R12792.c123.linsi",338,0.00686213360357903
"GALGAL_R12793.c123.linsi",163,0.00475227995119445
"GALGAL_R12794.c123.linsi",360,0.00215074694092539
"GALGAL_R12795.c123.linsi",66,0.0482374222062994
"GALGAL_R12796.c123.linsi",339,0.00152039489606581
"GALGAL_R12797.c123.linsi",359,0.00375220961535717
"GALGAL_R12798.c123.linsi",311,0.00521271838420972
"GALGAL_R12799.c123.linsi",358,0.00671864022396107
"GALGAL_R12800.c123.linsi",263,0.00405407750200653
"GALGAL_R12801.c123.linsi",333,0.0146841109168872
"GALGAL_R12802.c123.linsi",329,0.00735662447143356
"GALGAL_R12803.c123.linsi",307,0.0187392147835716
"GALGAL_R12805.c123.linsi",322,0.00722417757823439
"GALGAL_R12806.c123.linsi",54,0.0130990997618263
"GALGAL_R12807.c123.linsi",228,0.010464171761446
"GALGAL_R12808.c123.linsi",348,0.00820388859512122
"GALGAL_R12810.c123.linsi",5,0.00224468621102137
"GALGAL_R12811.c123.linsi",38,0.021350423022479
"GALGAL_R12812.c123.linsi",329,0.0299289999313764
"GALGAL_R12813.c123.linsi",319,0.0105350712457479
"GALGAL_R12814.c123.linsi",332,0.0113537989485852
"GALGAL_R12815.c123.linsi",276,0.00781066985553941
"GALGAL_R12816.c123.linsi",321,0.0047105133119924
"GALGAL_R12817.c123.linsi",186,0.0184705020505762
"GALGAL_R12818.c123.linsi",147,0.00408595624020652
"GALGAL_R12820.c123.linsi",317,0.0311939183633113
"GALGAL_R12821.c123.linsi",6,0.0044751314844137
"GALGAL_R12824.c123.linsi",346,0.01050093412187
"GALGAL_R12827.c123.linsi",352,0.0194986593389779
"GALGAL_R12828.c123.linsi",316,0.0071990434515206
"GALGAL_R12830.c123.linsi",310,0.00118615675908251
"GALGAL_R12831.c123.linsi",356,0.00856338485786116
"GALGAL_R12832.c123.linsi",350,0.00458067615072434
"GALGAL_R12833.c123.linsi",325,0.0158771455891066
"GALGAL_R12834.c123.linsi",305,0.0148272578819064
"GALGAL_R12838.c123.linsi",352,0.0188457475551195
"GALGAL_R12839.c123.linsi",113,0.0123116928766044
"GALGAL_R12840.c123.linsi",361,0.00533141399502024
"GALGAL_R12841.c123.linsi",261,0.0279724380501844
"GALGAL_R12842.c123.linsi",118,0.0105314851468684
"GALGAL_R12843.c123.linsi",188,0.0273482602701214
"GALGAL_R12844.c123.linsi",360,0.0296047905712746
"GALGAL_R12845.c123.linsi",362,0.00747739675034108
"GALGAL_R12846.c123.linsi",155,0.0260403329157773
"GALGAL_R12848.c123.linsi",344,0.0153266670854601
"GALGAL_R12849.c123.linsi",56,0.00480745386998402
"GALGAL_R12850.c123.linsi",261,0.0132519397955355
"GALGAL_R12851.c123.linsi",339,0.0261478480087262
"GALGAL_R12852.c123.linsi",216,0.0246564400061951
"GALGAL_R12853.c123.linsi",355,0.00738471512711857
"GALGAL_R12854.c123.linsi",351,0.00947527632158396
"GALGAL_R12855.c123.linsi",354,0.0206352978055875
"GALGAL_R12856.c123.linsi",327,0.0128996246260288
"GALGAL_R12857.c123.linsi",30,0.0203771400640783
"GALGAL_R12858.c123.linsi",150,0.00206979864103331
"GALGAL_R12861.c123.linsi",344,0.00304125456901637
"GALGAL_R12862.c123.linsi",316,0.00376674700133254
"GALGAL_R12863.c123.linsi",354,0.0176767111272907
"GALGAL_R12864.c123.linsi",333,0.0124440092895581
"GALGAL_R12865.c123.linsi",346,0.0152715205500533
"GALGAL_R12866.c123.linsi",358,0.0210865802155093
"GALGAL_R12867.c123.linsi",351,0.00791587411440564
"GALGAL_R12868.c123.linsi",307,0.011882761487045
"GALGAL_R12869.c123.linsi",321,0.0138228617684899
"GALGAL_R12870.c123.linsi",353,0.0469086958516156
"GALGAL_R12871.c123.linsi",338,0.0107189192257336
"GALGAL_R12872.c123.linsi",343,0.0118557963354274
"GALGAL_R12873.c123.linsi",43,0.00636445937628074
"GALGAL_R12874.c123.linsi",345,0.0509577972241205
"GALGAL_R12875.c123.linsi",350,0.0123223537303694
"GALGAL_R12876.c123.linsi",347,0.0104734649671003
"GALGAL_R12877.c123.linsi",345,0.0144796225677771
"GALGAL_R12878.c123.linsi",335,0.0153440656484675
"GALGAL_R12879.c123.linsi",352,0.0100462872319892
"GALGAL_R12880.c123.linsi",358,0.021293271786173
"GALGAL_R12881.c123.linsi",321,0.00830507379471842
"GALGAL_R12882.c123.linsi",355,0.0422992901280798
"GALGAL_R12883.c123.linsi",8,0.0237523486201561
"GALGAL_R12884.c123.linsi",353,0.00626718474798651
"GALGAL_R12885.c123.linsi",337,0.00272193098670243
"GALGAL_R12886.c123.linsi",358,0.00200650407838633
"GALGAL_R12887.c123.linsi",244,0.00435495572310142
"GALGAL_R12888.c123.linsi",247,0.0114285306945611
"GALGAL_R12889.c123.linsi",352,0.0190799843556581
"GALGAL_R12890.c123.linsi",70,0.0185644750289364
"GALGAL_R12891.c123.linsi",334,0.00746923078360862
"GALGAL_R12892.c123.linsi",205,0.0195043642709977
"GALGAL_R12893.c123.linsi",339,0.00453149685303023
"GALGAL_R12894.c123.linsi",333,0.00451256506359276
"GALGAL_R12895.c123.linsi",277,0.00637376847459853
"GALGAL_R12896.c123.linsi",340,0.00319205181539757
"GALGAL_R12897.c123.linsi",350,0.00810886968064365
"GALGAL_R12898.c123.linsi",262,0.00558246455499943
"GALGAL_R12899.c123.linsi",342,0.0185191418146928
"GALGAL_R12900.c123.linsi",5,0.0105026358504396
"GALGAL_R12901.c123.linsi",348,0.0161864432261388
"GALGAL_R12902.c123.linsi",262,0.0504456640556201
"GALGAL_R12903.c123.linsi",355,0.0145341487270207
"GALGAL_R12904.c123.linsi",361,0.00341374014770182
"GALGAL_R12905.c123.linsi",283,0.0159385964209735
"GALGAL_R12906.c123.linsi",352,0.0166876388930287
"GALGAL_R12907.c123.linsi",345,0.0546564738043185
"GALGAL_R12908.c123.linsi",355,0.014159969229263
"GALGAL_R12909.c123.linsi",342,0.0138029904715694
"GALGAL_R12910.c123.linsi",332,0.0206470181700215
"GALGAL_R12911.c123.linsi",356,0.0496935384844878
"GALGAL_R12912.c123.linsi",335,0.0230469910035773
"GALGAL_R12913.c123.linsi",327,0.0322247287919776
"GALGAL_R12914.c123.linsi",326,0.0226694018560292
"GALGAL_R12915.c123.linsi",317,0.00714107435615648
"GALGAL_R12916.c123.linsi",343,0.00438653733046699
"GALGAL_R12917.c123.linsi",348,0.00580803863310466
"GALGAL_R12918.c123.linsi",321,0.00797848029917732
"GALGAL_R12919.c123.linsi",357,0.0078238349859044
"GALGAL_R12920.c123.linsi",339,0.00751323119198173
"GALGAL_R12921.c123.linsi",341,0.00665974507980613
"GALGAL_R12922.c123.linsi",344,0.0152180986047104
"GALGAL_R12923.c123.linsi",344,0.00451247376468192
"GALGAL_R12924.c123.linsi",358,0.0103359564882686
"GALGAL_R12925.c123.linsi",335,0.00705644885262505
"GALGAL_R12926.c123.linsi",336,0.0277499538967465
"GALGAL_R12927.c123.linsi",338,0.0240863770020311
"GALGAL_R12928.c123.linsi",350,0.00437433543969772
"GALGAL_R12929.c123.linsi",335,0.00139337676074397
"GALGAL_R12930.c123.linsi",305,0.0050623706829013
"GALGAL_R12931.c123.linsi",339,0.0055249519228092
"GALGAL_R12932.c123.linsi",348,0.0311676604453696
"GALGAL_R12933.c123.linsi",296,0.0103312340403784
"GALGAL_R12934.c123.linsi",344,0.00427969172536499
"GALGAL_R12935.c123.linsi",349,0.00193360874101247
"GALGAL_R12936.c123.linsi",337,0.00314899734114268
"GALGAL_R12937.c123.linsi",346,0.00527557418211977
"GALGAL_R12938.c123.linsi",356,0.00282802240500759
"GALGAL_R12939.c123.linsi",351,0.0249165612599664
"GALGAL_R12940.c123.linsi",270,0.0163123023392518
"GALGAL_R12941.c123.linsi",297,0.0062855601360784
"GALGAL_R12942.c123.linsi",357,0.0127236890501968
"GALGAL_R12943.c123.linsi",271,0.013851585760597
"GALGAL_R12944.c123.linsi",332,0.00226985603588858
"GALGAL_R12945.c123.linsi",331,0.00590215428198195
"GALGAL_R12946.c123.linsi",358,0.0203562214836025
"GALGAL_R12947.c123.linsi",342,0.00182771813927858
"GALGAL_R12948.c123.linsi",325,0.00233071665133109
"GALGAL_R12949.c123.linsi",349,0.0117380618456866
"GALGAL_R12950.c123.linsi",361,0.010885435911484
"GALGAL_R12951.c123.linsi",359,0.00461306933476599
"GALGAL_R12952.c123.linsi",356,0.00466703995921097
"GALGAL_R12953.c123.linsi",356,0.00437813892929885
"GALGAL_R12954.c123.linsi",346,0.00140481491620596
"GALGAL_R12955.c123.linsi",352,0.00545452137355141
"GALGAL_R12956.c123.linsi",348,0.00631028595724327
"GALGAL_R12957.c123.linsi",356,0.00683729052035401
"GALGAL_R12958.c123.linsi",341,0.0019196999906738
"GALGAL_R12959.c123.linsi",347,0.00468413141323399
"GALGAL_R12960.c123.linsi",344,0.0108809960922523
"GALGAL_R12961.c123.linsi",362,0.00394094478190348
"GALGAL_R12962.c123.linsi",353,0.00338978923775235
"GALGAL_R12963.c123.linsi",353,0.00597678862579184
"GALGAL_R12964.c123.linsi",333,0.00410119527235671
"GALGAL_R12965.c123.linsi",353,0.00562968945144248
"GALGAL_R12966.c123.linsi",356,0.0148860465536301
"GALGAL_R12967.c123.linsi",330,0.0175711589987488
"GALGAL_R12968.c123.linsi",280,0.0120837912881923
"GALGAL_R12969.c123.linsi",332,0.00773396935482614
"GALGAL_R12970.c123.linsi",361,0.0174374480947381
"GALGAL_R12971.c123.linsi",341,0.0142895606887349
"GALGAL_R12972.c123.linsi",298,0.0326101437597744
"GALGAL_R12973.c123.linsi",339,0.00217536537098458
"GALGAL_R12974.c123.linsi",354,0.00427420597230835
"GALGAL_R12975.c123.linsi",312,0.032459506439537
"GALGAL_R12976.c123.linsi",254,0.00209213635600968
"GALGAL_R12977.c123.linsi",308,0.0165900529342969
"GALGAL_R12978.c123.linsi",341,0.00790520733716694
"GALGAL_R12979.c123.linsi",324,0.00823097747060197
"GALGAL_R12980.c123.linsi",324,0.0132812293800746
"GALGAL_R12981.c123.linsi",329,0.00545214883554197
"GALGAL_R12982.c123.linsi",295,0.0134091238281384
"GALGAL_R12983.c123.linsi",344,0.0447900563234137
"GALGAL_R12984.c123.linsi",346,0.0151679387813079
"GALGAL_R12985.c123.linsi",326,0.0172925414905167
"GALGAL_R12986.c123.linsi",325,0.0198788793979348
"GALGAL_R12987.c123.linsi",324,0.0222003982746663
"GALGAL_R12988.c123.linsi",336,0.00360718642272454
"GALGAL_R12989.c123.linsi",346,0.0147181140391593
"GALGAL_R12990.c123.linsi",334,0.0216447851893465
"GALGAL_R12991.c123.linsi",355,0.0460912085052634
"GALGAL_R12992.c123.linsi",339,0.0211231467632963
"GALGAL_R12993.c123.linsi",289,0.0209537752568529
"GALGAL_R12994.c123.linsi",347,0.0176073508136249
"GALGAL_R12995.c123.linsi",351,0.00221950782717971
"GALGAL_R12996.c123.linsi",355,0.0145460998809491
"GALGAL_R12997.c123.linsi",361,0.0508228817078086
"GALGAL_R12998.c123.linsi",313,0.0191865803447585
"GALGAL_R12999.c123.linsi",357,0.0264235642621106
"GALGAL_R13000.c123.linsi",360,0.00249208931328757
"GALGAL_R13001.c123.linsi",301,0.0027297865239744
"GALGAL_R13002.c123.linsi",354,0.010780913350353
"GALGAL_R13003.c123.linsi",310,0.00312517859920252
"GALGAL_R13004.c123.linsi",341,0.0301615013024365
"GALGAL_R13005.c123.linsi",342,0.0042980803340647
"GALGAL_R13006.c123.linsi",331,0.0134193610650644
"GALGAL_R13007.c123.linsi",319,0.010314975905635
"GALGAL_R13008.c123.linsi",157,0.00393533976448033
"GALGAL_R13009.c123.linsi",314,0.00446696775735524
"GALGAL_R13010.c123.linsi",308,0.00889981856561792
"GALGAL_R13011.c123.linsi",346,0.0167883672074406
"GALGAL_R13012.c123.linsi",353,0.011859598760179
"GALGAL_R13013.c123.linsi",336,0.0141399382082687
"GALGAL_R13014.c123.linsi",347,0.0111474969453127
"GALGAL_R13015.c123.linsi",344,0.00351047800895809
"GALGAL_R13016.c123.linsi",352,0.0192775683468956
"GALGAL_R13017.c123.linsi",354,0.00393250089007035
"GALGAL_R13018.c123.linsi",330,0.0039785444456225
"GALGAL_R13019.c123.linsi",347,0.00488956680922175
"GALGAL_R13020.c123.linsi",326,0.00486680089976351
"GALGAL_R13021.c123.linsi",176,0.00309630774326388
"GALGAL_R13022.c123.linsi",359,0.000973517315764702
"GALGAL_R13023.c123.linsi",352,0.010065831816064
"GALGAL_R13024.c123.linsi",349,0.00285706834959282
"GALGAL_R13025.c123.linsi",343,0.0198172701564835
"GALGAL_R13026.c123.linsi",354,0.0138032889391172
"GALGAL_R13027.c123.linsi",354,0.00437197275411319
"GALGAL_R13028.c123.linsi",324,0.00846169768315614
"GALGAL_R13029.c123.linsi",353,0.00621377761704756
"GALGAL_R13030.c123.linsi",327,0.00115049236531551
"GALGAL_R13031.c123.linsi",322,0.00421675880228662
"GALGAL_R13032.c123.linsi",311,0.0020176412881138
"GALGAL_R13033.c123.linsi",323,0.0138967606871781
"GALGAL_R13034.c123.linsi",340,0.011181938261219
"GALGAL_R13035.c123.linsi",361,0.00860173743751953
"GALGAL_R13036.c123.linsi",356,0.0084050019562471
"GALGAL_R13037.c123.linsi",353,0.0054170843604058
"GALGAL_R13038.c123.linsi",351,0.0126268710016682
"GALGAL_R13039.c123.linsi",348,0.00314670723137462
"GALGAL_R13040.c123.linsi",351,0.0166102988191478
"GALGAL_R13041.c123.linsi",301,0.00418576650703237
"GALGAL_R13043.c123.linsi",316,0.00632227938660688
"GALGAL_R13044.c123.linsi",352,0.00586190325990223
"GALGAL_R13045.c123.linsi",344,0.00547772411067174
"GALGAL_R13046.c123.linsi",346,0.00222111323283995
"GALGAL_R13047.c123.linsi",338,0.00872547071886993
"GALGAL_R13048.c123.linsi",298,0.0165511974024553
"GALGAL_R13049.c123.linsi",351,0.0171001603886847
"GALGAL_R13050.c123.linsi",321,0.00686874078464053
"GALGAL_R13051.c123.linsi",351,0.0108619711839492
"GALGAL_R13052.c123.linsi",363,0.00150819016283442
"GALGAL_R13053.c123.linsi",362,0.00564332324851799
"GALGAL_R13054.c123.linsi",344,0.00205511644042258
"GALGAL_R13055.c123.linsi",354,0.00774528207429496
"GALGAL_R13056.c123.linsi",338,0.00250868334661283
"GALGAL_R13057.c123.linsi",332,0.0024239540204323
"GALGAL_R13058.c123.linsi",326,0.00255180944066659
"GALGAL_R13059.c123.linsi",354,0.0104173864213862
"GALGAL_R13060.c123.linsi",354,0.00627079184791026
"GALGAL_R13061.c123.linsi",318,0.00968433979107645
"GALGAL_R13062.c123.linsi",348,0.00287619757466152
"GALGAL_R13063.c123.linsi",65,0.081764861888041
"GALGAL_R13064.c123.linsi",359,0.00229850573556661
"GALGAL_R13065.c123.linsi",342,0.00143056077747512
"GALGAL_R13066.c123.linsi",306,0.0031832106841251
"GALGAL_R13067.c123.linsi",361,0.00289456641265282
"GALGAL_R13068.c123.linsi",358,0.0078170462641356
"GALGAL_R13069.c123.linsi",354,0.00387575540652792
"GALGAL_R13070.c123.linsi",326,0.00257408808918723
"GALGAL_R13071.c123.linsi",359,0.00573792285086249
"GALGAL_R13072.c123.linsi",359,0.00451950108230139
"GALGAL_R13073.c123.linsi",358,0.00771015723513492
"GALGAL_R13074.c123.linsi",359,0.004868919813516
"GALGAL_R13075.c123.linsi",305,0.00232757920265688
"GALGAL_R13076.c123.linsi",147,0.00343958983359712
"GALGAL_R13077.c123.linsi",309,0.0019961713218196
"GALGAL_R13078.c123.linsi",360,0.0214759231479038
"GALGAL_R13079.c123.linsi",352,0.00201969834738228
"GALGAL_R13080.c123.linsi",325,0.00210878805465228
"GALGAL_R13081.c123.linsi",282,0.0118616147049109
"GALGAL_R13082.c123.linsi",227,0.00162764016372463
"GALGAL_R13083.c123.linsi",359,0.00227798268207369
"GALGAL_R13084.c123.linsi",340,0.00374375488139847
"GALGAL_R13085.c123.linsi",360,0.00379467559036625
"GALGAL_R13086.c123.linsi",346,0.00691996548153354
"GALGAL_R13087.c123.linsi",215,0.0577817633224125
"GALGAL_R13088.c123.linsi",354,0.0100833501671537
"GALGAL_R13089.c123.linsi",358,0.0137027044946203
"GALGAL_R13090.c123.linsi",344,0.0131607855471318
"GALGAL_R13091.c123.linsi",362,0.00682650579241873
"GALGAL_R13092.c123.linsi",355,0.00883440311235714
"GALGAL_R13093.c123.linsi",360,0.0103531049111703
"GALGAL_R13094.c123.linsi",306,0.0203003547465601
"GALGAL_R13095.c123.linsi",354,0.00857319778653899
"GALGAL_R13096.c123.linsi",347,0.00702289472496281
"GALGAL_R13097.c123.linsi",275,0.0153669711806372
"GALGAL_R13098.c123.linsi",349,0.00837445682614922
"GALGAL_R13099.c123.linsi",319,0.0142350740446058
"GALGAL_R13100.c123.linsi",355,0.0167171373628415
"GALGAL_R13101.c123.linsi",353,0.0118694511516787
"GALGAL_R13102.c123.linsi",323,0.0144328753806918
"GALGAL_R13103.c123.linsi",319,0.0210771432978213
"GALGAL_R13104.c123.linsi",352,0.0112429734610598
"GALGAL_R13105.c123.linsi",342,0.0560751842747164
"GALGAL_R13106.c123.linsi",354,0.0452580069885762
"GALGAL_R13107.c123.linsi",296,0.0127462014159736
"GALGAL_R13108.c123.linsi",294,0.00822155170335657
"GALGAL_R13109.c123.linsi",326,0.0293249918067399
"GALGAL_R13111.c123.linsi",317,0.00366154197161596
"GALGAL_R13112.c123.linsi",348,0.00319329527589716
"GALGAL_R13113.c123.linsi",359,0.00823657559300368
"GALGAL_R13114.c123.linsi",361,0.0260106124332451
"GALGAL_R13115.c123.linsi",337,0.0237238800296001
"GALGAL_R13117.c123.linsi",358,0.00938606082565197
"GALGAL_R13118.c123.linsi",349,0.00684903668376606
"GALGAL_R13119.c123.linsi",344,0.00748461612776505
"GALGAL_R13120.c123.linsi",340,0.00671177448091641
"GALGAL_R13121.c123.linsi",323,0.0116884427035887
"GALGAL_R13122.c123.linsi",347,0.0114426818275565
"GALGAL_R13123.c123.linsi",354,0.0042737269390912
"GALGAL_R13124.c123.linsi",351,0.0617388557790103
"GALGAL_R13125.c123.linsi",355,0.0318344429362557
"GALGAL_R13126.c123.linsi",222,0.0367945546904821
"GALGAL_R13127.c123.linsi",349,0.0263179918300414
"GALGAL_R13128.c123.linsi",340,0.00753266019146268
"GALGAL_R13129.c123.linsi",330,0.00646787377836288
"GALGAL_R13130.c123.linsi",350,0.0123087588096731
"GALGAL_R13131.c123.linsi",278,0.0105662155426908
"GALGAL_R13132.c123.linsi",350,0.00636190860443355
"GALGAL_R13133.c123.linsi",349,0.0110504454852923
"GALGAL_R13134.c123.linsi",361,0.00577647130655077
"GALGAL_R13135.c123.linsi",301,0.024941802351506
"GALGAL_R13136.c123.linsi",107,0.084468733664122
"GALGAL_R13137.c123.linsi",353,0.0205716112016891
"GALGAL_R13138.c123.linsi",338,0.00295495952745664
"GALGAL_R13139.c123.linsi",362,0.00419384464150835
"GALGAL_R13140.c123.linsi",329,0.00190948106268578
"GALGAL_R13141.c123.linsi",358,0.00231655708608669
"GALGAL_R13142.c123.linsi",315,0.00701923113802734
"GALGAL_R13143.c123.linsi",359,0.013598724762425
"GALGAL_R13144.c123.linsi",359,0.00370986440475462
"GALGAL_R13145.c123.linsi",357,0.00613799370739078
"GALGAL_R13146.c123.linsi",353,0.0176010917448054
"GALGAL_R13147.c123.linsi",355,0.0147003658491845
"GALGAL_R13148.c123.linsi",359,0.021754736066253
"GALGAL_R13149.c123.linsi",351,0.000753758374830455
"GALGAL_R13150.c123.linsi",352,0.0109202423201541
"GALGAL_R13151.c123.linsi",353,0.00656269061004482
"GALGAL_R13157.c123.linsi",334,0.0055901573876543
"GALGAL_R13158.c123.linsi",347,0.0132785447265734
"GALGAL_R13159.c123.linsi",136,0.0137609103957588
"GALGAL_R13160.c123.linsi",168,0.00904629798116452
"GALGAL_R13161.c123.linsi",269,0.0314575727293349
"GALGAL_R13162.c123.linsi",345,0.0225415750480066
"GALGAL_R13163.c123.linsi",71,0.00785223648526035
"GALGAL_R13164.c123.linsi",299,0.01832524987127
"GALGAL_R13165.c123.linsi",182,0.0220071644763082
"GALGAL_R13166.c123.linsi",356,0.00545237401350641
"GALGAL_R13167.c123.linsi",21,0.008042051176356
"GALGAL_R13168.c123.linsi",334,0.0344168730850632
"GALGAL_R13169.c123.linsi",325,0.0138729232418399
"GALGAL_R13170.c123.linsi",355,0.00524619564969906
"GALGAL_R13171.c123.linsi",323,0.00531536377145665
"GALGAL_R13172.c123.linsi",360,0.00799564585191193
"GALGAL_R13173.c123.linsi",11,0.0134477769815878
"GALGAL_R13174.c123.linsi",354,0.00196492070810257
"GALGAL_R13175.c123.linsi",156,0.00858533848850723
"GALGAL_R13176.c123.linsi",343,0.0158709166783943
"GALGAL_R13177.c123.linsi",345,0.00312864399599522
"GALGAL_R13178.c123.linsi",54,0.000958966644824106
"GALGAL_R13179.c123.linsi",361,0.0120650173679436
"GALGAL_R13180.c123.linsi",19,0.00454794191287983
"GALGAL_R13181.c123.linsi",358,0.0133106380017102
"GALGAL_R13182.c123.linsi",37,0.00915755302605879
"GALGAL_R13183.c123.linsi",323,0.00791177047523488
"GALGAL_R13184.c123.linsi",339,0.00768753664189641
"GALGAL_R13185.c123.linsi",355,0.0105636745114744
"GALGAL_R13186.c123.linsi",359,0.00337513851080823
"GALGAL_R13187.c123.linsi",360,0.00377509878222455
"GALGAL_R13188.c123.linsi",359,0.00283178995533161
"GALGAL_R13189.c123.linsi",349,0.00911404883172683
"GALGAL_R13194.c123.linsi",327,0.0102851911126147
"GALGAL_R13195.c123.linsi",323,0.00719355567460788
"GALGAL_R13196.c123.linsi",326,0.00988327382973011
"GALGAL_R13197.c123.linsi",336,0.00550410081462583
"GALGAL_R13198.c123.linsi",326,0.00793350920264411
"GALGAL_R13199.c123.linsi",77,0.0159418807495254
"GALGAL_R13200.c123.linsi",341,0.00811907374554351
"GALGAL_R13201.c123.linsi",321,0.0183648365759426
"GALGAL_R13202.c123.linsi",295,0.0155836901987662
"GALGAL_R13203.c123.linsi",327,0.00912386149589277
"GALGAL_R13204.c123.linsi",260,0.00779264139183181
"GALGAL_R13205.c123.linsi",335,0.0094411162734329
"GALGAL_R13206.c123.linsi",319,0.0045068587530623
"GALGAL_R13207.c123.linsi",264,0.00479352044866571
"GALGAL_R13208.c123.linsi",356,0.0146309049968415
"GALGAL_R13209.c123.linsi",348,0.00547979733311157
"GALGAL_R13210.c123.linsi",346,0.0059954934231261
"GALGAL_R13211.c123.linsi",360,0.0311538348603188
"GALGAL_R13212.c123.linsi",326,0.0206786119465739
"GALGAL_R13213.c123.linsi",362,0.00522283143828479
"GALGAL_R13214.c123.linsi",353,0.0385945568248263
"GALGAL_R13215.c123.linsi",349,0.0341184828296371
"GALGAL_R13216.c123.linsi",355,0.00711184010625737
"GALGAL_R13217.c123.linsi",357,0.00924489198681108
"GALGAL_R13218.c123.linsi",356,0.00235058894518588
"GALGAL_R13219.c123.linsi",357,0.00394462939640463
"GALGAL_R13220.c123.linsi",314,0.00880229328413835
"GALGAL_R13222.c123.linsi",264,0.00586507956269954
"GALGAL_R13223.c123.linsi",29,0.0237502430670128
"GALGAL_R13224.c123.linsi",313,0.0107124162954565
"GALGAL_R13225.c123.linsi",355,0.0541903206886134
"GALGAL_R13226.c123.linsi",39,0.0113892793914421
"GALGAL_R13227.c123.linsi",357,0.0111335187915348
"GALGAL_R13228.c123.linsi",294,0.0110752898004563
"GALGAL_R13229.c123.linsi",4,0.0204583103349724
"GALGAL_R13230.c123.linsi",105,0.043541348320495
"GALGAL_R13231.c123.linsi",289,0.00981396662233396
"GALGAL_R13232.c123.linsi",352,0.0105399755508664
"GALGAL_R13233.c123.linsi",282,0.0149411138920023
"GALGAL_R13234.c123.linsi",349,0.0106542475604821
"GALGAL_R13235.c123.linsi",277,0.0418077615255117
"GALGAL_R13236.c123.linsi",260,0.00721262130887536
"GALGAL_R13237.c123.linsi",345,0.0116134836162995
"GALGAL_R13239.c123.linsi",331,0.00816694475485615
"GALGAL_R13240.c123.linsi",336,0.00784780852061362
"GALGAL_R13241.c123.linsi",313,0.0107483397114011
"GALGAL_R13244.c123.linsi",308,0.0121454403544442
"GALGAL_R13245.c123.linsi",353,0.0195766751062967
"GALGAL_R13246.c123.linsi",318,0.00878448481418184
"GALGAL_R13248.c123.linsi",360,0.003868286582629
"GALGAL_R13249.c123.linsi",291,0.0154190855882873
"GALGAL_R13250.c123.linsi",50,0.0273624937347442
"GALGAL_R13251.c123.linsi",291,0.0258569081976661
"GALGAL_R13252.c123.linsi",344,0.0192072980561194
"GALGAL_R13253.c123.linsi",338,0.0272195853338205
"GALGAL_R13254.c123.linsi",345,0.0180248936065461
"GALGAL_R13255.c123.linsi",332,0.0111533429181849
"GALGAL_R13256.c123.linsi",347,0.00882467828834917
"GALGAL_R13257.c123.linsi",332,0.005873961251627
"GALGAL_R13258.c123.linsi",289,0.0237157935669415
"GALGAL_R13259.c123.linsi",329,0.0108943389388571
"GALGAL_R13260.c123.linsi",8,0.00216658835895743
"GALGAL_R13261.c123.linsi",360,0.0110412235962325
"GALGAL_R13262.c123.linsi",362,0.00617592780547395
"GALGAL_R13263.c123.linsi",349,0.0252912319052449
"GALGAL_R13264.c123.linsi",338,0.0113662350751667
"GALGAL_R13265.c123.linsi",333,0.0205380137809287
"GALGAL_R13266.c123.linsi",348,0.00190589713687714
"GALGAL_R13267.c123.linsi",362,0.00920547389349384
"GALGAL_R13268.c123.linsi",354,0.0130345205379691
"GALGAL_R13269.c123.linsi",335,0.0534256757457928
"GALGAL_R13270.c123.linsi",349,0.00864867762363816
"GALGAL_R13271.c123.linsi",361,0.00459165722322633
"GALGAL_R13272.c123.linsi",337,0.00408379447477324
"GALGAL_R13273.c123.linsi",359,0.00429070092184267
"GALGAL_R13274.c123.linsi",353,0.00708681645509741
"GALGAL_R13275.c123.linsi",352,0.00940130304560804
"GALGAL_R13276.c123.linsi",290,0.018560650409751
"GALGAL_R13277.c123.linsi",303,0.0194787388402283
"GALGAL_R13279.c123.linsi",109,0.0249272287728624
"GALGAL_R13280.c123.linsi",327,0.0293468899839966
"GALGAL_R13281.c123.linsi",351,0.00611448076206042
"GALGAL_R13282.c123.linsi",308,0.00790486120088928
"GALGAL_R13283.c123.linsi",356,0.0349394312443136
"GALGAL_R13284.c123.linsi",359,0.013555007494555
"GALGAL_R13285.c123.linsi",340,0.0189820176112893
"GALGAL_R13286.c123.linsi",335,0.00165068745631136
"GALGAL_R13287.c123.linsi",313,0.00989234776842432
"GALGAL_R13288.c123.linsi",360,0.00648002159792432
"GALGAL_R13289.c123.linsi",350,0.00729064836962626
"GALGAL_R13290.c123.linsi",342,0.00841920275445997
"GALGAL_R13291.c123.linsi",344,0.00319451539648182
"GALGAL_R13292.c123.linsi",349,0.00984254987364004
"GALGAL_R13293.c123.linsi",328,0.00448744014097543
"GALGAL_R13294.c123.linsi",346,0.00296727875613252
"GALGAL_R13295.c123.linsi",328,0.00982378839529307
"GALGAL_R13296.c123.linsi",352,0.00253120699936839
"GALGAL_R13297.c123.linsi",351,0.0137178078794005
"GALGAL_R13298.c123.linsi",345,0.0186898731093353
"GALGAL_R13299.c123.linsi",345,0.0083635964387688
"GALGAL_R13300.c123.linsi",350,0.00378419316605543
"GALGAL_R13301.c123.linsi",333,0.00552811385185003
"GALGAL_R13302.c123.linsi",358,0.0130164667180139
"GALGAL_R13303.c123.linsi",325,0.0163505866720811
"GALGAL_R13304.c123.linsi",352,0.00755681651273676
"GALGAL_R13305.c123.linsi",357,0.007225161571599
"GALGAL_R13306.c123.linsi",347,0.00481291580409952
"GALGAL_R13307.c123.linsi",357,0.0100616373715286
"GALGAL_R13308.c123.linsi",358,0.00562383672501068
"GALGAL_R13309.c123.linsi",331,0.00389119892299096
"GALGAL_R13310.c123.linsi",295,0.0221624305564949
"GALGAL_R13311.c123.linsi",355,0.0206114022748519
"GALGAL_R13312.c123.linsi",362,0.00124543484489514
"GALGAL_R13313.c123.linsi",357,0.00828594911771331
"GALGAL_R13314.c123.linsi",356,0.0170658436857166
"GALGAL_R13315.c123.linsi",310,0.00637958415543242
"GALGAL_R13316.c123.linsi",242,0.0036899543659875
"GALGAL_R13317.c123.linsi",338,0.0104948679889239
"GALGAL_R13318.c123.linsi",360,0.0818811486666161
"GALGAL_R13319.c123.linsi",117,0.0473595578630872
"GALGAL_R13321.c123.linsi",355,0.0051892601921252
"GALGAL_R13325.c123.linsi",318,0.00944498248234912
"GALGAL_R13326.c123.linsi",36,0.0294667097356313
"GALGAL_R13327.c123.linsi",343,0.0167378285287716
"GALGAL_R13328.c123.linsi",300,0.0487389677765918
"GALGAL_R13329.c123.linsi",141,0.0173253005665644
"GALGAL_R13330.c123.linsi",345,0.00647359946597425
"GALGAL_R13331.c123.linsi",357,0.0113380108012167
"GALGAL_R13332.c123.linsi",188,0.0329946062422942
"GALGAL_R13333.c123.linsi",340,0.0298634783023884
"GALGAL_R13334.c123.linsi",355,0.0296726292931971
"GALGAL_R13335.c123.linsi",50,0.0252318027697736
"GALGAL_R13336.c123.linsi",352,0.0134294904783422
"GALGAL_R13337.c123.linsi",293,0.0241306160125274
"GALGAL_R13338.c123.linsi",350,0.00600052711398768
"GALGAL_R13339.c123.linsi",349,0.00785048077516583
"GALGAL_R13340.c123.linsi",329,0.00847252280912127
"GALGAL_R13341.c123.linsi",112,0.0416518601283635
"GALGAL_R13343.c123.linsi",354,0.00633278022925362
"GALGAL_R13344.c123.linsi",290,0.0159824582542897
"GALGAL_R13345.c123.linsi",334,0.0225215932723105
"GALGAL_R13346.c123.linsi",350,0.00731303207772185
"GALGAL_R13347.c123.linsi",362,0.00625419092502791
"GALGAL_R13348.c123.linsi",358,0.00496685091401458
"GALGAL_R13349.c123.linsi",351,0.0133894083181468
"GALGAL_R13350.c123.linsi",271,0.00977487533947689
"GALGAL_R13351.c123.linsi",357,0.00898670152948923
"GALGAL_R13352.c123.linsi",361,0.00617283090229302
"GALGAL_R13353.c123.linsi",206,0.00924258229881473
"GALGAL_R13354.c123.linsi",358,0.00862364209754958
"GALGAL_R13355.c123.linsi",360,0.00513069735919312
"GALGAL_R13356.c123.linsi",332,0.00376418845903886
"GALGAL_R13357.c123.linsi",331,0.00421092935766645
"GALGAL_R13359.c123.linsi",252,0.00157364545935118
"GALGAL_R13360.c123.linsi",359,0.00457825256734245
"GALGAL_R13361.c123.linsi",360,0.0308736231837231
"GALGAL_R13362.c123.linsi",355,0.00507170713622942
"GALGAL_R13363.c123.linsi",168,0.00112281703548196
"GALGAL_R13364.c123.linsi",362,0.00455723196613586
"GALGAL_R13365.c123.linsi",330,0.00390239260388368
"GALGAL_R13366.c123.linsi",353,0.00112351737076119
"GALGAL_R13367.c123.linsi",344,0.0188134987167565
"GALGAL_R13368.c123.linsi",361,0.00786005333278498
"GALGAL_R13369.c123.linsi",332,0.00492410380891273
"GALGAL_R13370.c123.linsi",352,0.00440592423631271
"GALGAL_R13371.c123.linsi",194,0.0357694523396522
"GALGAL_R13372.c123.linsi",348,0.00765823363585092
"GALGAL_R13373.c123.linsi",334,0.0163405949325249
"GALGAL_R13374.c123.linsi",342,0.0434620205180263
"GALGAL_R13375.c123.linsi",207,0.0161371473009543
"GALGAL_R13376.c123.linsi",348,0.0414144847329118
"GALGAL_R13377.c123.linsi",338,0.00390976360122575
"GALGAL_R13378.c123.linsi",360,0.00376807536723816
"GALGAL_R13379.c123.linsi",357,0.00977751478723516
"GALGAL_R13380.c123.linsi",356,0.00510732200654554
"GALGAL_R13381.c123.linsi",351,0.00297357709062119
"GALGAL_R13382.c123.linsi",361,0.00462660557512775
"GALGAL_R13383.c123.linsi",345,0.0160417909624543
"GALGAL_R13384.c123.linsi",311,0.0804754806897457
"GALGAL_R13385.c123.linsi",352,0.0275818855094621
"GALGAL_R13386.c123.linsi",321,0.0519868628326711
"GALGAL_R13387.c123.linsi",305,0.0123872614646583
"GALGAL_R13388.c123.linsi",328,0.0511810292788513
"GALGAL_R13389.c123.linsi",274,0.0116251792254941
"GALGAL_R13390.c123.linsi",355,0.0353855864249302
"GALGAL_R13391.c123.linsi",328,0.0342585546629504
"GALGAL_R13392.c123.linsi",308,0.00519873953481409
"GALGAL_R13393.c123.linsi",343,0.0122044706066856
"GALGAL_R13394.c123.linsi",322,0.0052610474739646
"GALGAL_R13395.c123.linsi",349,0.00818270814248933
"GALGAL_R13396.c123.linsi",6,0.0287281686696564
"GALGAL_R13397.c123.linsi",355,0.00250240039941426
"GALGAL_R13398.c123.linsi",287,0.0371879057102192
"GALGAL_R13399.c123.linsi",358,0.00460370092832674
"GALGAL_R13400.c123.linsi",299,0.0192317624917727
"GALGAL_R13401.c123.linsi",7,0.0165591819383554
"GALGAL_R13402.c123.linsi",175,0.0100388370792317
"GALGAL_R13403.c123.linsi",347,0.0149587621127163
"GALGAL_R13404.c123.linsi",10,0.0248640166809981
"GALGAL_R13405.c123.linsi",41,0.00650857907119331
"GALGAL_R13406.c123.linsi",348,0.0166035546652828
"GALGAL_R13407.c123.linsi",355,0.00968186734783552
"GALGAL_R13409.c123.linsi",33,0.00732163462923102
"GALGAL_R13410.c123.linsi",350,0.0079313934719989
"GALGAL_R13411.c123.linsi",6,0.00687720043531562
"GALGAL_R13412.c123.linsi",316,0.0682023110308712
"GALGAL_R13414.c123.linsi",261,0.0089013369312935
"GALGAL_R13415.c123.linsi",305,0.0254997276254925
"GALGAL_R13416.c123.linsi",94,0.0100697586265887
"GALGAL_R13417.c123.linsi",38,0.0186638778203262
"GALGAL_R13418.c123.linsi",347,0.00936595243843225
"GALGAL_R13419.c123.linsi",91,0.00626344663184311
"GALGAL_R13420.c123.linsi",355,0.0103472516640534
"GALGAL_R13421.c123.linsi",358,0.00599869211593969
"GALGAL_R13422.c123.linsi",316,0.00695902948092681
"GALGAL_R13423.c123.linsi",219,0.0248383629553866
"GALGAL_R13424.c123.linsi",159,0.0170852615051393
"GALGAL_R13425.c123.linsi",353,0.0122419326947903
"GALGAL_R13426.c123.linsi",356,0.00585805037447143
"GALGAL_R13427.c123.linsi",310,0.0620331881567141
"GALGAL_R13428.c123.linsi",362,0.00821713359292912
"GALGAL_R13430.c123.linsi",349,0.0040464131688804
"GALGAL_R13431.c123.linsi",351,0.0113327437960942
"GALGAL_R13432.c123.linsi",358,0.0209989347954532
"GALGAL_R13433.c123.linsi",340,0.00216039671479925
"GALGAL_R13434.c123.linsi",355,0.0193232732089851
"GALGAL_R13435.c123.linsi",359,0.0368275305208403
"GALGAL_R13436.c123.linsi",352,0.0053044709108351
"GALGAL_R13437.c123.linsi",356,0.0044776871351401
"GALGAL_R13438.c123.linsi",347,0.00294397881484007
"GALGAL_R13439.c123.linsi",292,0.0150495456443967
"GALGAL_R13440.c123.linsi",334,0.00863655643031636
"GALGAL_R13441.c123.linsi",334,0.00838090285867675
"GALGAL_R13442.c123.linsi",219,0.0226521116480346
"GALGAL_R13443.c123.linsi",278,0.00842788028946429
"GALGAL_R13444.c123.linsi",355,0.0109503905662501
"GALGAL_R13445.c123.linsi",354,0.00707069534187168
"GALGAL_R13446.c123.linsi",296,0.0210091812770018
"GALGAL_R13447.c123.linsi",250,0.00354042442352901
"GALGAL_R13448.c123.linsi",350,0.00229260411057182
"GALGAL_R13449.c123.linsi",355,0.0063850850693211
"GALGAL_R13450.c123.linsi",344,0.0101582489956059
"GALGAL_R13451.c123.linsi",347,0.00786407702674428
"GALGAL_R13452.c123.linsi",321,0.00992850433986579
"GALGAL_R13453.c123.linsi",362,0.00285013162946695
"GALGAL_R13454.c123.linsi",314,0.0036311149053302
"GALGAL_R13455.c123.linsi",355,0.0143599570049702
"GALGAL_R13456.c123.linsi",358,0.00308027471079061
"GALGAL_R13457.c123.linsi",354,0.0112313333266723
"GALGAL_R13458.c123.linsi",321,0.00202069044587696
"GALGAL_R13459.c123.linsi",350,0.00423303584018654
"GALGAL_R13460.c123.linsi",353,0.0075367493041016
"GALGAL_R13461.c123.linsi",337,0.0175041328901445
"GALGAL_R13462.c123.linsi",361,0.00394851458252304
"GALGAL_R13463.c123.linsi",324,0.00528010432581326
"GALGAL_R13464.c123.linsi",339,0.00464473563275599
"GALGAL_R13465.c123.linsi",356,0.0167856175241577
"GALGAL_R13466.c123.linsi",360,0.00260820974618311
"GALGAL_R13467.c123.linsi",336,0.00125455955277267
"GALGAL_R13468.c123.linsi",358,0.0216060261030936
"GALGAL_R13469.c123.linsi",358,0.0113757629371792
"GALGAL_R13470.c123.linsi",319,0.0030304428213307
"GALGAL_R13471.c123.linsi",133,0.00273512898721141
"GALGAL_R13472.c123.linsi",337,0.00160176402062241
"GALGAL_R13473.c123.linsi",359,0.0115875829121028
"GALGAL_R13474.c123.linsi",338,0.00641010208490559
"GALGAL_R13475.c123.linsi",350,0.00643168598053505
"GALGAL_R13476.c123.linsi",361,0.0035039455332981
"GALGAL_R13477.c123.linsi",352,0.00592885400587461
"GALGAL_R13478.c123.linsi",356,0.00361667818688002
"GALGAL_R13479.c123.linsi",359,0.00710311158569367
"GALGAL_R13480.c123.linsi",352,0.00703858078525639
"GALGAL_R13481.c123.linsi",357,0.00223741115866332
"GALGAL_R13482.c123.linsi",354,0.00832218756715435
"GALGAL_R13483.c123.linsi",361,0.0131185198373547
"GALGAL_R13484.c123.linsi",347,0.0036676340785879
"GALGAL_R13485.c123.linsi",343,0.0028210980860058
"GALGAL_R13486.c123.linsi",359,0.00558565295685899
"GALGAL_R13487.c123.linsi",336,0.0042007907045104
"GALGAL_R13488.c123.linsi",358,0.00685419719822406
"GALGAL_R13489.c123.linsi",356,0.0113025607688306
"GALGAL_R13490.c123.linsi",357,0.0045974073385199
"GALGAL_R13491.c123.linsi",349,0.00580405144028964
"GALGAL_R13492.c123.linsi",359,0.00891736094681589
"GALGAL_R13493.c123.linsi",344,0.007916317132719
"GALGAL_R13494.c123.linsi",357,0.0240736990439561
"GALGAL_R13495.c123.linsi",344,0.0283821785073186
"GALGAL_R13496.c123.linsi",347,0.0623628604344477
"GALGAL_R13497.c123.linsi",358,0.0280076793987499
"GALGAL_R13498.c123.linsi",357,0.0467339364493134
"GALGAL_R13499.c123.linsi",339,0.0105970317994986
"GALGAL_R13500.c123.linsi",253,0.0152946485281892
"GALGAL_R13501.c123.linsi",346,0.0513829505656068
"GALGAL_R13502.c123.linsi",341,0.0161057662983691
"GALGAL_R13503.c123.linsi",198,0.035691105728431
"GALGAL_R13504.c123.linsi",336,0.00439230017105269
"GALGAL_R13505.c123.linsi",318,0.0116364662278845
"GALGAL_R13506.c123.linsi",322,0.00840178881506513
"GALGAL_R13507.c123.linsi",184,0.0171058108360128
"GALGAL_R13508.c123.linsi",333,0.00693870065681096
"GALGAL_R13509.c123.linsi",360,0.00656576933788417
"GALGAL_R13510.c123.linsi",340,0.00630309873985881
"GALGAL_R13511.c123.linsi",353,0.00508803547222432
"GALGAL_R13512.c123.linsi",353,0.00670593645927697
"GALGAL_R13513.c123.linsi",318,0.0150562979262048
"GALGAL_R13514.c123.linsi",312,0.012072404827841
"GALGAL_R13515.c123.linsi",329,0.0823578105398984
"GALGAL_R13516.c123.linsi",59,0.00511829565975802
"GALGAL_R13517.c123.linsi",348,0.0293260224593794
"GALGAL_R13518.c123.linsi",357,0.0143437622779877
"GALGAL_R13519.c123.linsi",352,0.00323942456834424
"GALGAL_R13520.c123.linsi",56,0.00152409258885009
"GALGAL_R13521.c123.linsi",341,0.00609873193191893
"GALGAL_R13522.c123.linsi",359,0.0155800680558026
"GALGAL_R13523.c123.linsi",331,0.0198214017301117
"GALGAL_R13525.c123.linsi",122,0.0580991435750887
"GALGAL_R13526.c123.linsi",289,0.0170218095897755
"GALGAL_R13527.c123.linsi",212,0.0267371963194979
"GALGAL_R13528.c123.linsi",180,0.0183150038268967
"GALGAL_R13529.c123.linsi",103,0.0170914398376155
"GALGAL_R13530.c123.linsi",258,0.011996136110917
"GALGAL_R13531.c123.linsi",314,0.00914960083986832
"GALGAL_R13532.c123.linsi",79,0.027714408960042
"GALGAL_R13533.c123.linsi",352,0.0205058323264753
"GALGAL_R13534.c123.linsi",350,0.0189663296134657
"GALGAL_R13535.c123.linsi",185,0.0136667172469847
"GALGAL_R13536.c123.linsi",313,0.0555176914099848
"GALGAL_R13537.c123.linsi",282,0.118100712489226
"GALGAL_R13538.c123.linsi",119,0.00896083047762224
"GALGAL_R13539.c123.linsi",211,0.0163710023879837
"GALGAL_R13540.c123.linsi",239,0.0278918478806739
"GALGAL_R13541.c123.linsi",333,0.0401084402436136
"GALGAL_R13542.c123.linsi",344,0.0128300037949717
"GALGAL_R13543.c123.linsi",349,0.0475754962173357
"GALGAL_R13544.c123.linsi",50,0.00346878276776322
"GALGAL_R13545.c123.linsi",31,0.0063226146491733
"GALGAL_R13546.c123.linsi",230,0.0125026755407784
"GALGAL_R13547.c123.linsi",353,0.00449336501890166
"GALGAL_R13548.c123.linsi",358,0.00356074587263583
"GALGAL_R13549.c123.linsi",240,0.0169190499965339
"GALGAL_R13550.c123.linsi",229,0.00991318328205253
"GALGAL_R13551.c123.linsi",347,0.016083032165248
"GALGAL_R13552.c123.linsi",352,0.00502058793329794
"GALGAL_R13553.c123.linsi",301,0.0280667132896955
"GALGAL_R13554.c123.linsi",171,0.00933201369583927
"GALGAL_R13555.c123.linsi",235,0.00756845169732423
"GALGAL_R13556.c123.linsi",146,0.00591795665365905
"GALGAL_R13557.c123.linsi",358,0.00226156451020983
"GALGAL_R13558.c123.linsi",358,0.00528448665016937
"GALGAL_R13559.c123.linsi",356,0.0117412230534157
"GALGAL_R13560.c123.linsi",287,0.00935489042193733
"GALGAL_R13561.c123.linsi",336,0.00421926392652163
"GALGAL_R13562.c123.linsi",349,0.011509834772514
"GALGAL_R13564.c123.linsi",231,0.0683974543677681
"GALGAL_R13565.c123.linsi",304,0.0102043843615986
"GALGAL_R13566.c123.linsi",351,0.00672361684624183
"GALGAL_R13567.c123.linsi",342,0.00719010111114416
"GALGAL_R13568.c123.linsi",346,0.016395728327284
"GALGAL_R13569.c123.linsi",355,0.00415981773410452
"GALGAL_R13570.c123.linsi",305,0.0236452062149957
"GALGAL_R13571.c123.linsi",188,0.0184631180957535
"GALGAL_R13572.c123.linsi",288,0.0213517777870451
"GALGAL_R13573.c123.linsi",335,0.0286027932770654
"GALGAL_R13574.c123.linsi",262,0.00965088105644223
"GALGAL_R13575.c123.linsi",361,0.00221715972360284
"GALGAL_R13577.c123.linsi",341,0.0230331555779133
"GALGAL_R13578.c123.linsi",297,0.00896254513215649
"GALGAL_R13579.c123.linsi",255,0.013761710331642
"GALGAL_R13580.c123.linsi",282,0.0388711244951438
"GALGAL_R13581.c123.linsi",265,0.0181966899495541
"GALGAL_R13582.c123.linsi",333,0.0126147576944096
"GALGAL_R13583.c123.linsi",327,0.00947373685713391
"GALGAL_R13584.c123.linsi",4,0.0124354675916139
"GALGAL_R13585.c123.linsi",245,0.0181761024667156
"GALGAL_R13586.c123.linsi",162,0.0141284122470056
"GALGAL_R13587.c123.linsi",245,0.0269465758348066
"GALGAL_R13588.c123.linsi",268,0.0193016785039677
"GALGAL_R13591.c123.linsi",168,0.0137336415645905
"GALGAL_R13592.c123.linsi",351,0.0223561785316662
"GALGAL_R13593.c123.linsi",220,0.0243610833995777
"GALGAL_R13594.c123.linsi",270,0.0158066312775658
"GALGAL_R13595.c123.linsi",6,0.0536770947775702
"GALGAL_R13596.c123.linsi",236,0.0240739928465165
"GALGAL_R13597.c123.linsi",306,0.0199896567778469
"GALGAL_R13598.c123.linsi",346,0.00566370732744062
"GALGAL_R13599.c123.linsi",306,0.0207769344524883
"GALGAL_R13600.c123.linsi",327,0.0036062029405785
"GALGAL_R13601.c123.linsi",357,0.0099896972266483
"GALGAL_R13602.c123.linsi",359,0.0102508665728804
"GALGAL_R13603.c123.linsi",356,0.0100493915302723
"GALGAL_R13604.c123.linsi",313,0.00846044332185228
"GALGAL_R13605.c123.linsi",261,0.0156789391353048
"GALGAL_R13606.c123.linsi",302,0.0194670880452463
"GALGAL_R13607.c123.linsi",361,0.00386553283987255
"GALGAL_R13608.c123.linsi",354,0.00229313483927649
"GALGAL_R13609.c123.linsi",314,0.00102668796467422
"GALGAL_R13610.c123.linsi",355,0.00853276477093854
"GALGAL_R13611.c123.linsi",243,0.00414295304848425
"GALGAL_R13612.c123.linsi",358,0.0307903275558342
"GALGAL_R13613.c123.linsi",346,0.0128035962545561
"GALGAL_R13614.c123.linsi",324,0.00588893298273633
"GALGAL_R13615.c123.linsi",346,0.0172978427620837
"GALGAL_R13616.c123.linsi",346,0.0106961602767522
"GALGAL_R13617.c123.linsi",347,0.0396620446544039
"GALGAL_R13618.c123.linsi",353,0.0401634475610245
"GALGAL_R13619.c123.linsi",353,0.00716525026544424
"GALGAL_R13620.c123.linsi",347,0.0242752334415561
"GALGAL_R13621.c123.linsi",347,0.0119794125867482
"GALGAL_R13622.c123.linsi",355,0.00758458970626291
"GALGAL_R13623.c123.linsi",350,0.0342471922944007
"GALGAL_R13624.c123.linsi",323,0.0195851354876334
"GALGAL_R13625.c123.linsi",320,0.0302085696045449
"GALGAL_R13626.c123.linsi",302,0.0734846506882072
"GALGAL_R13627.c123.linsi",361,0.00365419722690053
"GALGAL_R13628.c123.linsi",348,0.0733951646260437
"GALGAL_R13629.c123.linsi",324,0.0111788819822024
"GALGAL_R13630.c123.linsi",281,0.0295952611936482
"GALGAL_R13631.c123.linsi",329,0.0111058451648571
"GALGAL_R13632.c123.linsi",346,0.0343654231699523
"GALGAL_R13633.c123.linsi",354,0.0453638360693897
"GALGAL_R13634.c123.linsi",298,0.0588473798451413
"GALGAL_R13635.c123.linsi",355,0.0229192938196001
"GALGAL_R13636.c123.linsi",353,0.0208784732461944
"GALGAL_R13637.c123.linsi",167,0.0231824218613557
"GALGAL_R13638.c123.linsi",282,0.010588896647255
"GALGAL_R13639.c123.linsi",359,0.00461608364363499
"GALGAL_R13640.c123.linsi",360,0.00937789559548484
"GALGAL_R13641.c123.linsi",363,0.0191192427376188
"GALGAL_R13642.c123.linsi",351,0.00556540718817871
"GALGAL_R13643.c123.linsi",342,0.0272150349193205
"GALGAL_R13644.c123.linsi",329,0.0146582095949535
"GALGAL_R13645.c123.linsi",335,0.015567211571458
"GALGAL_R13646.c123.linsi",349,0.00828791981219377
"GALGAL_R13647.c123.linsi",336,0.0350384525129
"GALGAL_R13648.c123.linsi",357,0.00878878523232334
"GALGAL_R13649.c123.linsi",352,0.0106653531923149
"GALGAL_R13650.c123.linsi",309,0.0118179871871184
"GALGAL_R13651.c123.linsi",310,0.0206696037558193
"GALGAL_R13652.c123.linsi",334,0.0282300600743155
"GALGAL_R13653.c123.linsi",9,0.0185468854851517
"GALGAL_R13654.c123.linsi",352,0.0225850963713577
"GALGAL_R13655.c123.linsi",354,0.0062673648596007
"GALGAL_R13656.c123.linsi",209,0.0124214826936434
"GALGAL_R13660.c123.linsi",40,0.00662022048000459
"GALGAL_R13661.c123.linsi",97,0.0147475591798083
"GALGAL_R13665.c123.linsi",26,0.0188346027709999
"GALGAL_R13666.c123.linsi",15,0.0225682010720845
"GALGAL_R13667.c123.linsi",9,0.0311373667048831
"GALGAL_R13677.c123.linsi",44,0.0415102804520109
"GALGAL_R13714.c123.linsi",16,0.023953012946079
"GALGAL_R13715.c123.linsi",291,0.0203101206296746
"GALGAL_R13717.c123.linsi",165,0.0171311605445084
"GALGAL_R13718.c123.linsi",254,0.0102354864430122
"GALGAL_R13722.c123.linsi",11,0.0417671740827033
"GALGAL_R13748.c123.linsi",207,0.0189167442063858
"GALGAL_R13749.c123.linsi",100,0.0134338723231425
"GALGAL_R13750.c123.linsi",327,0.0105248563179863
"GALGAL_R13751.c123.linsi",315,0.0362211580624676
"GALGAL_R13752.c123.linsi",233,0.0176645135893255
"GALGAL_R13757.c123.linsi",176,0.00627705966301044
"GALGAL_R13763.c123.linsi",20,0.0497876472175365
"GALGAL_R13768.c123.linsi",23,0.0124809805675657
"GALGAL_R13769.c123.linsi",124,0.0526721902372299
"GALGAL_R13770.c123.linsi",311,0.00730838770878042
"GALGAL_R13777.c123.linsi",5,0.0305422444172965
"GALGAL_R13778.c123.linsi",7,0.00412167145490819
"GALGAL_R13779.c123.linsi",12,0.0120243844094009
"GALGAL_R13780.c123.linsi",65,0.0193475855006741
"GALGAL_R13781.c123.linsi",277,0.0223164337182347
"GALGAL_R13788.c123.linsi",246,0.0177285008177864
"GALGAL_R13791.c123.linsi",7,0.00778212109111402
"GALGAL_R13792.c123.linsi",5,0.0348138787577039
"GALGAL_R13793.c123.linsi",268,0.063968502267252
"GALGAL_R13798.c123.linsi",301,0.0162207770912209
"GALGAL_R13799.c123.linsi",358,0.0246286772416825
"GALGAL_R13803.c123.linsi",13,0.00676079369022597
"GALGAL_R13804.c123.linsi",285,0.121429609272316
"GALGAL_R13807.c123.linsi",299,0.0141842892594543
"GALGAL_R13811.c123.linsi",282,0.0122899492340372
"GALGAL_R13812.c123.linsi",7,0.0382941128668043
"GALGAL_R13814.c123.linsi",225,0.00964361766309254
"GALGAL_R13817.c123.linsi",279,0.0178947245037724
"GALGAL_R13822.c123.linsi",84,0.0273116717600631
"GALGAL_R13823.c123.linsi",47,0.0414140441134723
"GALGAL_R13824.c123.linsi",279,0.00542917355107868
"GALGAL_R13829.c123.linsi",173,0.0151128021174568
"GALGAL_R13830.c123.linsi",4,0.00886696451896201
"GALGAL_R13836.c123.linsi",104,0.0188001133092365
"GALGAL_R13839.c123.linsi",73,0.0399347895660405
"GALGAL_R13840.c123.linsi",102,0.00710610174844607
"GALGAL_R13841.c123.linsi",27,0.00388911109777754
"GALGAL_R13842.c123.linsi",15,0.0269932902232189
"GALGAL_R13843.c123.linsi",297,0.0212552136914007
"GALGAL_R13844.c123.linsi",308,0.00806494869290821
"GALGAL_R13846.c123.linsi",5,0.0577613769807138
"GALGAL_R13847.c123.linsi",41,0.0206440629540999
"GALGAL_R13848.c123.linsi",70,0.0789799502251395
"GALGAL_R13849.c123.linsi",206,0.00560823552879319
"GALGAL_R13851.c123.linsi",5,0.0625161680850954
"GALGAL_R13852.c123.linsi",4,0.00532265334432299
"GALGAL_R13854.c123.linsi",22,0.00262459612013958
"GALGAL_R13855.c123.linsi",123,0.0380918823495269
"GALGAL_R13856.c123.linsi",195,0.0317929210641898
"GALGAL_R13860.c123.linsi",139,0.0289414322004833
"GALGAL_R13863.c123.linsi",233,0.0319664751222475
"GALGAL_R13864.c123.linsi",186,0.0242905007772912
"GALGAL_R13865.c123.linsi",20,0.0169230069783945
"GALGAL_R13871.c123.linsi",124,0.0298449132909537
"GALGAL_R13874.c123.linsi",127,0.0219539672701226
"GALGAL_R13875.c123.linsi",154,0.0224495194316551
"GALGAL_R13876.c123.linsi",214,0.0206824565752618
"GALGAL_R13877.c123.linsi",15,0.0295626712239958
"GALGAL_R13878.c123.linsi",318,0.00926234413345402
"GALGAL_R13879.c123.linsi",329,0.0311353871276002
"GALGAL_R13880.c123.linsi",222,0.0103688316985495
"GALGAL_R13881.c123.linsi",226,0.00769247975639083
"GALGAL_R13882.c123.linsi",353,0.012159367136026
"GALGAL_R13883.c123.linsi",191,0.0355387700098634
"GALGAL_R13884.c123.linsi",314,0.0278456006383623
"GALGAL_R13885.c123.linsi",319,0.0474074177564735
"GALGAL_R13886.c123.linsi",325,0.0190237289136686
"GALGAL_R13887.c123.linsi",58,0.010017129411488
"GALGAL_R13888.c123.linsi",336,0.0142327992585483
"GALGAL_R13889.c123.linsi",239,0.0531273434194461
"GALGAL_R13890.c123.linsi",123,0.0274203228468937
"GALGAL_R13895.c123.linsi",334,0.0205673903672669
"GALGAL_R13896.c123.linsi",267,0.037251399981101
"GALGAL_R13904.c123.linsi",212,0.0135396253809158
"GALGAL_R13905.c123.linsi",239,0.0329596725431779
"GALGAL_R13906.c123.linsi",290,0.0626805430686441
"GALGAL_R13907.c123.linsi",155,0.0844357947122609
"GALGAL_R13908.c123.linsi",304,0.0852303179281838
"GALGAL_R13909.c123.linsi",121,0.0193224658709606
"GALGAL_R13910.c123.linsi",280,0.0210245855901891
"GALGAL_R13911.c123.linsi",169,0.010865318348472
"GALGAL_R13912.c123.linsi",141,0.0151992905655097
"GALGAL_R13913.c123.linsi",20,0.0545808702214385
"GALGAL_R13915.c123.linsi",281,0.0965747156073754
"GALGAL_R13916.c123.linsi",138,0.0538268732546867
"GALGAL_R13917.c123.linsi",277,0.0338273956797311
"GALGAL_R13919.c123.linsi",21,0.033114264128453
"GALGAL_R13920.c123.linsi",93,0.0182045425087416
"GALGAL_R13921.c123.linsi",35,0.0316437456016003
"GALGAL_R13926.c123.linsi",228,0.0675626035339836
"GALGAL_R13931.c123.linsi",29,0.0140248707069586
"GALGAL_R13932.c123.linsi",302,0.0278830336923063
"GALGAL_R13933.c123.linsi",222,0.0147760198669445
"GALGAL_R13934.c123.linsi",309,0.0029682233469401
"GALGAL_R13935.c123.linsi",283,0.0151985695775249
"GALGAL_R13936.c123.linsi",278,0.018530099496941
"GALGAL_R13937.c123.linsi",268,0.0101630648917307
"GALGAL_R13938.c123.linsi",275,0.0160341191107271
"GALGAL_R13939.c123.linsi",244,0.0482249101351132
"GALGAL_R13940.c123.linsi",336,0.0151448970105964
"GALGAL_R13941.c123.linsi",293,0.0502487845278887
"GALGAL_R13942.c123.linsi",6,0.0582679153033063
"GALGAL_R13943.c123.linsi",193,0.00303904853786388
"GALGAL_R13944.c123.linsi",343,0.0113484671827114
"GALGAL_R13945.c123.linsi",307,0.0650186444107082
"GALGAL_R13950.c123.linsi",328,0.0639056400911236
"GALGAL_R13951.c123.linsi",343,0.0329428929773686
"GALGAL_R13952.c123.linsi",265,0.0125259000528225
"GALGAL_R13953.c123.linsi",318,0.0549743442713907
"GALGAL_R13954.c123.linsi",118,0.0270841425588748
"GALGAL_R13955.c123.linsi",47,0.0220828251440286
"GALGAL_R13959.c123.linsi",355,0.0290807141972781
"GALGAL_R13960.c123.linsi",334,0.00324783076305072
"GALGAL_R13961.c123.linsi",249,0.00666069689246812
"GALGAL_R13962.c123.linsi",300,0.00775421606709072
"GALGAL_R13963.c123.linsi",276,0.0115861780998975
"GALGAL_R13964.c123.linsi",11,0.0169931384104387
"GALGAL_R13965.c123.linsi",5,0.0106518271818639
"GALGAL_R13966.c123.linsi",334,0.0318768077548118
"GALGAL_R13967.c123.linsi",21,0.00515449420467522
"GALGAL_R13968.c123.linsi",242,0.0144160915203996
"GALGAL_R13969.c123.linsi",353,0.00845446877291119
"GALGAL_R13970.c123.linsi",304,0.00466870654768197
"GALGAL_R13971.c123.linsi",339,0.0276415284334601
"GALGAL_R13972.c123.linsi",332,0.00894994777040943
"GALGAL_R13973.c123.linsi",328,0.00919478551207693
"GALGAL_R13974.c123.linsi",353,0.0361999540295097
"GALGAL_R13975.c123.linsi",24,0.0144138916113934
"GALGAL_R13978.c123.linsi",12,0.0043578918040585
"GALGAL_R13979.c123.linsi",78,0.0104147190036122
"GALGAL_R13981.c123.linsi",337,0.0534703774623698
"GALGAL_R13982.c123.linsi",361,0.00957457518353328
"GALGAL_R13983.c123.linsi",342,0.0105325833890279
"GALGAL_R13984.c123.linsi",349,0.00856004052631191
"GALGAL_R13985.c123.linsi",299,0.0138464741756572
"GALGAL_R13986.c123.linsi",189,0.00334839960995994
"GALGAL_R13987.c123.linsi",307,0.0137620502780167
"GALGAL_R13988.c123.linsi",326,0.0117155338844005
"GALGAL_R13989.c123.linsi",356,0.0131301411011564
"GALGAL_R13990.c123.linsi",357,0.0201800594650076
"GALGAL_R13991.c123.linsi",360,0.00795372004743965
"GALGAL_R13992.c123.linsi",292,0.00136414480539255
"GALGAL_R13993.c123.linsi",351,0.038249694067949
"GALGAL_R13994.c123.linsi",351,0.00364076458543576
"GALGAL_R13995.c123.linsi",359,0.00302071006087193
"GALGAL_R13996.c123.linsi",341,0.00751862873143161
"GALGAL_R13998.c123.linsi",354,0.00640612078872457
"GALGAL_R13999.c123.linsi",355,0.00567011428346291
"GALGAL_R14000.c123.linsi",354,0.0188503135697717
"GALGAL_R14001.c123.linsi",339,0.00182484668292332
"GALGAL_R14002.c123.linsi",339,0.00182315623052246
"GALGAL_R14003.c123.linsi",312,0.0083798322695147
"GALGAL_R14004.c123.linsi",343,0.0269380857846244
"GALGAL_R14005.c123.linsi",354,0.0104008020531271
"GALGAL_R14006.c123.linsi",354,0.0217666244212204
"GALGAL_R14007.c123.linsi",147,0.0227689375889426
"GALGAL_R14008.c123.linsi",353,0.0266956486356381
"GALGAL_R14009.c123.linsi",299,0.0549809143223908
"GALGAL_R14010.c123.linsi",110,0.00985606686956107
"GALGAL_R14011.c123.linsi",350,0.00582426728027333
"GALGAL_R14012.c123.linsi",318,0.00194767073811715
"GALGAL_R14013.c123.linsi",355,0.00575350357670904
"GALGAL_R14014.c123.linsi",361,0.00502379964643336
"GALGAL_R14015.c123.linsi",359,0.0144335935055388
"GALGAL_R14016.c123.linsi",361,0.00177282553127733
"GALGAL_R14017.c123.linsi",355,0.0012692958759606
"GALGAL_R14018.c123.linsi",360,0.00522267756615403
"GALGAL_R14019.c123.linsi",6,0.020749453605824
"GALGAL_R14020.c123.linsi",321,0.000996374800652935
"GALGAL_R14021.c123.linsi",347,0.00166789244560808
"GALGAL_R14022.c123.linsi",308,0.00110937116734755
"GALGAL_R14023.c123.linsi",312,0.017601013080435
"GALGAL_R14024.c123.linsi",120,0.00877306021473506
"GALGAL_R14025.c123.linsi",351,0.00658137519183729
"GALGAL_R14026.c123.linsi",243,0.00263979178303233
"GALGAL_R14027.c123.linsi",347,0.00165656614091028
"GALGAL_R14028.c123.linsi",328,0.00261622783085125
"GALGAL_R14029.c123.linsi",350,0.00277494432313776
"GALGAL_R14030.c123.linsi",318,0.00290826532811318
"GALGAL_R14031.c123.linsi",352,0.00241019604195552
"GALGAL_R14032.c123.linsi",361,0.00377438437617946
"GALGAL_R14033.c123.linsi",354,0.00431092134924042
"GALGAL_R14034.c123.linsi",348,0.0203265462909106
"GALGAL_R14035.c123.linsi",9,0.031485237080143
"GALGAL_R14036.c123.linsi",339,0.00355366519197392
"GALGAL_R14037.c123.linsi",143,0.0182617388570998
"GALGAL_R14038.c123.linsi",298,0.00112656861923572
"GALGAL_R14039.c123.linsi",304,0.0296762257085792
"GALGAL_R14040.c123.linsi",9,0.0348371545620566
"GALGAL_R14041.c123.linsi",359,0.00618223849496261
"GALGAL_R14042.c123.linsi",357,0.00221115407933526
"GALGAL_R14043.c123.linsi",360,0.0177807244733705
"GALGAL_R14044.c123.linsi",328,0.0149557706515334
"GALGAL_R14045.c123.linsi",336,0.00406903561050599
"GALGAL_R14046.c123.linsi",6,0.0278670609390031
"GALGAL_R14047.c123.linsi",154,0.0024263469481844
"GALGAL_R14048.c123.linsi",353,0.0016969365698933
"GALGAL_R14049.c123.linsi",345,0.00445498937282777
"GALGAL_R14050.c123.linsi",7,0.0284829373261308
"GALGAL_R14051.c123.linsi",356,0.00952708933727565
"GALGAL_R14052.c123.linsi",356,0.0395144098447227
"GALGAL_R14053.c123.linsi",356,0.00902497497822614
"GALGAL_R14054.c123.linsi",356,0.00551077861388058
"GALGAL_R14055.c123.linsi",349,0.00142866934275984
"GALGAL_R14056.c123.linsi",78,0.017316678269748
"GALGAL_R14057.c123.linsi",8,0.00732856365439051
"GALGAL_R14058.c123.linsi",323,0.00388510826330432
"GALGAL_R14059.c123.linsi",355,0.00421729660684409
"GALGAL_R14060.c123.linsi",267,0.00219183481981276
"GALGAL_R14061.c123.linsi",353,0.00468809257088264
"GALGAL_R14062.c123.linsi",359,0.00405441099648364
"GALGAL_R14063.c123.linsi",344,0.00171363385238696
"GALGAL_R14064.c123.linsi",354,0.00768945869903965
"GALGAL_R14065.c123.linsi",338,0.0132587735313385
"GALGAL_R14066.c123.linsi",355,0.0015415048132159
"GALGAL_R14067.c123.linsi",301,0.00709742074196892
"GALGAL_R14068.c123.linsi",358,0.00286144882080093
"GALGAL_R14069.c123.linsi",351,0.002653862241803
"GALGAL_R14070.c123.linsi",316,0.0319208423457552
"GALGAL_R14071.c123.linsi",356,0.00728908561468839
"GALGAL_R14072.c123.linsi",345,0.00281680954132491
"GALGAL_R14073.c123.linsi",312,0.00614926317150154
"GALGAL_R14074.c123.linsi",335,0.00240196097115563
"GALGAL_R14075.c123.linsi",130,0.00543327860815334
"GALGAL_R14076.c123.linsi",50,0.0472124113179853
"GALGAL_R14077.c123.linsi",354,0.0134063098071587
"GALGAL_R14078.c123.linsi",338,0.00794462922853875
"GALGAL_R14079.c123.linsi",340,0.00255640681090696
"GALGAL_R14080.c123.linsi",40,0.0096075415875649
"GALGAL_R14081.c123.linsi",356,0.0112576203029723
"GALGAL_R14082.c123.linsi",354,0.0097754542565802
"GALGAL_R14083.c123.linsi",8,0.0329885050913066
"GALGAL_R14084.c123.linsi",346,0.0146008889025369
"GALGAL_R14085.c123.linsi",33,0.00188049954781279
"GALGAL_R14086.c123.linsi",348,0.0174996118674309
"GALGAL_R14087.c123.linsi",323,0.00407305951383683
"GALGAL_R14088.c123.linsi",358,0.0106445880440111
"GALGAL_R14091.c123.linsi",324,0.0334654668092058
"GALGAL_R14092.c123.linsi",317,0.0052134404238128
"GALGAL_R14093.c123.linsi",341,0.0068689819391905
"GALGAL_R14094.c123.linsi",360,0.0217948088016015
"GALGAL_R14095.c123.linsi",356,0.0100209409015031
"GALGAL_R14096.c123.linsi",346,0.0123412220186832
"GALGAL_R14097.c123.linsi",152,0.0211554539357569
"GALGAL_R14098.c123.linsi",273,0.0105657433272733
"GALGAL_R14099.c123.linsi",344,0.0160087397043197
"GALGAL_R14100.c123.linsi",321,0.0189204074411436
"GALGAL_R14101.c123.linsi",342,0.0504410086471217
"GALGAL_R14102.c123.linsi",343,0.0314557572867752
"GALGAL_R14103.c123.linsi",344,0.0532216564389962
"GALGAL_R14104.c123.linsi",328,0.0472529458573132
"GALGAL_R14105.c123.linsi",338,0.0062466342562675
"GALGAL_R14106.c123.linsi",326,0.00742887418902878
"GALGAL_R14107.c123.linsi",286,0.0100507766627029
"GALGAL_R14108.c123.linsi",336,0.00841960677880543
"GALGAL_R14109.c123.linsi",344,0.00987656894526759
"GALGAL_R14110.c123.linsi",328,0.0262551066737083
"GALGAL_R14111.c123.linsi",198,0.00210682274215846
"GALGAL_R14112.c123.linsi",252,0.0664556461879021
"GALGAL_R14113.c123.linsi",344,0.0447329520024045
"GALGAL_R14114.c123.linsi",259,0.0104521404847156
"GALGAL_R14115.c123.linsi",311,0.00948990099711102
"GALGAL_R14116.c123.linsi",319,0.0081725437258116
"GALGAL_R14117.c123.linsi",357,0.00901930387170805
"GALGAL_R14119.c123.linsi",356,0.00331937446434414
"GALGAL_R14120.c123.linsi",312,0.00962513413596428
"GALGAL_R14121.c123.linsi",148,0.00397833034955585
"GALGAL_R14122.c123.linsi",248,0.0267683833853676
"GALGAL_R14124.c123.linsi",121,0.010967365518779
"GALGAL_R14125.c123.linsi",347,0.0155934282427109
"GALGAL_R14126.c123.linsi",43,0.0823938706113472
"GALGAL_R14127.c123.linsi",261,0.000936260116353988
"GALGAL_R14128.c123.linsi",355,0.0182292194722099
"GALGAL_R14129.c123.linsi",15,0.0180342175143764
"GALGAL_R14130.c123.linsi",296,0.0294809504133702
"GALGAL_R14131.c123.linsi",272,0.0131451409359425
"GALGAL_R14133.c123.linsi",344,0.0173316081158266
"GALGAL_R14134.c123.linsi",130,0.00619017924937156
"GALGAL_R14135.c123.linsi",4,0.0320615214272218
"GALGAL_R14136.c123.linsi",363,0.00957863064621124
"GALGAL_R14137.c123.linsi",16,0.0285566132863713
"GALGAL_R14138.c123.linsi",357,0.0046397376408443
"GALGAL_R14139.c123.linsi",360,0.00274746924211627
"GALGAL_R14140.c123.linsi",356,0.0107120886132484
"GALGAL_R14141.c123.linsi",357,0.0180268411647366
"GALGAL_R14142.c123.linsi",212,0.0153123545364405
"GALGAL_R14143.c123.linsi",357,0.00603986711684861
"GALGAL_R14144.c123.linsi",353,0.00250479087493767
"GALGAL_R14145.c123.linsi",4,0.0266821636875476
"GALGAL_R14146.c123.linsi",182,0.00981175433938402
"GALGAL_R14147.c123.linsi",361,0.00737720698956639
"GALGAL_R14149.c123.linsi",248,0.0318155963444228
"GALGAL_R14150.c123.linsi",216,0.0103221326598992
"GALGAL_R14151.c123.linsi",347,0.0420257577240114
"GALGAL_R14152.c123.linsi",335,0.0270851002255678
"GALGAL_R14153.c123.linsi",266,0.0117148275703444
"GALGAL_R14154.c123.linsi",129,0.00415784473566584
"GALGAL_R14155.c123.linsi",360,0.0101371116082114
"GALGAL_R14156.c123.linsi",249,0.0197554527810169
"GALGAL_R14157.c123.linsi",345,0.00182742358129694
"GALGAL_R14158.c123.linsi",356,0.00351908274121983
"GALGAL_R14159.c123.linsi",207,0.0212568343554489
"GALGAL_R14160.c123.linsi",28,0.0147958809027798
"GALGAL_R14161.c123.linsi",357,0.00168061894582794
"GALGAL_R14164.c123.linsi",331,0.00800686636191801
"GALGAL_R14165.c123.linsi",356,0.0082855013924394
"GALGAL_R14166.c123.linsi",346,0.00892321655842273
"GALGAL_R14167.c123.linsi",363,0.00635548482662344
"GALGAL_R14168.c123.linsi",355,0.0251268271911101
"GALGAL_R14169.c123.linsi",279,0.0018083160876319
"GALGAL_R14170.c123.linsi",132,0.0062738042320229
"GALGAL_R14171.c123.linsi",272,0.0226351738551427
"GALGAL_R14172.c123.linsi",338,0.00466138984573852
"GALGAL_R14173.c123.linsi",356,0.0346057094861512
"GALGAL_R14174.c123.linsi",215,0.00979188022031761
"GALGAL_R14175.c123.linsi",356,0.0186234322311911
"GALGAL_R14182.c123.linsi",358,0.00918996033935685
"GALGAL_R14183.c123.linsi",352,0.0328260236670377
"GALGAL_R14184.c123.linsi",354,0.00469329377528987
"GALGAL_R14185.c123.linsi",327,0.0485782055055054
"GALGAL_R14186.c123.linsi",309,0.0194108248916777
"GALGAL_R14187.c123.linsi",327,0.0122081043486117
"GALGAL_R14189.c123.linsi",323,0.00147514054486899
"GALGAL_R14190.c123.linsi",357,0.00742487875001154
"GALGAL_R14191.c123.linsi",359,0.0116680724004175
"GALGAL_R14192.c123.linsi",322,0.005492519257628
"GALGAL_R14193.c123.linsi",361,0.00949032469529078
"GALGAL_R14194.c123.linsi",329,0.00550804700315727
"GALGAL_R14195.c123.linsi",350,0.00640720640104371
"GALGAL_R14196.c123.linsi",354,0.0063728881018999
"GALGAL_R14197.c123.linsi",322,0.0193211025906498
"GALGAL_R14198.c123.linsi",344,0.0178278691296794
"GALGAL_R14199.c123.linsi",309,0.013004578837554
"GALGAL_R14200.c123.linsi",294,0.00336736573111709
"GALGAL_R14201.c123.linsi",346,0.0108838594533533
"GALGAL_R14202.c123.linsi",351,0.0115538945297156
"GALGAL_R14203.c123.linsi",341,0.0198312265312096
"GALGAL_R14204.c123.linsi",255,0.012742679186951
"GALGAL_R14205.c123.linsi",341,0.0116014323381295
"GALGAL_R14206.c123.linsi",345,0.0100087256848848
"GALGAL_R14207.c123.linsi",276,0.0113966559675799
"GALGAL_R14208.c123.linsi",274,0.0115552655214807
"GALGAL_R14209.c123.linsi",315,0.0207978624418671
"GALGAL_R14210.c123.linsi",299,0.013684155108136
"GALGAL_R14211.c123.linsi",274,0.0243461168040076
"GALGAL_R14212.c123.linsi",334,0.0174546288865922
"GALGAL_R14213.c123.linsi",306,0.0203387229843914
"GALGAL_R14214.c123.linsi",321,0.0184152935517586
"GALGAL_R14215.c123.linsi",299,0.0181784685218123
"GALGAL_R14216.c123.linsi",337,0.0229496297710013
"GALGAL_R14217.c123.linsi",284,0.0297125185571264
"GALGAL_R14218.c123.linsi",319,0.0108630123802475
"GALGAL_R14219.c123.linsi",339,0.0121028001592288
"GALGAL_R14220.c123.linsi",323,0.0432389623243266
"GALGAL_R14221.c123.linsi",26,0.0246618152827822
"GALGAL_R14222.c123.linsi",260,0.0220715827628151
"GALGAL_R14223.c123.linsi",324,0.00846850249068515
"GALGAL_R14224.c123.linsi",318,0.00973252559305567
"GALGAL_R14225.c123.linsi",309,0.0122343060749594
"GALGAL_R14226.c123.linsi",262,0.0105531509877726
"GALGAL_R14227.c123.linsi",355,0.0130400562130056
"GALGAL_R14228.c123.linsi",299,0.0206404793069513
"GALGAL_R14229.c123.linsi",354,0.0107035866352401
"GALGAL_R14230.c123.linsi",354,0.0101809039238574
"GALGAL_R14231.c123.linsi",351,0.0167234958080002
"GALGAL_R14232.c123.linsi",354,0.0327707151014199
"GALGAL_R14233.c123.linsi",346,0.00483172358301204
"GALGAL_R14234.c123.linsi",309,0.0102140393674493
"GALGAL_R14235.c123.linsi",300,0.0223174833702212
"GALGAL_R14236.c123.linsi",349,0.0163016742848386
"GALGAL_R14237.c123.linsi",349,0.0255999584144716
"GALGAL_R14238.c123.linsi",346,0.0107193498929105
"GALGAL_R14239.c123.linsi",352,0.00465957120614476
"GALGAL_R14240.c123.linsi",354,0.0048465100357171
"GALGAL_R14241.c123.linsi",335,0.0022032726001298
"GALGAL_R14242.c123.linsi",156,0.00296440034681088
"GALGAL_R14243.c123.linsi",355,0.00550482634058261
"GALGAL_R14244.c123.linsi",356,0.00278234093436139
"GALGAL_R14245.c123.linsi",358,0.0115007940321148
"GALGAL_R14246.c123.linsi",299,0.00358257524909903
"GALGAL_R14247.c123.linsi",303,0.00326835571929507
"GALGAL_R14248.c123.linsi",328,0.00395369219137523
"GALGAL_R14249.c123.linsi",351,0.00639947029244525
"GALGAL_R14250.c123.linsi",343,0.00256375072358535
"GALGAL_R14251.c123.linsi",350,0.00278163462006695
"GALGAL_R14252.c123.linsi",355,0.00527193397939395
"GALGAL_R14253.c123.linsi",360,0.00441677082101815
"GALGAL_R14254.c123.linsi",358,0.00429181288804139
"GALGAL_R14255.c123.linsi",348,0.0116275186008088
"GALGAL_R14256.c123.linsi",357,0.0169397769153096
"GALGAL_R14257.c123.linsi",359,0.00289146828246714
"GALGAL_R14258.c123.linsi",360,0.00582066302082627
"GALGAL_R14259.c123.linsi",345,0.00214626046712125
"GALGAL_R14260.c123.linsi",322,0.00308144029211558
"GALGAL_R14261.c123.linsi",328,0.00150307663704532
"GALGAL_R14262.c123.linsi",352,0.00253938416827368
"GALGAL_R14263.c123.linsi",345,0.00780743680018964
"GALGAL_R14264.c123.linsi",352,0.00630323713090389
"GALGAL_R14265.c123.linsi",347,0.0067961722673576
"GALGAL_R14266.c123.linsi",360,0.00476546006764551
"GALGAL_R14267.c123.linsi",352,0.00683596685343218
"GALGAL_R14268.c123.linsi",357,0.00372198212914825
"GALGAL_R14269.c123.linsi",332,0.0201795135733339
"GALGAL_R14270.c123.linsi",338,0.0078966221429728
"GALGAL_R14271.c123.linsi",355,0.0088465902489543
"GALGAL_R14272.c123.linsi",353,0.00665382448560262
"GALGAL_R14273.c123.linsi",348,0.00805824597091378
"GALGAL_R14274.c123.linsi",344,0.00712012878573387
"GALGAL_R14275.c123.linsi",333,0.00989886591427184
"GALGAL_R14276.c123.linsi",339,0.00394692010769432
"GALGAL_R14277.c123.linsi",352,0.0290313767919799
"GALGAL_R14278.c123.linsi",358,0.0172098493498993
"GALGAL_R14279.c123.linsi",362,0.00354712473983868
"GALGAL_R14280.c123.linsi",248,0.00935050270460091
"GALGAL_R14281.c123.linsi",325,0.00747038827475374
"GALGAL_R14282.c123.linsi",362,0.00459697387129705
"GALGAL_R14283.c123.linsi",306,0.0082555314247522
"GALGAL_R14284.c123.linsi",356,0.0287013734448698
"GALGAL_R14285.c123.linsi",361,0.0046105057231131
"GALGAL_R14286.c123.linsi",362,0.00274218306819862
"GALGAL_R14287.c123.linsi",348,0.0023062567950984
"GALGAL_R14288.c123.linsi",361,0.00237506956660142
"GALGAL_R14289.c123.linsi",355,0.00231501474175767
"GALGAL_R14290.c123.linsi",356,0.00227779612709898
"GALGAL_R14291.c123.linsi",353,0.000951635295991605
"GALGAL_R14292.c123.linsi",333,0.00523041573836616
"GALGAL_R14293.c123.linsi",350,0.00598902627656907
"GALGAL_R14294.c123.linsi",355,0.00885795721973221
"GALGAL_R14295.c123.linsi",361,0.00902471724007764
"GALGAL_R14296.c123.linsi",318,0.00106665273893946
"GALGAL_R14297.c123.linsi",345,0.00204745852982076
"GALGAL_R14298.c123.linsi",348,0.00544075932300348
"GALGAL_R14299.c123.linsi",362,0.00231821165634055
"GALGAL_R14300.c123.linsi",360,0.00206607722396559
"GALGAL_R14301.c123.linsi",353,0.00228095417394331
"GALGAL_R14302.c123.linsi",361,0.0124196703582297
"GALGAL_R14303.c123.linsi",341,0.00182415062507307
"GALGAL_R14304.c123.linsi",329,0.00151979437302212
"GALGAL_R14305.c123.linsi",330,0.000986529600640992
"GALGAL_R14306.c123.linsi",362,0.00225530072098563
"GALGAL_R14307.c123.linsi",349,0.00206725530111699
"GALGAL_R14308.c123.linsi",308,0.00172940178980628
"GALGAL_R14309.c123.linsi",358,0.00550382536840981
"GALGAL_R14310.c123.linsi",360,0.00287875652379954
"GALGAL_R14311.c123.linsi",102,0.005161094728388
"GALGAL_R14312.c123.linsi",354,0.00972014260686455
"GALGAL_R14313.c123.linsi",358,0.00541242176330654
"GALGAL_R14314.c123.linsi",357,0.00274230824356127
"GALGAL_R14315.c123.linsi",357,0.00429378419418518
"GALGAL_R14316.c123.linsi",356,0.00686561940372341
"GALGAL_R14317.c123.linsi",360,0.0034281528041277
"GALGAL_R14318.c123.linsi",353,0.0356512814932349
"GALGAL_R14319.c123.linsi",357,0.0255253866862254
"GALGAL_R14320.c123.linsi",352,0.00199628763302483
"GALGAL_R14322.c123.linsi",10,0.000798296959875646
"GALGAL_R14323.c123.linsi",357,0.00197022459083407
"GALGAL_R14324.c123.linsi",355,0.00396748019931922
"GALGAL_R14325.c123.linsi",338,0.00303789942842028
"GALGAL_R14326.c123.linsi",301,0.00111815967491715
"GALGAL_R14327.c123.linsi",329,0.0034719839675146
"GALGAL_R14328.c123.linsi",362,0.00861972926313539
"GALGAL_R14329.c123.linsi",356,0.00612362869907999
"GALGAL_R14330.c123.linsi",275,0.00559821294654589
"GALGAL_R14331.c123.linsi",303,0.00924475487715272
"GALGAL_R14332.c123.linsi",243,0.00263714249124125
"GALGAL_R14333.c123.linsi",351,0.0081170289357419
"GALGAL_R14334.c123.linsi",312,0.000969793574245867
"GALGAL_R14335.c123.linsi",357,0.027811245888072
"GALGAL_R14336.c123.linsi",131,0.0061579849942564
"GALGAL_R14337.c123.linsi",282,0.00160131898575447
"GALGAL_R14338.c123.linsi",305,0.00191276302578995
"GALGAL_R14339.c123.linsi",358,0.00895607575112948
"GALGAL_R14340.c123.linsi",294,0.00224779319960802
"GALGAL_R14341.c123.linsi",337,0.00335685144755163
"GALGAL_R14342.c123.linsi",336,0.00131246059340029
"GALGAL_R14343.c123.linsi",360,0.0264592229043218
"GALGAL_R14344.c123.linsi",358,0.00258177058124393
"GALGAL_R14345.c123.linsi",354,0.00476703490868761
"GALGAL_R14346.c123.linsi",356,0.00137418707246411
"GALGAL_R14347.c123.linsi",273,0.0239601830121035
"GALGAL_R14348.c123.linsi",362,0.00224698976899121
"GALGAL_R14349.c123.linsi",360,0.0018602022072305
"GALGAL_R14350.c123.linsi",274,0.00466010853681816
"GALGAL_R14351.c123.linsi",352,0.00217164434216219
"GALGAL_R14352.c123.linsi",355,0.00326054564250659
"GALGAL_R14353.c123.linsi",242,0.0107972131392456
"GALGAL_R14354.c123.linsi",360,0.00195771291679593
"GALGAL_R14355.c123.linsi",357,0.0053202630215978
"GALGAL_R14356.c123.linsi",361,0.00462469378509038
"GALGAL_R14357.c123.linsi",313,0.0215545883178146
"GALGAL_R14358.c123.linsi",347,0.00216499000597574
"GALGAL_R14359.c123.linsi",360,0.001226179593736
"GALGAL_R14360.c123.linsi",339,0.00184719206173926
"GALGAL_R14361.c123.linsi",351,0.00401987964764338
"GALGAL_R14362.c123.linsi",319,0.00770838758640212
"GALGAL_R14363.c123.linsi",299,0.00276998352498143
"GALGAL_R14364.c123.linsi",350,0.00220519710134983
"GALGAL_R14365.c123.linsi",333,0.00175320163034629
"GALGAL_R14366.c123.linsi",357,0.00545298235981837
"GALGAL_R14367.c123.linsi",357,0.00395516063726424
"GALGAL_R14368.c123.linsi",359,0.00180779134945092
"GALGAL_R14369.c123.linsi",351,0.00260294370993313
"GALGAL_R14370.c123.linsi",324,0.000406051297546612
"GALGAL_R14371.c123.linsi",354,0.00610567081703762
"GALGAL_R14372.c123.linsi",357,0.0110543298977751
"GALGAL_R14373.c123.linsi",356,0.00780624905083966
"GALGAL_R14374.c123.linsi",344,0.00346974038500298
"GALGAL_R14375.c123.linsi",361,0.00366553787538903
"GALGAL_R14376.c123.linsi",355,0.00185878803422115
"GALGAL_R14377.c123.linsi",359,0.00657733440276685
"GALGAL_R14378.c123.linsi",352,0.0269473704250057
"GALGAL_R14379.c123.linsi",324,0.00922478333232322
"GALGAL_R14380.c123.linsi",360,0.00514840533841104
"GALGAL_R14381.c123.linsi",349,0.00432957193195275
"GALGAL_R14382.c123.linsi",352,0.00286601270470135
"GALGAL_R14383.c123.linsi",335,0.0119895263901879
"GALGAL_R14384.c123.linsi",355,0.00404163567353899
"GALGAL_R14385.c123.linsi",363,0.00119196883064932
"GALGAL_R14386.c123.linsi",214,0.00543314527790839
"GALGAL_R14387.c123.linsi",361,0.00566606807077759
"GALGAL_R14388.c123.linsi",360,0.0185690643542594
"GALGAL_R14389.c123.linsi",341,0.00687164666141229
"GALGAL_R14390.c123.linsi",263,0.00430637811258055
"GALGAL_R14391.c123.linsi",351,0.0120461892102498
"GALGAL_R14392.c123.linsi",17,0.00629472953352179
"GALGAL_R14393.c123.linsi",350,0.00388292483643896
"GALGAL_R14394.c123.linsi",352,0.0124975833522406
"GALGAL_R14395.c123.linsi",352,0.00855225174284958
"GALGAL_R14396.c123.linsi",349,0.020278335450624
"GALGAL_R14397.c123.linsi",354,0.0183356670567447
"GALGAL_R14398.c123.linsi",362,0.0139288744953846
"GALGAL_R14399.c123.linsi",362,0.0129173466633999
"GALGAL_R14400.c123.linsi",166,0.00768936382326203
"GALGAL_R14401.c123.linsi",353,0.0149887407084303
"GALGAL_R14402.c123.linsi",320,0.0255272962798616
"GALGAL_R14403.c123.linsi",339,0.00901255681293627
"GALGAL_R14404.c123.linsi",356,0.0159729704215494
"GALGAL_R14405.c123.linsi",347,0.0119368095334304
"GALGAL_R14406.c123.linsi",347,0.0112966508433526
"GALGAL_R14407.c123.linsi",335,0.0308288050789857
"GALGAL_R14408.c123.linsi",307,0.0165864493840009
"GALGAL_R14409.c123.linsi",346,0.00352527861777187
"GALGAL_R14410.c123.linsi",362,0.0068144233934428
"GALGAL_R14411.c123.linsi",331,0.0195289369496386
"GALGAL_R14412.c123.linsi",316,0.0159173372193127
"GALGAL_R14413.c123.linsi",361,0.00723229082052696
"GALGAL_R14414.c123.linsi",359,0.00079673331829254
"GALGAL_R14415.c123.linsi",304,0.0156543944480934
"GALGAL_R14417.c123.linsi",348,0.0232562904970739
"GALGAL_R14418.c123.linsi",334,0.0304167542729957
"GALGAL_R14419.c123.linsi",356,0.0107318242001601
"GALGAL_R14420.c123.linsi",361,0.00290428777079999
"GALGAL_R14421.c123.linsi",332,0.0085945547309023
"GALGAL_R14422.c123.linsi",342,0.00622855279971469
"GALGAL_R14423.c123.linsi",362,0.00387902879145949
"GALGAL_R14424.c123.linsi",342,0.009240472914153
"GALGAL_R14425.c123.linsi",355,0.0375625561877426
"GALGAL_R14426.c123.linsi",348,0.0176576998249997
"GALGAL_R14427.c123.linsi",351,0.0200078290185527
"GALGAL_R14428.c123.linsi",352,0.0075171056511422
"GALGAL_R14429.c123.linsi",247,0.0254829968573102
"GALGAL_R14430.c123.linsi",320,0.00472812229171262
"GALGAL_R14431.c123.linsi",357,0.0038677157759447
"GALGAL_R14432.c123.linsi",357,0.00992900951376363
"GALGAL_R14433.c123.linsi",357,0.00587084550949012
"GALGAL_R14434.c123.linsi",345,0.00327333882078369
"GALGAL_R14435.c123.linsi",320,0.00603674447567174
"GALGAL_R14436.c123.linsi",347,0.00345861146777603
"GALGAL_R14437.c123.linsi",353,0.0162688589633038
"GALGAL_R14438.c123.linsi",353,0.0101174307299566
"GALGAL_R14439.c123.linsi",188,0.00298338612179332
"GALGAL_R14440.c123.linsi",354,0.00309227663708238
"GALGAL_R14441.c123.linsi",346,0.0372895124181774
"GALGAL_R14442.c123.linsi",344,0.0079950698111555
"GALGAL_R14443.c123.linsi",188,0.000234853023476257
"GALGAL_R14444.c123.linsi",341,0.0131544060516852
"GALGAL_R14445.c123.linsi",341,0.0115807044683337
"GALGAL_R14446.c123.linsi",83,0.0105581898433269
"GALGAL_R14447.c123.linsi",337,0.00325508563868442
"GALGAL_R14448.c123.linsi",334,0.00410934516072229
"GALGAL_R14449.c123.linsi",282,0.00114183208862263
"GALGAL_R14450.c123.linsi",360,0.00483545900616731
"GALGAL_R14451.c123.linsi",358,0.00788568367156418
"GALGAL_R14452.c123.linsi",321,0.0257087059851991
"GALGAL_R14453.c123.linsi",337,0.00270196085423258
"GALGAL_R14455.c123.linsi",325,0.0165692124089061
"GALGAL_R14456.c123.linsi",5,0.0713575760577042
"GALGAL_R14457.c123.linsi",23,0.0116587079199027
"GALGAL_R14458.c123.linsi",327,0.0176285462656861
"GALGAL_R14459.c123.linsi",295,0.0288525483810738
"GALGAL_R14460.c123.linsi",307,0.00820092992407133
"GALGAL_R14461.c123.linsi",344,0.0167433001382777
"GALGAL_R14462.c123.linsi",357,0.0112032976543704
"GALGAL_R14463.c123.linsi",321,0.0172283519825681
"GALGAL_R14464.c123.linsi",318,0.00376379233616776
"GALGAL_R14465.c123.linsi",324,0.00780312601514309
"GALGAL_R14466.c123.linsi",341,0.0110364811527696
"GALGAL_R14467.c123.linsi",358,0.00360120958353978
"GALGAL_R14468.c123.linsi",176,0.00300036212900912
"GALGAL_R14469.c123.linsi",358,0.00334972739619804
"GALGAL_R14470.c123.linsi",357,0.0061972208652664
"GALGAL_R14471.c123.linsi",361,0.0136646118609301
"GALGAL_R14472.c123.linsi",338,0.0129863016813379
"GALGAL_R14473.c123.linsi",355,0.0123974893041624
"GALGAL_R14474.c123.linsi",362,0.0306547359531114
"GALGAL_R14475.c123.linsi",18,0.031820662271499
"GALGAL_R14480.c123.linsi",240,0.00716400431840656
"GALGAL_R14481.c123.linsi",175,0.00579081921559637
"GALGAL_R14482.c123.linsi",285,0.0103417225328447
"GALGAL_R14483.c123.linsi",37,0.0208400140511233
"GALGAL_R14484.c123.linsi",262,0.0198065222977774
"GALGAL_R14485.c123.linsi",264,0.0174724104966761
"GALGAL_R14486.c123.linsi",295,0.00615613715636677
"GALGAL_R14487.c123.linsi",317,0.0218979213628059
"GALGAL_R14488.c123.linsi",272,0.0180997247426688
"GALGAL_R14489.c123.linsi",336,0.00637734603633401
"GALGAL_R14490.c123.linsi",334,0.0254883939575493
"GALGAL_R14491.c123.linsi",21,0.0209928789691867
"GALGAL_R14492.c123.linsi",322,0.00794382251308179
"GALGAL_R14493.c123.linsi",353,0.0106384864917818
"GALGAL_R14494.c123.linsi",356,0.00975819987027205
"GALGAL_R14495.c123.linsi",283,0.0227363276461677
"GALGAL_R14496.c123.linsi",329,0.00764454858213061
"GALGAL_R14497.c123.linsi",338,0.0291022202654749
"GALGAL_R14498.c123.linsi",349,0.00550805346524178
"GALGAL_R14499.c123.linsi",356,0.00976411662925234
"GALGAL_R14500.c123.linsi",339,0.00655598466208441
"GALGAL_R14501.c123.linsi",346,0.00505149718665278
"GALGAL_R14502.c123.linsi",354,0.00969541431284985
"GALGAL_R14503.c123.linsi",66,0.0263183627429191
"GALGAL_R14504.c123.linsi",359,0.00884818817165647
"GALGAL_R14505.c123.linsi",339,0.00882125360579504
"GALGAL_R14506.c123.linsi",357,0.0137868636973088
"GALGAL_R14507.c123.linsi",345,0.00337231527829437
"GALGAL_R14508.c123.linsi",356,0.0141912842654483
"GALGAL_R14509.c123.linsi",326,0.00611781952620723
"GALGAL_R14510.c123.linsi",343,0.00590797454714081
"GALGAL_R14511.c123.linsi",353,0.0113460558828497
"GALGAL_R14512.c123.linsi",328,0.0208404012697347
"GALGAL_R14513.c123.linsi",24,0.0231298161092845
"GALGAL_R14514.c123.linsi",360,0.008551738412686
"GALGAL_R14515.c123.linsi",337,0.0117656757616666
"GALGAL_R14516.c123.linsi",247,0.0137583226009503
"GALGAL_R14517.c123.linsi",7,0.0192993440854424
"GALGAL_R14518.c123.linsi",59,0.0127547048937815
"GALGAL_R14519.c123.linsi",4,0.0255393545336822
"GALGAL_R14520.c123.linsi",322,0.0122059087012962
"GALGAL_R14521.c123.linsi",269,0.00822359063945469
"GALGAL_R14522.c123.linsi",304,0.00686767879246073
"GALGAL_R14523.c123.linsi",337,0.0071328965848992
"GALGAL_R14524.c123.linsi",318,0.00803941701524308
"GALGAL_R14525.c123.linsi",58,0.0138562012924243
"GALGAL_R14526.c123.linsi",171,0.00728811775895121
"GALGAL_R14528.c123.linsi",335,0.00691006465854294
"GALGAL_R14529.c123.linsi",257,0.0131516150567281
"GALGAL_R14531.c123.linsi",8,0.0217057645763393
"GALGAL_R14534.c123.linsi",349,0.0227994326934352
"GALGAL_R14535.c123.linsi",209,0.0199115551498675
"GALGAL_R14536.c123.linsi",293,0.00756131532716179
"GALGAL_R14540.c123.linsi",98,0.00914671251189096
"GALGAL_R14541.c123.linsi",345,0.0194787321563425
"GALGAL_R14542.c123.linsi",357,0.019554226495712
"GALGAL_R14543.c123.linsi",354,0.0277552687820634
"GALGAL_R14544.c123.linsi",354,0.0279370958043658
"GALGAL_R14545.c123.linsi",271,0.00892501490119278
"GALGAL_R14546.c123.linsi",313,0.00918489041178373
"GALGAL_R14547.c123.linsi",231,0.0219760138954069
"GALGAL_R14548.c123.linsi",313,0.0168317081700486
"GALGAL_R14549.c123.linsi",44,0.00670234054091491
"GALGAL_R14550.c123.linsi",349,0.00959113277267423
"GALGAL_R14551.c123.linsi",360,0.00396310752671958
"GALGAL_R14552.c123.linsi",318,0.00954723158506509
"GALGAL_R14553.c123.linsi",351,0.00414289002748959
"GALGAL_R14554.c123.linsi",356,0.0086144111009924
"GALGAL_R14555.c123.linsi",360,0.00803281602899989
"GALGAL_R14556.c123.linsi",358,0.00497700580907275
"GALGAL_R14557.c123.linsi",347,0.00527009097564556
"GALGAL_R14558.c123.linsi",353,0.00348764701589309
"GALGAL_R14559.c123.linsi",359,0.0112274560558555
"GALGAL_R14560.c123.linsi",356,0.0221172932905598
"GALGAL_R14561.c123.linsi",361,0.00325623068304226
"GALGAL_R14562.c123.linsi",349,0.0114334554934782
"GALGAL_R14563.c123.linsi",340,0.014426726190824
"GALGAL_R14564.c123.linsi",35,0.0109921159928006
"GALGAL_R14565.c123.linsi",23,0.0453080822341875
"GALGAL_R14566.c123.linsi",8,0.00129159822510162
"GALGAL_R14567.c123.linsi",23,0.00939196016047781
"GALGAL_R14568.c123.linsi",231,0.00206761443389724
"GALGAL_R14569.c123.linsi",320,0.0134790730433849
"GALGAL_R14570.c123.linsi",350,0.0174842903591136
"GALGAL_R14571.c123.linsi",338,0.00315770618094334
"GALGAL_R14572.c123.linsi",332,0.019284628146522
"GALGAL_R14573.c123.linsi",343,0.0189147336865677
"GALGAL_R14574.c123.linsi",340,0.0137755348234282
"GALGAL_R14575.c123.linsi",53,0.0512934149871423
"GALGAL_R14576.c123.linsi",351,0.00884878345938433
"GALGAL_R14577.c123.linsi",350,0.00874661828403631
"GALGAL_R14578.c123.linsi",345,0.00557107523394739
"GALGAL_R14579.c123.linsi",361,0.0237507165973707
"GALGAL_R14580.c123.linsi",350,0.00311818560093478
"GALGAL_R14581.c123.linsi",359,0.0122518005095259
"GALGAL_R14582.c123.linsi",350,0.0123024007314981
"GALGAL_R14583.c123.linsi",340,0.00875855174131458
"GALGAL_R14584.c123.linsi",360,0.00227758339322911
"GALGAL_R14585.c123.linsi",357,0.00773723608940344
"GALGAL_R14586.c123.linsi",351,0.00637302656268698
"GALGAL_R14587.c123.linsi",356,0.00951679174992785
"GALGAL_R14588.c123.linsi",356,0.00150858394639965
"GALGAL_R14589.c123.linsi",354,0.00384311038964124
"GALGAL_R14590.c123.linsi",359,0.00361651342002167
"GALGAL_R14591.c123.linsi",351,0.00512020236331452
"GALGAL_R14592.c123.linsi",347,0.00306127131212252
"GALGAL_R14593.c123.linsi",337,0.00827250372463987
"GALGAL_R14594.c123.linsi",351,0.00578355059621643
"GALGAL_R14595.c123.linsi",335,0.00288627667752623
"GALGAL_R14596.c123.linsi",349,0.00493624429689542
"GALGAL_R14597.c123.linsi",346,0.00620424443455359
"GALGAL_R14598.c123.linsi",363,0.0282973489405431
"GALGAL_R14599.c123.linsi",352,0.00869297052259944
"GALGAL_R14600.c123.linsi",359,0.0113599150057585
"GALGAL_R14601.c123.linsi",303,0.0246757159196977
"GALGAL_R14603.c123.linsi",14,0.00374244908851817
"GALGAL_R14604.c123.linsi",193,0.00249800469966104
"GALGAL_R14605.c123.linsi",357,0.0155333644743066
"GALGAL_R14606.c123.linsi",45,0.0058164009192492
"GALGAL_R14607.c123.linsi",296,0.0212562746715044
"GALGAL_R14608.c123.linsi",331,0.0111958439130308
"GALGAL_R14610.c123.linsi",277,0.0352819908530199
"GALGAL_R14611.c123.linsi",356,0.0274029400280651
"GALGAL_R14612.c123.linsi",347,0.00521044391338781
"GALGAL_R14613.c123.linsi",354,0.00346007638647023
"GALGAL_R14614.c123.linsi",285,0.0144864530304658
"GALGAL_R14615.c123.linsi",352,0.0131137683562773
"GALGAL_R14616.c123.linsi",362,0.0582350836391433
"GALGAL_R14617.c123.linsi",338,0.0057752344028509
"GALGAL_R14618.c123.linsi",351,0.00700725064477016
"GALGAL_R14619.c123.linsi",343,0.00813164121879598
"GALGAL_R14620.c123.linsi",329,0.000746807399275877
"GALGAL_R14621.c123.linsi",320,0.0124981869114012
"GALGAL_R14622.c123.linsi",239,0.01594677411154
"GALGAL_R14623.c123.linsi",345,0.0139126704182161
"GALGAL_R14624.c123.linsi",343,0.00420143105578299
"GALGAL_R14625.c123.linsi",357,0.00517940229865432
"GALGAL_R14626.c123.linsi",337,0.0039240431280018
"GALGAL_R14627.c123.linsi",173,0.00416276432477762
"GALGAL_R14628.c123.linsi",346,0.00940731344464091
"GALGAL_R14629.c123.linsi",356,0.00477399484989829
"GALGAL_R14630.c123.linsi",349,0.00719733603133183
"GALGAL_R14631.c123.linsi",355,0.0164047632023356
"GALGAL_R14632.c123.linsi",327,0.0044235507758074
"GALGAL_R14633.c123.linsi",329,0.00541048753384153
"GALGAL_R14634.c123.linsi",354,0.00105304657321356
"GALGAL_R14635.c123.linsi",19,0.0125985286878893
"GALGAL_R14636.c123.linsi",308,0.0105794914513579
"GALGAL_R14637.c123.linsi",314,0.00339688278604128
"GALGAL_R14638.c123.linsi",345,0.00551595658652156
"GALGAL_R14639.c123.linsi",352,0.0146734240269518
"GALGAL_R14640.c123.linsi",356,0.00885333065414535
"GALGAL_R14641.c123.linsi",335,0.0164846305541541
"GALGAL_R14642.c123.linsi",351,0.0160419362956374
"GALGAL_R14643.c123.linsi",351,0.0212184970000816
"GALGAL_R14644.c123.linsi",350,0.00647660291711423
"GALGAL_R14645.c123.linsi",345,0.0257396698434825
"GALGAL_R14646.c123.linsi",354,0.0146452470690196
"GALGAL_R14647.c123.linsi",12,0.0255869881986077
"GALGAL_R14648.c123.linsi",338,0.00272665851538244
"GALGAL_R14649.c123.linsi",295,0.00544662763894139
"GALGAL_R14650.c123.linsi",321,0.00745430482905498
"GALGAL_R14651.c123.linsi",309,0.0131643953059102
"GALGAL_R14652.c123.linsi",105,0.000712499012740178
"GALGAL_R14653.c123.linsi",316,0.00638911319092097
"GALGAL_R14654.c123.linsi",266,0.0306311819088216
"GALGAL_R14655.c123.linsi",125,0.0177604974635979
"GALGAL_R14656.c123.linsi",335,0.00977609161135986
"GALGAL_R14657.c123.linsi",355,0.00500179403143565
"GALGAL_R14658.c123.linsi",355,0.00630814447898242
"GALGAL_R14659.c123.linsi",360,0.00182029221305838
"GALGAL_R14660.c123.linsi",331,0.00442433876990886
"GALGAL_R14661.c123.linsi",363,0.00658332732204123
"GALGAL_R14662.c123.linsi",311,0.00330133223319788
"GALGAL_R14663.c123.linsi",234,0.00354079807636666
"GALGAL_R14664.c123.linsi",357,0.013470630227484
"GALGAL_R14665.c123.linsi",354,0.00693307546455363
"GALGAL_R14666.c123.linsi",352,0.00498189054771602
"GALGAL_R14667.c123.linsi",351,0.0117574643589674
"GALGAL_R14668.c123.linsi",357,0.00555004863052609
"GALGAL_R14669.c123.linsi",86,0.00597464515567275
"GALGAL_R14670.c123.linsi",328,0.10466843970832
"GALGAL_R14671.c123.linsi",336,0.0310712996515178
"GALGAL_R14672.c123.linsi",333,0.03721034511295
"GALGAL_R14673.c123.linsi",345,0.0378090399024741
"GALGAL_R14674.c123.linsi",340,0.0318022394309241
"GALGAL_R14675.c123.linsi",343,0.0506543898787546
"GALGAL_R14676.c123.linsi",345,0.012791427928137
"GALGAL_R14677.c123.linsi",360,0.0311057091159877
"GALGAL_R14678.c123.linsi",342,0.0861025232646644
"GALGAL_R14679.c123.linsi",98,0.0141698360517394
"GALGAL_R14680.c123.linsi",328,0.00563426927729243
"GALGAL_R14682.c123.linsi",21,0.0201818198955748
"GALGAL_R14683.c123.linsi",213,0.0415974315810769
"GALGAL_R14684.c123.linsi",345,0.0150466776315619
"GALGAL_R14685.c123.linsi",336,0.0515462612484099
"GALGAL_R14686.c123.linsi",314,0.0110171827198365
"GALGAL_R14687.c123.linsi",358,0.00192304615079272
"GALGAL_R14688.c123.linsi",250,0.00219766053940597
"GALGAL_R14689.c123.linsi",326,0.00393142982981031
"GALGAL_R14690.c123.linsi",352,0.00839607810376825
"GALGAL_R14691.c123.linsi",91,0.00215166863532883
"GALGAL_R14692.c123.linsi",359,0.0746875224611099
"GALGAL_R14693.c123.linsi",354,0.0193161243207026
"GALGAL_R14694.c123.linsi",361,0.0143478062886859
"GALGAL_R14695.c123.linsi",7,0.0515501370687334
"GALGAL_R14696.c123.linsi",333,0.00793632343534688
"GALGAL_R14697.c123.linsi",348,0.0104266411169075
"GALGAL_R14698.c123.linsi",348,0.0249381485602017
"GALGAL_R14699.c123.linsi",25,0.0123653340930239
"GALGAL_R14700.c123.linsi",357,0.00991405349663567
"GALGAL_R14701.c123.linsi",233,0.00461929161964069
"GALGAL_R14702.c123.linsi",214,0.00144449086793236
"GALGAL_R14703.c123.linsi",8,0.00144023619766676
"GALGAL_R14704.c123.linsi",332,0.0501126649342706
"GALGAL_R14705.c123.linsi",344,0.00458169476160216
"GALGAL_R14706.c123.linsi",363,0.00279612642271359
"GALGAL_R14707.c123.linsi",351,0.00566764642228478
"GALGAL_R14708.c123.linsi",352,0.00810397743320388
"GALGAL_R14709.c123.linsi",318,0.00522567055294979
"GALGAL_R14710.c123.linsi",359,0.0285573405614595
"GALGAL_R14711.c123.linsi",336,0.00528333248158238
"GALGAL_R14712.c123.linsi",354,0.00465224221717697
"GALGAL_R14713.c123.linsi",344,0.0128369664274845
"GALGAL_R14714.c123.linsi",287,0.0211894609524885
"GALGAL_R14715.c123.linsi",343,0.0577192197809008
"GALGAL_R14716.c123.linsi",359,0.0037037676423025
"GALGAL_R14717.c123.linsi",260,0.00726172881050135
"GALGAL_R14718.c123.linsi",354,0.00296773866114098
"GALGAL_R14719.c123.linsi",354,0.0017792828938705
"GALGAL_R14720.c123.linsi",357,0.028614569529197
"GALGAL_R14721.c123.linsi",327,0.00488811856785183
"GALGAL_R14722.c123.linsi",355,0.034775326106209
"GALGAL_R14723.c123.linsi",340,0.0102076183944363
"GALGAL_R14724.c123.linsi",355,0.0102155852699438
"GALGAL_R14725.c123.linsi",347,0.00908650730907227
"GALGAL_R14726.c123.linsi",334,0.00962298178470278
"GALGAL_R14727.c123.linsi",362,0.00350840183548969
"GALGAL_R14728.c123.linsi",328,0.00745566735338884
"GALGAL_R14729.c123.linsi",345,0.0208454762629592
"GALGAL_R14730.c123.linsi",324,0.011766503624903
"GALGAL_R14731.c123.linsi",333,0.011739355050569
"GALGAL_R14732.c123.linsi",345,0.0234988647747919
"GALGAL_R14733.c123.linsi",341,0.00344883989652568
"GALGAL_R14734.c123.linsi",355,0.0160621398288832
"GALGAL_R14735.c123.linsi",347,0.0286156939126691
"GALGAL_R14736.c123.linsi",359,0.0123588773789244
"GALGAL_R14737.c123.linsi",360,0.00366583404795869
"GALGAL_R14738.c123.linsi",362,0.00304942098603517
"GALGAL_R14739.c123.linsi",347,0.00633602879664309
"GALGAL_R14740.c123.linsi",359,0.00618189459861631
"GALGAL_R14741.c123.linsi",360,0.0112519581363452
"GALGAL_R14742.c123.linsi",344,0.0077471391426669
"GALGAL_R14743.c123.linsi",358,0.00292855279840339
"GALGAL_R14744.c123.linsi",357,0.00569474994262403
"GALGAL_R14745.c123.linsi",314,0.00333474821034001
"GALGAL_R14746.c123.linsi",339,0.00345231295466145
"GALGAL_R14747.c123.linsi",275,0.00340117714528447
"GALGAL_R14748.c123.linsi",348,0.00505951960287644
"GALGAL_R14749.c123.linsi",319,0.00155236396956935
"GALGAL_R14750.c123.linsi",357,0.00382688869083996
"GALGAL_R14751.c123.linsi",289,0.00508939005810575
"GALGAL_R14752.c123.linsi",363,0.00328065871153016
"GALGAL_R14753.c123.linsi",354,0.00487955267342683
"GALGAL_R14754.c123.linsi",358,0.00245192615683563
"GALGAL_R14755.c123.linsi",352,0.010758913354969
"GALGAL_R14756.c123.linsi",361,0.0034535147854944
"GALGAL_R14757.c123.linsi",358,0.00292797991124423
"GALGAL_R14758.c123.linsi",296,0.0157745682645925
"GALGAL_R14759.c123.linsi",355,0.0132170753420628
"GALGAL_R14760.c123.linsi",363,0.00943253707030442
"GALGAL_R14761.c123.linsi",351,0.00236986145820256
"GALGAL_R14762.c123.linsi",345,0.00280704553222806
"GALGAL_R14763.c123.linsi",326,0.00326084139139937
"GALGAL_R14764.c123.linsi",276,0.0033303905422561
"GALGAL_R14765.c123.linsi",359,0.00296918296805513
"GALGAL_R14766.c123.linsi",360,0.00314269985621647
"GALGAL_R14767.c123.linsi",337,0.00151348199962888
"GALGAL_R14768.c123.linsi",351,0.0122229214644327
"GALGAL_R14769.c123.linsi",349,0.0100477652595841
"GALGAL_R14770.c123.linsi",363,0.0028468595298903
"GALGAL_R14771.c123.linsi",355,0.00471446777969014
"GALGAL_R14772.c123.linsi",363,0.00192329426542488
"GALGAL_R14773.c123.linsi",346,0.00308895550936195
"GALGAL_R14774.c123.linsi",98,0.00626584192256457
"GALGAL_R14775.c123.linsi",341,0.0041988574279174
"GALGAL_R14776.c123.linsi",355,0.00428655833553389
"GALGAL_R14777.c123.linsi",362,0.00747635770675573
"GALGAL_R14778.c123.linsi",361,0.00497742787815083
"GALGAL_R14779.c123.linsi",350,0.0141217251015074
"GALGAL_R14780.c123.linsi",354,0.00610440284918
"GALGAL_R14781.c123.linsi",354,0.00964712608480225
"GALGAL_R14782.c123.linsi",358,0.0102501365857851
"GALGAL_R14783.c123.linsi",351,0.011793874969804
"GALGAL_R14784.c123.linsi",361,0.0111052849708635
"GALGAL_R14785.c123.linsi",357,0.128125824630008
"GALGAL_R14786.c123.linsi",250,0.0517280708687907
"GALGAL_R14787.c123.linsi",311,0.0955255191906276
"GALGAL_R14788.c123.linsi",343,0.0158300676049321
"GALGAL_R14789.c123.linsi",273,0.0369084892653268
"GALGAL_R14790.c123.linsi",345,0.0610248914794944
"GALGAL_R14791.c123.linsi",349,0.0472701166965334
"GALGAL_R14792.c123.linsi",299,0.0216303659949746
"GALGAL_R14793.c123.linsi",345,0.0144882955989184
"GALGAL_R14794.c123.linsi",349,0.044166639563241
"GALGAL_R14795.c123.linsi",345,0.0203083057613688
"GALGAL_R14796.c123.linsi",330,0.00631030850513765
"GALGAL_R14797.c123.linsi",352,0.0107624658489888
"GALGAL_R14798.c123.linsi",354,0.0294038317706651
"GALGAL_R14799.c123.linsi",354,0.0115424538240588
"GALGAL_R14800.c123.linsi",354,0.00906614985077742
"GALGAL_R14801.c123.linsi",351,0.00493153590913488
"GALGAL_R14802.c123.linsi",290,0.0024266495956245
"GALGAL_R14803.c123.linsi",357,0.0112749193004097
"GALGAL_R14804.c123.linsi",362,0.00432711217073048
"GALGAL_R14805.c123.linsi",348,0.0145770091704358
"GALGAL_R14806.c123.linsi",337,0.00785628461443205
"GALGAL_R14807.c123.linsi",356,0.0182985139191258
"GALGAL_R14808.c123.linsi",233,0.0177436472999846
"GALGAL_R14809.c123.linsi",354,0.00439411869730828
"GALGAL_R14810.c123.linsi",363,0.00175982129641266
"GALGAL_R14811.c123.linsi",337,0.00817199151904374
"GALGAL_R14812.c123.linsi",351,0.0270459181432514
"GALGAL_R14813.c123.linsi",351,0.00989797027132568
"GALGAL_R14814.c123.linsi",359,0.043346620372541
"GALGAL_R14815.c123.linsi",360,0.0377843995736684
"GALGAL_R14816.c123.linsi",229,0.0127734624411619
"GALGAL_R14817.c123.linsi",331,0.00264675546106103
"GALGAL_R14818.c123.linsi",348,0.030708921669224
"GALGAL_R14819.c123.linsi",355,0.00629252764721143
"GALGAL_R14820.c123.linsi",356,0.014696232627972
"GALGAL_R14821.c123.linsi",307,0.00130789755602268
"GALGAL_R14822.c123.linsi",297,0.00945641690932992
"GALGAL_R14823.c123.linsi",360,0.00620941635119467
"GALGAL_R14824.c123.linsi",348,0.00398111155164788
"GALGAL_R14825.c123.linsi",352,0.0102092669395158
"GALGAL_R14826.c123.linsi",337,0.00261766601334847
"GALGAL_R14827.c123.linsi",331,0.00908312089398369
"GALGAL_R14828.c123.linsi",341,0.01161196493818
"GALGAL_R14829.c123.linsi",291,0.00850991488240396
"GALGAL_R14830.c123.linsi",347,0.0071619923302703
"GALGAL_R14831.c123.linsi",361,0.00407883384821988
"GALGAL_R14832.c123.linsi",343,0.0104165157916191
"GALGAL_R14833.c123.linsi",208,0.00767022416264971
"GALGAL_R14834.c123.linsi",358,0.00693788902996017
"GALGAL_R14835.c123.linsi",329,0.00640460314091692
"GALGAL_R14836.c123.linsi",340,0.00625854765770441
"GALGAL_R14837.c123.linsi",356,0.00473579278348584
"GALGAL_R14838.c123.linsi",348,0.0182055441453187
"GALGAL_R14839.c123.linsi",356,0.00351652272311534
"GALGAL_R14840.c123.linsi",37,0.00813129715906547
"GALGAL_R14841.c123.linsi",331,0.0119791681852956
"GALGAL_R14842.c123.linsi",344,0.00788679856402639
"GALGAL_R14843.c123.linsi",337,0.00648847684681982
"GALGAL_R14844.c123.linsi",359,0.0364986386211142
"GALGAL_R14845.c123.linsi",271,0.00106356008843253
"GALGAL_R14846.c123.linsi",347,0.00612980640815956
"GALGAL_R14847.c123.linsi",344,0.00251798285374778
"GALGAL_R14848.c123.linsi",351,0.00418502390479838
"GALGAL_R14849.c123.linsi",357,0.00794619109476484
"GALGAL_R14850.c123.linsi",348,0.00306889812804247
"GALGAL_R14851.c123.linsi",336,0.0122724566015832
"GALGAL_R14852.c123.linsi",296,0.00316106665235296
"GALGAL_R14853.c123.linsi",343,0.0129518490256357
"GALGAL_R14854.c123.linsi",351,0.00174577492964775
"GALGAL_R14855.c123.linsi",360,0.00212901137246435
"GALGAL_R14856.c123.linsi",351,0.0347638673021126
"GALGAL_R14857.c123.linsi",355,0.00358750003431989
"GALGAL_R14858.c123.linsi",306,0.00190660859889346
"GALGAL_R14859.c123.linsi",357,0.00503842700038449
"GALGAL_R14860.c123.linsi",346,0.00381007742818189
"GALGAL_R14861.c123.linsi",66,0.00283946048490986
"GALGAL_R14862.c123.linsi",54,0.00760856677613342
"GALGAL_R14863.c123.linsi",354,0.00272627925275008
"GALGAL_R14864.c123.linsi",256,0.0558058192878087
"GALGAL_R14865.c123.linsi",235,0.0025681389853744
"GALGAL_R14866.c123.linsi",195,0.0174632175398655
"GALGAL_R14867.c123.linsi",360,0.0075174539242457
"GALGAL_R14868.c123.linsi",328,0.00354019697185719
"GALGAL_R14869.c123.linsi",296,0.00312032370657806
"GALGAL_R14870.c123.linsi",362,0.00736982050142506
"GALGAL_R14872.c123.linsi",353,0.00336095249403252
"GALGAL_R14873.c123.linsi",360,0.00244571670306107
"GALGAL_R14874.c123.linsi",338,0.00897811839455645
"GALGAL_R14875.c123.linsi",352,0.00694232375584258
"GALGAL_R14876.c123.linsi",334,0.00680999426289372
"GALGAL_R14877.c123.linsi",354,0.00325256924938274
"GALGAL_R14878.c123.linsi",332,0.00122886860893439
"GALGAL_R14879.c123.linsi",339,0.00148522717324986
"GALGAL_R14880.c123.linsi",352,0.00829377004533709
"GALGAL_R14881.c123.linsi",335,0.00198162899301261
"GALGAL_R14882.c123.linsi",355,0.00712239258365945
"GALGAL_R14883.c123.linsi",355,0.00374673310586533
"GALGAL_R14884.c123.linsi",360,0.0148177189536251
"GALGAL_R14885.c123.linsi",355,0.0241114108383929
"GALGAL_R14886.c123.linsi",346,0.00362813120510803
"GALGAL_R14887.c123.linsi",337,0.00268153260118758
"GALGAL_R14889.c123.linsi",344,0.00439978913958801
"GALGAL_R14890.c123.linsi",333,0.00134254484940695
"GALGAL_R14891.c123.linsi",294,0.025423262007676
"GALGAL_R14892.c123.linsi",360,0.0192032183747221
"GALGAL_R14893.c123.linsi",353,0.00862083246085894
"GALGAL_R14894.c123.linsi",354,0.00567180676696498
"GALGAL_R14895.c123.linsi",353,0.00669665142790869
"GALGAL_R14896.c123.linsi",339,0.00763910798508406
"GALGAL_R14897.c123.linsi",132,0.0146024324960333
"GALGAL_R14898.c123.linsi",334,0.0142677322708973
"GALGAL_R14899.c123.linsi",352,0.0250741253378634
"GALGAL_R14900.c123.linsi",359,0.013707696445232
"GALGAL_R14901.c123.linsi",342,0.00847782752401103
"GALGAL_R14902.c123.linsi",337,0.00347183625097994
"GALGAL_R14903.c123.linsi",350,0.0222941599056567
"GALGAL_R14904.c123.linsi",197,0.00807649470916246
"GALGAL_R14905.c123.linsi",321,0.0680826005439542
"GALGAL_R14906.c123.linsi",343,0.039179451777023
"GALGAL_R14907.c123.linsi",330,0.0140427420031533
"GALGAL_R14908.c123.linsi",288,0.0166259602792852
"GALGAL_R14909.c123.linsi",283,0.0446235378474356
"GALGAL_R14910.c123.linsi",346,0.0437594986763915
"GALGAL_R14911.c123.linsi",250,0.041492178616601
"GALGAL_R14912.c123.linsi",226,0.0245500359910678
"GALGAL_R14913.c123.linsi",355,0.0186642025047606
"GALGAL_R14914.c123.linsi",205,0.00244229291180215
"GALGAL_R14915.c123.linsi",43,0.0328155137826104
"GALGAL_R14916.c123.linsi",9,0.0192161249051058
"GALGAL_R14917.c123.linsi",243,0.0131342881741331
"GALGAL_R14918.c123.linsi",315,0.0144572319624622
"GALGAL_R14919.c123.linsi",337,0.0100368532393888
"GALGAL_R14920.c123.linsi",11,0.0291222441148109
"GALGAL_R14921.c123.linsi",159,0.00798355960183229
"GALGAL_R14922.c123.linsi",224,0.00533809792586967
"GALGAL_R14923.c123.linsi",345,0.00647222412162037
"GALGAL_R14924.c123.linsi",307,0.0135292175328396
"GALGAL_R14925.c123.linsi",5,0.00148374264175629
"GALGAL_R14926.c123.linsi",5,0.0111967071808809
"GALGAL_R14927.c123.linsi",359,0.00766554469902282
"GALGAL_R14928.c123.linsi",357,0.00332060272355006
"GALGAL_R14929.c123.linsi",337,0.0054314560116191
"GALGAL_R14930.c123.linsi",341,0.00819257509263518
"GALGAL_R14931.c123.linsi",5,0.0174505635189402
"GALGAL_R14932.c123.linsi",12,0.0184505135706267
"GALGAL_R14933.c123.linsi",15,0.00170337013953192
"GALGAL_R14934.c123.linsi",363,0.00914542129538949
"GALGAL_R14935.c123.linsi",223,0.0271088698343684
"GALGAL_R14936.c123.linsi",347,0.0199265578144985
"GALGAL_R14937.c123.linsi",356,0.00648335949546202
"GALGAL_R14938.c123.linsi",359,0.00948192399559555
"GALGAL_R14939.c123.linsi",263,0.0326297993292691
"GALGAL_R14940.c123.linsi",302,0.00494594177618007
"GALGAL_R14942.c123.linsi",354,0.0514752737912941
"GALGAL_R14943.c123.linsi",358,0.00646127614181074
"GALGAL_R14944.c123.linsi",329,0.0127200727020018
"GALGAL_R14945.c123.linsi",5,0.00839519888739287
"GALGAL_R14946.c123.linsi",314,0.0186559165023326
"GALGAL_R14947.c123.linsi",361,0.00964977645920168
"GALGAL_R14948.c123.linsi",307,0.0117400036905294
"GALGAL_R14949.c123.linsi",182,0.0191446409908634
"GALGAL_R14950.c123.linsi",231,0.0510790015730626
"GALGAL_R14951.c123.linsi",326,0.00885528781039793
"GALGAL_R14952.c123.linsi",358,0.0209188669010982
"GALGAL_R14953.c123.linsi",360,0.00204344872526877
"GALGAL_R14954.c123.linsi",350,0.00560261661483507
"GALGAL_R14955.c123.linsi",348,0.00415896052076169
"GALGAL_R14956.c123.linsi",311,0.0066214673633594
"GALGAL_R14957.c123.linsi",353,0.0109897911617069
"GALGAL_R14958.c123.linsi",354,0.0121914867941905
"GALGAL_R14959.c123.linsi",356,0.00563165149821978
"GALGAL_R14960.c123.linsi",338,0.00254199594917115
"GALGAL_R14961.c123.linsi",356,0.00646645932063195
"GALGAL_R14962.c123.linsi",361,0.00278101072436426
"GALGAL_R14963.c123.linsi",358,0.00404658908323711
"GALGAL_R14964.c123.linsi",349,0.00425977391095872
"GALGAL_R14965.c123.linsi",356,0.00461737002508909
"GALGAL_R14966.c123.linsi",356,0.00317653434967041
"GALGAL_R14967.c123.linsi",318,0.0029862499884436
"GALGAL_R14968.c123.linsi",344,0.00386227800544619
"GALGAL_R14969.c123.linsi",358,0.00294201624728955
"GALGAL_R14970.c123.linsi",362,0.00754028763658726
"GALGAL_R14971.c123.linsi",303,0.000658448900939429
"GALGAL_R14972.c123.linsi",358,0.0107304175953571
"GALGAL_R14973.c123.linsi",352,0.00194090418771655
"GALGAL_R14974.c123.linsi",360,0.00355897530479575
"GALGAL_R14975.c123.linsi",347,0.00424494087271537
"GALGAL_R14976.c123.linsi",348,0.0248549299072767
"GALGAL_R14977.c123.linsi",337,0.00135180856941242
"GALGAL_R14978.c123.linsi",353,0.00721750427683765
"GALGAL_R14979.c123.linsi",317,0.00287705675763346
"GALGAL_R14980.c123.linsi",169,0.00538562944320856
"GALGAL_R14981.c123.linsi",357,0.00317415232580759
"GALGAL_R14982.c123.linsi",337,0.00261157977996566
"GALGAL_R14983.c123.linsi",349,0.00170528542358812
"GALGAL_R14984.c123.linsi",323,0.0040170062990577
"GALGAL_R14985.c123.linsi",343,0.0199676728720461
"GALGAL_R14986.c123.linsi",361,0.00580131049692815
"GALGAL_R14987.c123.linsi",322,0.0078663696743526
"GALGAL_R14988.c123.linsi",349,0.00240823951052989
"GALGAL_R14989.c123.linsi",347,0.00300777031083216
"GALGAL_R14990.c123.linsi",357,0.00585698632364349
"GALGAL_R14991.c123.linsi",320,0.00452219108304524
"GALGAL_R14992.c123.linsi",306,0.0124272587652561
"GALGAL_R14993.c123.linsi",358,0.00482885777595544
"GALGAL_R14994.c123.linsi",354,0.0124813236047553
"GALGAL_R14995.c123.linsi",342,0.0073336094576703
"GALGAL_R14996.c123.linsi",359,0.00538658862910909
"GALGAL_R14997.c123.linsi",342,0.00825547294030021
"GALGAL_R14998.c123.linsi",330,0.00656205084672207
"GALGAL_R14999.c123.linsi",340,0.00344124527726337
"GALGAL_R15000.c123.linsi",359,0.0113577121989892
"GALGAL_R15001.c123.linsi",361,0.0225219335068845
"GALGAL_R15002.c123.linsi",353,0.00372617584909617
"GALGAL_R15003.c123.linsi",352,0.0114042677705101
"GALGAL_R15004.c123.linsi",362,0.00710902601239993
"GALGAL_R15005.c123.linsi",354,0.0110862273507587
"GALGAL_R15006.c123.linsi",358,0.00754132565041096
"GALGAL_R15007.c123.linsi",360,0.0251255655025529
"GALGAL_R15008.c123.linsi",356,0.046910825993074
"GALGAL_R15009.c123.linsi",352,0.0345416246155195
"GALGAL_R15010.c123.linsi",342,0.0275540968893183
"GALGAL_R15011.c123.linsi",309,0.0171873524235671
"GALGAL_R15012.c123.linsi",244,0.0225320937543585
"GALGAL_R15013.c123.linsi",335,0.0249868057692276
"GALGAL_R15014.c123.linsi",333,0.0309720678320787
"GALGAL_R15015.c123.linsi",356,0.0232409916908583
"GALGAL_R15016.c123.linsi",340,0.0483104244242134
"GALGAL_R15017.c123.linsi",160,0.0703645694040354
"GALGAL_R15018.c123.linsi",243,0.0150663946523594
"GALGAL_R15019.c123.linsi",313,0.037640399219281
"GALGAL_R15020.c123.linsi",287,0.0561061107552634
"GALGAL_R15021.c123.linsi",335,0.0942645725712621
"GALGAL_R15022.c123.linsi",347,0.0270125810503439
"GALGAL_R15023.c123.linsi",354,0.0102956184602227
"GALGAL_R15024.c123.linsi",312,0.00389591251825716
"GALGAL_R15026.c123.linsi",359,0.0106325682586649
"GALGAL_R15027.c123.linsi",360,0.0239179848488166
"GALGAL_R15028.c123.linsi",322,0.0230486229437245
"GALGAL_R15029.c123.linsi",355,0.00324057350335882
"GALGAL_R15030.c123.linsi",355,0.0148757120057827
"GALGAL_R15031.c123.linsi",356,0.00319300218543459
"GALGAL_R15032.c123.linsi",327,0.0322666608859221
"GALGAL_R15033.c123.linsi",360,0.0126161402781964
"GALGAL_R15034.c123.linsi",353,0.00671209644426015
"GALGAL_R15035.c123.linsi",328,0.00774034394392165
"GALGAL_R15036.c123.linsi",358,0.00761986738882239
"GALGAL_R15037.c123.linsi",321,0.0285961112300012
"GALGAL_R15038.c123.linsi",320,0.0247601975877409
"GALGAL_R15039.c123.linsi",358,0.0091408120823571
"GALGAL_R15040.c123.linsi",326,0.047676884655017
"GALGAL_R15041.c123.linsi",341,0.0120644793556055
"GALGAL_R15042.c123.linsi",337,0.00309888352838122
"GALGAL_R15043.c123.linsi",304,0.0188081631155858
"GALGAL_R15044.c123.linsi",321,0.00871649492660269
"GALGAL_R15045.c123.linsi",357,0.00764905786797874
"GALGAL_R15046.c123.linsi",350,0.00680273034679781
"GALGAL_R15047.c123.linsi",360,0.00852691058729334
"GALGAL_R15048.c123.linsi",354,0.00600189970313534
"GALGAL_R15049.c123.linsi",343,0.0116056636813822
"GALGAL_R15050.c123.linsi",355,0.00692410159262459
"GALGAL_R15051.c123.linsi",347,0.00705720171593376
"GALGAL_R15052.c123.linsi",343,0.0394783597522957
"GALGAL_R15053.c123.linsi",331,0.00329388926849228
"GALGAL_R15054.c123.linsi",325,0.00258279130191742
"GALGAL_R15055.c123.linsi",349,0.0043901876237425
"GALGAL_R15056.c123.linsi",252,0.0282966804136846
"GALGAL_R15057.c123.linsi",203,0.00753864920840083
"GALGAL_R15058.c123.linsi",339,0.00628900596486602
"GALGAL_R15059.c123.linsi",163,0.0102413019336366
"GALGAL_R15060.c123.linsi",306,0.0165949151981474
"GALGAL_R15061.c123.linsi",355,0.00258329437462569
"GALGAL_R15062.c123.linsi",351,0.00663981870727967
"GALGAL_R15063.c123.linsi",344,0.00873531929136155
"GALGAL_R15064.c123.linsi",317,0.00333554863161784
"GALGAL_R15065.c123.linsi",335,0.00843148175264869
"GALGAL_R15066.c123.linsi",359,0.0193503599368067
"GALGAL_R15067.c123.linsi",340,0.00987472830962498
"GALGAL_R15068.c123.linsi",343,0.0054270764186028
"GALGAL_R15069.c123.linsi",349,0.00644985838740582
"GALGAL_R15070.c123.linsi",336,0.00794627708326004
"GALGAL_R15071.c123.linsi",253,0.0186903237005053
"GALGAL_R15072.c123.linsi",34,0.0414568559805632
"GALGAL_R15073.c123.linsi",349,0.0167130775772162
"GALGAL_R15074.c123.linsi",358,0.0153626349079699
"GALGAL_R15075.c123.linsi",352,0.0176304412210041
"GALGAL_R15076.c123.linsi",359,0.0668088830821769
"GALGAL_R15077.c123.linsi",355,0.0253012731181366
"GALGAL_R15078.c123.linsi",287,0.0196834234298787
"GALGAL_R15079.c123.linsi",362,0.00512668657474251
"GALGAL_R15080.c123.linsi",328,0.00940469874975921
"GALGAL_R15081.c123.linsi",351,0.0118996498529232
"GALGAL_R15082.c123.linsi",209,0.0208247537089162
"GALGAL_R15083.c123.linsi",356,0.00983770298325524
"GALGAL_R15084.c123.linsi",352,0.00259067971165276
"GALGAL_R15085.c123.linsi",335,0.00475833944403874
"GALGAL_R15086.c123.linsi",352,0.00590679849732447
"GALGAL_R15087.c123.linsi",27,0.0287108283059343
"GALGAL_R15088.c123.linsi",348,0.0188437694126682
"GALGAL_R15089.c123.linsi",291,0.00187144529148189
"GALGAL_R15090.c123.linsi",359,0.0125993351319999
"GALGAL_R15091.c123.linsi",358,0.0176022001255827
"GALGAL_R15092.c123.linsi",361,0.0117563819471559
"GALGAL_R15093.c123.linsi",357,0.0034400483460987
"GALGAL_R15094.c123.linsi",349,0.0121519447783787
"GALGAL_R15095.c123.linsi",357,0.00502512540738177
"GALGAL_R15096.c123.linsi",17,0.0188993758754152
"GALGAL_R15097.c123.linsi",188,0.0105812675281289
"GALGAL_R15098.c123.linsi",354,0.00519648205702359
"GALGAL_R15099.c123.linsi",352,0.0470505732115527
"GALGAL_R15100.c123.linsi",357,0.00291533290625858
"GALGAL_R15101.c123.linsi",357,0.0186552253589499
"GALGAL_R15102.c123.linsi",350,0.0134058442973361
"GALGAL_R15103.c123.linsi",348,0.0194296151853067
"GALGAL_R15104.c123.linsi",356,0.0227420051989728
"GALGAL_R15105.c123.linsi",321,0.117009655638993
"GALGAL_R15106.c123.linsi",310,0.0548458529321409
"GALGAL_R15107.c123.linsi",356,0.0207010402850724
"GALGAL_R15108.c123.linsi",121,0.0148414204573141
"GALGAL_R15109.c123.linsi",337,0.0175052738822551
"GALGAL_R15110.c123.linsi",326,0.0119983603511322
"GALGAL_R15111.c123.linsi",4,0.0131434977590873
"GALGAL_R15112.c123.linsi",359,0.0384618735032528
"GALGAL_R15113.c123.linsi",353,0.0535371942720623
"GALGAL_R15114.c123.linsi",243,0.0238035496984535
"GALGAL_R15115.c123.linsi",343,0.013985571669935
"GALGAL_R15116.c123.linsi",351,0.0575533535264309
"GALGAL_R15117.c123.linsi",356,0.0206003898477671
"GALGAL_R15118.c123.linsi",298,0.0078387876466647
"GALGAL_R15119.c123.linsi",358,0.00971545844219296
"GALGAL_R15120.c123.linsi",332,0.00349924354387336
"GALGAL_R15121.c123.linsi",18,0.057252800981397
"GALGAL_R15122.c123.linsi",9,0.016093791824373
"GALGAL_R15123.c123.linsi",348,0.0147067752217725
"GALGAL_R15124.c123.linsi",358,0.0059689975616835
"GALGAL_R15125.c123.linsi",291,0.0216247636826866
"GALGAL_R15126.c123.linsi",7,0.0122046473809022
"GALGAL_R15127.c123.linsi",355,0.0348757643743575
"GALGAL_R15128.c123.linsi",359,0.0154088939994538
"GALGAL_R15129.c123.linsi",228,0.00641882041884073
"GALGAL_R15130.c123.linsi",323,0.0242242091357187
"GALGAL_R15131.c123.linsi",292,0.00761244041744017
"GALGAL_R15132.c123.linsi",321,0.00661175082222461
"GALGAL_R15133.c123.linsi",7,0.0111781301532765
"GALGAL_R15134.c123.linsi",350,0.00717004162054278
"GALGAL_R15136.c123.linsi",331,0.00819704027345308
"GALGAL_R15137.c123.linsi",259,0.00486445403047718
"GALGAL_R15138.c123.linsi",347,0.0115422619516675
"GALGAL_R15139.c123.linsi",360,0.012797598503762
"GALGAL_R15140.c123.linsi",319,0.0148258770447035
"GALGAL_R15141.c123.linsi",147,0.033428874766157
"GALGAL_R15142.c123.linsi",313,0.0186337450549111
"GALGAL_R15143.c123.linsi",286,0.0174882465509703
"GALGAL_R15144.c123.linsi",39,0.0105604959907816
"GALGAL_R15145.c123.linsi",221,0.00510809637655331
"GALGAL_R15146.c123.linsi",333,0.00947512100666156
"GALGAL_R15147.c123.linsi",304,0.0161967216933239
"GALGAL_R15148.c123.linsi",328,0.00727871327164068
"GALGAL_R15149.c123.linsi",166,0.0261434034183695
"GALGAL_R15150.c123.linsi",358,0.0213876529938247
"GALGAL_R15151.c123.linsi",356,0.00275801193722272
"GALGAL_R15152.c123.linsi",356,0.0226765176442015
"GALGAL_R15153.c123.linsi",348,0.0173843384618797
"GALGAL_R15154.c123.linsi",357,0.00937529559222713
"GALGAL_R15155.c123.linsi",324,0.0108752480861477
"GALGAL_R15156.c123.linsi",322,0.0351324503169439
"GALGAL_R15157.c123.linsi",353,0.00386771957082745
"GALGAL_R15158.c123.linsi",357,0.047203224988993
"GALGAL_R15159.c123.linsi",360,0.00874766078232274
"GALGAL_R15160.c123.linsi",361,0.00543725702500767
"GALGAL_R15161.c123.linsi",352,0.00867494357506541
"GALGAL_R15162.c123.linsi",343,0.00547843432198522
"GALGAL_R15163.c123.linsi",330,0.0100046767156478
"GALGAL_R15164.c123.linsi",350,0.0148173292788759
"GALGAL_R15165.c123.linsi",234,0.0059844395715633
"GALGAL_R15166.c123.linsi",356,0.0167781043647673
"GALGAL_R15167.c123.linsi",341,0.0102975693027027
"GALGAL_R15168.c123.linsi",359,0.0143344009945019
"GALGAL_R15169.c123.linsi",326,0.0486849560863314
"GALGAL_R15170.c123.linsi",347,0.0160129863910088
"GALGAL_R15171.c123.linsi",359,0.0165087209913616
"GALGAL_R15172.c123.linsi",357,0.0173119777973048
"GALGAL_R15173.c123.linsi",353,0.000855427561729047
"GALGAL_R15174.c123.linsi",348,0.00932516884328673
"GALGAL_R15175.c123.linsi",353,0.00654708447931382
"GALGAL_R15176.c123.linsi",361,0.00637022807852837
"GALGAL_R15177.c123.linsi",354,0.00323845831641711
"GALGAL_R15178.c123.linsi",312,0.0074149647160425
"GALGAL_R15179.c123.linsi",341,0.00759146621384238
"GALGAL_R15180.c123.linsi",324,0.00984859289639161
"GALGAL_R15181.c123.linsi",349,0.00193373399313828
"GALGAL_R15182.c123.linsi",359,0.00063964287808633
"GALGAL_R15183.c123.linsi",358,0.00479344649659833
"GALGAL_R15184.c123.linsi",355,0.00603961953388643
"GALGAL_R15185.c123.linsi",359,0.00876554707121153
"GALGAL_R15186.c123.linsi",329,0.0127176636551534
"GALGAL_R15187.c123.linsi",351,0.0214563825335717
"GALGAL_R15188.c123.linsi",358,0.0028804837686704
"GALGAL_R15189.c123.linsi",359,0.00738755802536112
"GALGAL_R15190.c123.linsi",358,0.0158464740225406
"GALGAL_R15191.c123.linsi",283,0.0117030449384351
"GALGAL_R15192.c123.linsi",324,0.0103128057837823
"GALGAL_R15193.c123.linsi",355,0.00661823434535787
"GALGAL_R15194.c123.linsi",351,0.00870616774987566
"GALGAL_R15195.c123.linsi",356,0.0119784714686707
"GALGAL_R15196.c123.linsi",330,0.00687680689273226
"GALGAL_R15197.c123.linsi",351,0.012958335333681
"GALGAL_R15198.c123.linsi",352,0.0206785955022678
"GALGAL_R15199.c123.linsi",348,0.0224428556392619
"GALGAL_R15200.c123.linsi",311,0.0269441632816171
"GALGAL_R15201.c123.linsi",361,0.115714612277479
"GALGAL_R15202.c123.linsi",357,0.0545245876051444
"GALGAL_R15203.c123.linsi",354,0.0348717158134264
"GALGAL_R15204.c123.linsi",343,0.0229171779293387
"GALGAL_R15205.c123.linsi",284,0.0188578257124369
"GALGAL_R15206.c123.linsi",360,0.0162278089786897
"GALGAL_R15207.c123.linsi",354,0.0330266814575571
"GALGAL_R15208.c123.linsi",360,0.0340384797052315
"GALGAL_R15209.c123.linsi",356,0.0405497790044514
"GALGAL_R15210.c123.linsi",356,0.00417690389606752
"GALGAL_R15211.c123.linsi",345,0.00782045607475405
"GALGAL_R15212.c123.linsi",353,0.00356754539836404
"GALGAL_R15213.c123.linsi",358,0.00719613526872064
"GALGAL_R15214.c123.linsi",299,0.00561627455848935
"GALGAL_R15215.c123.linsi",219,0.0199751006249758
"GALGAL_R15216.c123.linsi",358,0.0401522976589854
"GALGAL_R15217.c123.linsi",214,0.00716547347653478
"GALGAL_R15218.c123.linsi",355,0.0940144477050699
"GALGAL_R15219.c123.linsi",355,0.00497411523759205
"GALGAL_R15220.c123.linsi",339,0.00510754490767605
"GALGAL_R15221.c123.linsi",354,0.0091983819142931
"GALGAL_R15223.c123.linsi",268,0.0439185008024981
"GALGAL_R15224.c123.linsi",324,0.00473073830287481
"GALGAL_R15225.c123.linsi",334,0.0141916675017204
"GALGAL_R15226.c123.linsi",342,0.0148933731688299
"GALGAL_R15227.c123.linsi",353,0.00907093351837781
"GALGAL_R15228.c123.linsi",349,0.00695503578771609
"GALGAL_R15229.c123.linsi",334,0.00851199225607392
"GALGAL_R15230.c123.linsi",341,0.0256033003036472
"GALGAL_R15231.c123.linsi",138,0.0173387718346606
"GALGAL_R15232.c123.linsi",8,0.00475138944967387
"GALGAL_R15233.c123.linsi",263,0.0185351002237752
"GALGAL_R15234.c123.linsi",283,0.00891677232494667
"GALGAL_R15235.c123.linsi",320,0.01504859373245
"GALGAL_R15236.c123.linsi",354,0.00364798840518534
"GALGAL_R15237.c123.linsi",316,0.00560027876861281
"GALGAL_R15238.c123.linsi",345,0.0373147419649728
"GALGAL_R15239.c123.linsi",336,0.0240268099091298
"GALGAL_R15240.c123.linsi",344,0.0138220984355889
"GALGAL_R15241.c123.linsi",322,0.0135446357227772
"GALGAL_R15242.c123.linsi",332,0.0192646999100336
"GALGAL_R15243.c123.linsi",274,0.00283117906415892
"GALGAL_R15244.c123.linsi",344,0.0067676167974559
"GALGAL_R15245.c123.linsi",362,0.0210225818058697
"GALGAL_R15246.c123.linsi",324,0.0075497612982338
"GALGAL_R15247.c123.linsi",338,0.0183551351798804
"GALGAL_R15248.c123.linsi",314,0.0163234921185207
"GALGAL_R15249.c123.linsi",320,0.021907286190613
"GALGAL_R15250.c123.linsi",350,0.0523753389119732
"GALGAL_R15251.c123.linsi",360,0.0102260125405588
"GALGAL_R15252.c123.linsi",337,0.00786422250763172
"GALGAL_R15253.c123.linsi",217,0.00519154942518734
"GALGAL_R15254.c123.linsi",354,0.00572587331629751
"GALGAL_R15255.c123.linsi",99,0.0134279089805253
"GALGAL_R15256.c123.linsi",331,0.00723764103829296
"GALGAL_R15257.c123.linsi",353,0.0224055457170007
"GALGAL_R15258.c123.linsi",294,0.00414736642940654
"GALGAL_R15259.c123.linsi",351,0.026647120043602
"GALGAL_R15260.c123.linsi",353,0.0560721829770326
"GALGAL_R15261.c123.linsi",19,0.0125811155748412
"GALGAL_R15262.c123.linsi",48,0.00656651406321154
"GALGAL_R15263.c123.linsi",331,0.0185913305146364
"GALGAL_R15264.c123.linsi",334,0.0137666053829456
"GALGAL_R15265.c123.linsi",322,0.0222266902660182
"GALGAL_R15266.c123.linsi",177,0.00874069740655837
"GALGAL_R15267.c123.linsi",322,0.00784041307972522
"GALGAL_R15268.c123.linsi",340,0.0255969850109172
"GALGAL_R15269.c123.linsi",334,0.00730850540293758
"GALGAL_R15270.c123.linsi",341,0.0103068631254061
"GALGAL_R15271.c123.linsi",318,0.0147722724440635
"GALGAL_R15272.c123.linsi",345,0.0322897474539692
"GALGAL_R15273.c123.linsi",198,0.0178232514279807
"GALGAL_R15274.c123.linsi",311,0.0152846844695992
"GALGAL_R15275.c123.linsi",184,0.0286288481360042
"GALGAL_R15276.c123.linsi",301,0.013272990341492
"GALGAL_R15277.c123.linsi",323,0.0208237045566855
"GALGAL_R15278.c123.linsi",353,0.0152457402803806
"GALGAL_R15279.c123.linsi",51,0.0209856221114804
"GALGAL_R15280.c123.linsi",348,0.0227407660689319
"GALGAL_R15281.c123.linsi",316,0.0116763021174857
"GALGAL_R15282.c123.linsi",333,0.0319648264176394
"GALGAL_R15283.c123.linsi",353,0.00340880403983758
"GALGAL_R15284.c123.linsi",268,0.0125484590291825
"GALGAL_R15285.c123.linsi",322,0.0277973147070954
"GALGAL_R15286.c123.linsi",333,0.0131226602935273
"GALGAL_R15287.c123.linsi",233,0.0297756319070913
"GALGAL_R15288.c123.linsi",201,0.0155291735254217
"GALGAL_R15289.c123.linsi",352,0.0197012630493865
"GALGAL_R15290.c123.linsi",240,0.0039914248691611
"GALGAL_R15291.c123.linsi",327,0.00659179509383715
"GALGAL_R15292.c123.linsi",268,0.0145639044795312
"GALGAL_R15293.c123.linsi",338,0.00449298889199475
"GALGAL_R15294.c123.linsi",263,0.0208118520942496
"GALGAL_R15295.c123.linsi",354,0.0163121037916193
"GALGAL_R15296.c123.linsi",351,0.0126930607763116
"GALGAL_R15297.c123.linsi",359,0.00779527963668156
"GALGAL_R15298.c123.linsi",349,0.0249697312333657
"GALGAL_R15299.c123.linsi",345,0.0455432481002177
"GALGAL_R15300.c123.linsi",315,0.02673219040398
"GALGAL_R15301.c123.linsi",340,0.013006760633673
"GALGAL_R15302.c123.linsi",358,0.013903783162727
"GALGAL_R15303.c123.linsi",355,0.0115462449720017
"GALGAL_R15304.c123.linsi",312,0.0197493332710611
"GALGAL_R15305.c123.linsi",349,0.0108037146780751
"GALGAL_R15306.c123.linsi",326,0.005217094684635
"GALGAL_R15307.c123.linsi",315,0.0149493017287278
"GALGAL_R15308.c123.linsi",352,0.0204015913180858
"GALGAL_R15309.c123.linsi",338,0.0278864552860117
"GALGAL_R15310.c123.linsi",347,0.0117473327317569
"GALGAL_R15311.c123.linsi",322,0.00333874745175669
"GALGAL_R15312.c123.linsi",351,0.0064949441762098
"GALGAL_R15313.c123.linsi",356,0.0203551188121759
"GALGAL_R15314.c123.linsi",330,0.00785559053712189
"GALGAL_R15315.c123.linsi",338,0.00772303753518816
"GALGAL_R15316.c123.linsi",346,0.0366520757955941
"GALGAL_R15317.c123.linsi",344,0.0159957785598138
"GALGAL_R15318.c123.linsi",316,0.00603583455258743
"GALGAL_R15319.c123.linsi",317,0.01484218703403
"GALGAL_R15320.c123.linsi",353,0.016497130734887
"GALGAL_R15321.c123.linsi",339,0.0263477469159907
"GALGAL_R15322.c123.linsi",338,0.0360886111628203
"GALGAL_R15323.c123.linsi",354,0.00842532946776347
"GALGAL_R15324.c123.linsi",301,0.00980237141784875
"GALGAL_R15325.c123.linsi",305,0.00741658433628183
"GALGAL_R15326.c123.linsi",353,0.0288135546909495
"GALGAL_R15327.c123.linsi",322,0.0138795325978861
"GALGAL_R15328.c123.linsi",297,0.0314198856741212
"GALGAL_R15329.c123.linsi",316,0.0139858475339469
"GALGAL_R15330.c123.linsi",347,0.0586818330870076
"GALGAL_R15331.c123.linsi",348,0.0466787563847948
"GALGAL_R15332.c123.linsi",348,0.0307044829264174
"GALGAL_R15333.c123.linsi",16,0.00636168631040079
"GALGAL_R15334.c123.linsi",84,0.00690492385628901
"GALGAL_R15335.c123.linsi",357,0.0151389823015131
"GALGAL_R15336.c123.linsi",334,0.0202501299122437
"GALGAL_R15337.c123.linsi",108,0.0175693849596387
"GALGAL_R15338.c123.linsi",342,0.0130870337186911
"GALGAL_R15339.c123.linsi",358,0.0505501866749712
"GALGAL_R15340.c123.linsi",290,0.0214001041590754
"GALGAL_R15341.c123.linsi",132,0.00699497490566682
"GALGAL_R15342.c123.linsi",27,0.0103761463322657
"GALGAL_R15343.c123.linsi",239,0.0130933979678764
"GALGAL_R15344.c123.linsi",350,0.00742307956979378
"GALGAL_R15345.c123.linsi",350,0.00985536980836273
"GALGAL_R15346.c123.linsi",341,0.010192673788044
"GALGAL_R15347.c123.linsi",322,0.0110009632192516
"GALGAL_R15348.c123.linsi",320,0.00615945331610133
"GALGAL_R15349.c123.linsi",309,0.0423846083439766
"GALGAL_R15350.c123.linsi",316,0.00766065622957956
"GALGAL_R15351.c123.linsi",352,0.0481300050239956
"GALGAL_R15352.c123.linsi",320,0.0425856540764045
"GALGAL_R15353.c123.linsi",10,0.00890771645144173
"GALGAL_R15354.c123.linsi",348,0.0101686734678235
"GALGAL_R15355.c123.linsi",351,0.0344445110627847
"GALGAL_R15356.c123.linsi",104,0.0292416589875245
"GALGAL_R15357.c123.linsi",339,0.0169744879259809
"GALGAL_R15358.c123.linsi",334,0.0163703475378354
"GALGAL_R15359.c123.linsi",329,0.0171740916899458
"GALGAL_R15360.c123.linsi",356,0.0196470226990915
"GALGAL_R15361.c123.linsi",349,0.0286454741913385
"GALGAL_R15362.c123.linsi",355,0.00561096459209437
"GALGAL_R15363.c123.linsi",356,0.00842037162558911
"GALGAL_R15364.c123.linsi",357,0.00561632291768394
"GALGAL_R15365.c123.linsi",354,0.00996196714967538
"GALGAL_R15366.c123.linsi",346,0.00992338172246546
"GALGAL_R15367.c123.linsi",346,0.0886024617991228
"GALGAL_R15368.c123.linsi",81,0.00665290890831031
"GALGAL_R15369.c123.linsi",311,0.00702640337717586
"GALGAL_R15370.c123.linsi",331,0.0147584116284747
"GALGAL_R15371.c123.linsi",286,0.00978177041831761
"GALGAL_R15372.c123.linsi",358,0.0111504142662026
"GALGAL_R15373.c123.linsi",315,0.0116526553237182
"GALGAL_R15374.c123.linsi",357,0.0419946713437685
"GALGAL_R15375.c123.linsi",312,0.0139974226887028
"GALGAL_R15376.c123.linsi",35,0.0121024706851413
"GALGAL_R15377.c123.linsi",326,0.00284075708478389
"GALGAL_R15378.c123.linsi",174,0.0162999250033598
"GALGAL_R15379.c123.linsi",349,0.0222325908751209
"GALGAL_R15380.c123.linsi",290,0.0286367020017067
"GALGAL_R15381.c123.linsi",329,0.0142940624062725
"GALGAL_R15382.c123.linsi",145,0.0107673009242467
"GALGAL_R15383.c123.linsi",358,0.0155465679208155
"GALGAL_R15384.c123.linsi",297,0.00788079089604213
"GALGAL_R15385.c123.linsi",329,0.00622819540830398
"GALGAL_R15386.c123.linsi",347,0.00518579261373677
"GALGAL_R15387.c123.linsi",354,0.00911215740785628
"GALGAL_R15388.c123.linsi",346,0.045890234366826
"GALGAL_R15389.c123.linsi",338,0.0389488302472916
"GALGAL_R15390.c123.linsi",117,0.0258355247559467
"GALGAL_R15391.c123.linsi",289,0.00907021355105633
"GALGAL_R15392.c123.linsi",150,0.0291217322817064
"GALGAL_R15393.c123.linsi",7,0.0118824108166038
"GALGAL_R15394.c123.linsi",309,0.0182372558171301
"GALGAL_R15395.c123.linsi",325,0.0106809323006478
"GALGAL_R15396.c123.linsi",185,0.0662129770792612
"GALGAL_R15397.c123.linsi",101,0.00839040572904084
"GALGAL_R15398.c123.linsi",323,0.0153211980661643
"GALGAL_R15399.c123.linsi",62,0.0450852494542422
"GALGAL_R15400.c123.linsi",225,0.00590699153767918
"GALGAL_R15401.c123.linsi",330,0.0378289485310451
"GALGAL_R15402.c123.linsi",355,0.00595534641120758
"GALGAL_R15403.c123.linsi",324,0.0282927707738291
"GALGAL_R15404.c123.linsi",340,0.0286333002411603
"GALGAL_R15405.c123.linsi",342,0.0355788926308568
"GALGAL_R15406.c123.linsi",344,0.034444862163187
"GALGAL_R15407.c123.linsi",320,0.153535228660625
"GALGAL_R15408.c123.linsi",359,0.00567005601815412
"GALGAL_R15409.c123.linsi",356,0.0119243350749229
"GALGAL_R15410.c123.linsi",50,0.00497107278802478
"GALGAL_R15411.c123.linsi",352,0.0170576333145087
"GALGAL_R15412.c123.linsi",352,0.0074000247800142
"GALGAL_R15413.c123.linsi",320,0.0110892793383231
"GALGAL_R15414.c123.linsi",353,0.00535323978947039
"GALGAL_R15415.c123.linsi",289,0.00396905484918721
"GALGAL_R15416.c123.linsi",352,0.0248837807477294
"GALGAL_R15417.c123.linsi",340,0.00507514982380041
"GALGAL_R15418.c123.linsi",338,0.00765369952811667
"GALGAL_R15419.c123.linsi",351,0.00634239701356236
"GALGAL_R15420.c123.linsi",299,0.0112371390357548
"GALGAL_R15421.c123.linsi",303,0.00498483234666739
"GALGAL_R15422.c123.linsi",338,0.00578394590376601
"GALGAL_R15423.c123.linsi",104,0.0199119481236587
"GALGAL_R15424.c123.linsi",349,0.0131183533443767
"GALGAL_R15425.c123.linsi",276,0.0179360236687185
"GALGAL_R15426.c123.linsi",306,0.00775658795960227
"GALGAL_R15427.c123.linsi",348,0.0209605324457296
"GALGAL_R15428.c123.linsi",293,0.0187040785334914
"GALGAL_R15429.c123.linsi",342,0.0481462625730333
"GALGAL_R15430.c123.linsi",347,0.02843156837666
"GALGAL_R15431.c123.linsi",348,0.0192594308000584
"GALGAL_R15432.c123.linsi",361,0.0328154480033905
"GALGAL_R15433.c123.linsi",348,0.00673255524151985
"GALGAL_R15434.c123.linsi",325,0.00677572418842285
"GALGAL_R15435.c123.linsi",337,0.00890622486119761
"GALGAL_R15436.c123.linsi",308,0.0274381671850106
"GALGAL_R15437.c123.linsi",330,0.0425999612284352
"GALGAL_R15438.c123.linsi",328,0.0318526588430206
"GALGAL_R15439.c123.linsi",311,0.0143825599177
"GALGAL_R15440.c123.linsi",359,0.00747825231570518
"GALGAL_R15441.c123.linsi",329,0.0257471035949429
"GALGAL_R15442.c123.linsi",362,0.0271137163302758
"GALGAL_R15443.c123.linsi",303,0.00727125518846387
"GALGAL_R15444.c123.linsi",248,0.027587776939673
"GALGAL_R15445.c123.linsi",358,0.00848390011251515
"GALGAL_R15446.c123.linsi",359,0.0163983848606398
"GALGAL_R15447.c123.linsi",349,0.020855488882694
"GALGAL_R15448.c123.linsi",291,0.0105239899972843
"GALGAL_R15449.c123.linsi",358,0.0111482041231094
"GALGAL_R15450.c123.linsi",360,0.0156059960620872
"GALGAL_R15451.c123.linsi",216,0.00888408262101398
"GALGAL_R15452.c123.linsi",356,0.0456305313623923
"GALGAL_R15453.c123.linsi",344,0.0246736125760713
"GALGAL_R15454.c123.linsi",323,0.04011452696508
"GALGAL_R15455.c123.linsi",343,0.00378278108678492
"GALGAL_R15462.c123.linsi",169,0.0122378055583342
"GALGAL_R15463.c123.linsi",263,0.0136563496548199
"GALGAL_R15464.c123.linsi",328,0.0101722842306613
"GALGAL_R15465.c123.linsi",335,0.0146157454172775
"GALGAL_R15466.c123.linsi",264,0.00670624252746615
"GALGAL_R15467.c123.linsi",224,0.0207728353439828
"GALGAL_R15468.c123.linsi",152,0.0273757761102009
"GALGAL_R15469.c123.linsi",333,0.0216734383788781
"GALGAL_R15470.c123.linsi",347,0.0207972491084751
"GALGAL_R15471.c123.linsi",356,0.019887073200415
"GALGAL_R15472.c123.linsi",282,0.0181375468286247
"GALGAL_R15473.c123.linsi",301,0.016913244542671
"GALGAL_R15474.c123.linsi",254,0.0148334051496347
"GALGAL_R15475.c123.linsi",264,0.00919269519913987
"GALGAL_R15476.c123.linsi",7,0.00325658597384956
"GALGAL_R15478.c123.linsi",259,0.0204528358491088
"GALGAL_R15479.c123.linsi",308,0.0142748634431952
"GALGAL_R15480.c123.linsi",331,0.0115489297914831
"GALGAL_R15481.c123.linsi",254,0.0378541226733821
"GALGAL_R15482.c123.linsi",263,0.0246535186948809
"GALGAL_R15483.c123.linsi",316,0.00901742900868813
"GALGAL_R15484.c123.linsi",277,0.0170193903566464
"GALGAL_R15485.c123.linsi",337,0.105699781308257
"GALGAL_R15486.c123.linsi",351,0.0153573918676156
"GALGAL_R15487.c123.linsi",307,0.010024630653376
"GALGAL_R15488.c123.linsi",333,0.0228650899069957
"GALGAL_R15489.c123.linsi",319,0.0169737582294357
"GALGAL_R15491.c123.linsi",54,0.0128753592905424
"GALGAL_R15492.c123.linsi",5,0.00434361408061519
"GALGAL_R15493.c123.linsi",6,0.0174722882585956
"GALGAL_R15494.c123.linsi",329,0.0344429359393533
"GALGAL_R15495.c123.linsi",235,0.0222930784450497
"GALGAL_R15496.c123.linsi",349,0.022166352080863
"GALGAL_R15497.c123.linsi",344,0.0114698638850987
"GALGAL_R15498.c123.linsi",247,0.0126907388264927
"GALGAL_R15546.c123.linsi",170,0.0244958778958972
"GALGAL_R15547.c123.linsi",222,0.00708774324844672
"GALGAL_R15548.c123.linsi",166,0.0122822773225624
"GALGAL_R15551.c123.linsi",10,0.0755030600519692
"GALGAL_R15557.c123.linsi",18,0.00568579887603638
"GALGAL_R15558.c123.linsi",122,0.0464267314452853
"GALGAL_R15559.c123.linsi",91,0.0261628308983496
"GALGAL_R15560.c123.linsi",283,0.0246878609823741
"GALGAL_R15561.c123.linsi",133,0.019286901608863
"GALGAL_R15562.c123.linsi",209,0.0169267472551888
"GALGAL_R15564.c123.linsi",218,0.0335949123716094
"GALGAL_R15565.c123.linsi",134,0.0215174884378826
"GALGAL_R15566.c123.linsi",27,0.0265769409021854
"GALGAL_R15567.c123.linsi",235,0.034521699331824
"GALGAL_R15569.c123.linsi",278,0.0209199562058749
"GALGAL_R15570.c123.linsi",274,0.0306420264090699
"GALGAL_R15571.c123.linsi",321,0.0349533516808918
"GALGAL_R15583.c123.linsi",5,0.106291503839283
"GALGAL_R15584.c123.linsi",9,0.0428352232174274
"GALGAL_R15587.c123.linsi",287,0.0113864078339097
"GALGAL_R15589.c123.linsi",312,0.0244490423835204
"GALGAL_R15597.c123.linsi",6,0.0214034998101692
"GALGAL_R15599.c123.linsi",230,0.0199792215509223
"GALGAL_R15600.c123.linsi",4,0.0133345880915046
"GALGAL_R15603.c123.linsi",152,0.0223573184508928
"GALGAL_R15604.c123.linsi",115,0.0160312617072423
"GALGAL_R15606.c123.linsi",88,0.0241975383839972
"GALGAL_R15608.c123.linsi",42,0.0949657753381996
"GALGAL_R15609.c123.linsi",190,0.0222668255341358
"GALGAL_R15612.c123.linsi",252,0.0430363905418771
"GALGAL_R15615.c123.linsi",7,0.0405786283594363
"GALGAL_R15626.c123.linsi",168,0.0119588109638686
"GALGAL_R15629.c123.linsi",46,0.0310452805829753
"GALGAL_R15630.c123.linsi",21,0.0122981049272704
"GALGAL_R15632.c123.linsi",223,0.0222021152205994
"GALGAL_R15640.c123.linsi",206,0.0607630485667511
"GALGAL_R15641.c123.linsi",17,0.0405507861549654
"GALGAL_R15643.c123.linsi",347,0.0730366214908204
"GALGAL_R15646.c123.linsi",8,0.0367640086062499
"GALGAL_R15648.c123.linsi",352,0.00546919570824441
"GALGAL_R15649.c123.linsi",191,0.0249842094015074
"GALGAL_R15653.c123.linsi",20,0.0302778494171319
"GALGAL_R15654.c123.linsi",6,0.0694372818421826
"GALGAL_R15657.c123.linsi",133,0.111835704349949
"GALGAL_R15658.c123.linsi",224,0.0292524660363164
"GALGAL_R15659.c123.linsi",56,0.0197530069319946
"GALGAL_R15661.c123.linsi",168,0.0133395707785008
"GALGAL_R15663.c123.linsi",311,0.00716922487919453
"GALGAL_R15665.c123.linsi",274,0.00838894033780904
"GALGAL_R15672.c123.linsi",336,0.00359020139080479
"GALGAL_R15673.c123.linsi",302,0.00405959292854674
"GALGAL_R15674.c123.linsi",123,0.0135650205831707
"GALGAL_R15675.c123.linsi",353,0.00205224016286392
"GALGAL_R15676.c123.linsi",321,0.0138851821577153
"GALGAL_R15677.c123.linsi",339,0.00285900386281388
"GALGAL_R15678.c123.linsi",347,0.0157725300212434
"GALGAL_R15679.c123.linsi",351,0.0119208457975809
"GALGAL_R15680.c123.linsi",357,0.0243932267934203
"GALGAL_R15681.c123.linsi",290,0.0342827418076914
"GALGAL_R15682.c123.linsi",8,0.0286422718093397
"GALGAL_R15683.c123.linsi",304,0.020664364605719
"GALGAL_R15684.c123.linsi",351,0.00274845984962373
"GALGAL_R15685.c123.linsi",349,0.00854391974002966
"GALGAL_R15686.c123.linsi",324,0.0137448274332009
"GALGAL_R15687.c123.linsi",348,0.00515046562720999
"GALGAL_R15688.c123.linsi",322,0.0128493927805934
"GALGAL_R15689.c123.linsi",341,0.00381860470829379
"GALGAL_R15690.c123.linsi",351,0.00731972345850733
"GALGAL_R15691.c123.linsi",181,0.00264186585297044
"GALGAL_R15692.c123.linsi",351,0.00647217436562674
"GALGAL_R15693.c123.linsi",334,0.0130838125401283
"GALGAL_R15694.c123.linsi",238,0.00548265895855599
"GALGAL_R15695.c123.linsi",360,0.00844443333524049
"GALGAL_R15696.c123.linsi",91,0.0117413521797887
"GALGAL_R15697.c123.linsi",361,0.00934938869962361
"GALGAL_R15698.c123.linsi",336,0.00443698767440157
"GALGAL_R15699.c123.linsi",350,0.0260678037017846
"GALGAL_R15700.c123.linsi",358,0.0146028318410744
"GALGAL_R15701.c123.linsi",5,0.00963279226479969
"GALGAL_R15702.c123.linsi",335,0.0052072564588155
"GALGAL_R15703.c123.linsi",164,0.0177025447861944
"GALGAL_R15704.c123.linsi",242,0.00434657678105013
"GALGAL_R15705.c123.linsi",342,0.0159780584768508
"GALGAL_R15706.c123.linsi",23,0.0856897218978896
"GALGAL_R15707.c123.linsi",95,0.00227590163242553
"GALGAL_R15708.c123.linsi",358,0.00450568883207554
"GALGAL_R15709.c123.linsi",361,0.00194379064230777
"GALGAL_R15710.c123.linsi",345,0.00162184767437069
"GALGAL_R15711.c123.linsi",60,0.0107062505760974
"GALGAL_R15712.c123.linsi",362,0.0267914421057189
"GALGAL_R15713.c123.linsi",360,0.0527855778664
"GALGAL_R15714.c123.linsi",7,0.0103681243746712
"GALGAL_R15715.c123.linsi",323,0.00202264338277851
"GALGAL_R15716.c123.linsi",358,0.00287387138499594
"GALGAL_R15717.c123.linsi",300,0.00101038746969007
"GALGAL_R15718.c123.linsi",310,0.00109482673552734
"GALGAL_R15719.c123.linsi",8,0.0202358649909789
"GALGAL_R15720.c123.linsi",348,0.00236052221658913
"GALGAL_R15721.c123.linsi",286,0.00235198727725796
"GALGAL_R15722.c123.linsi",337,0.00635524534350091
"GALGAL_R15723.c123.linsi",7,0.0203058378438608
"GALGAL_R15724.c123.linsi",288,0.00122780120346905
"GALGAL_R15725.c123.linsi",352,0.0029162531553635
"GALGAL_R15726.c123.linsi",356,0.00233635742538869
"GALGAL_R15727.c123.linsi",360,0.00919346402874348
"GALGAL_R15728.c123.linsi",315,0.00610744445356927
"GALGAL_R15729.c123.linsi",306,0.00376697330897313
"GALGAL_R15730.c123.linsi",350,0.00300931794142925
"GALGAL_R15731.c123.linsi",340,0.0246003385979249
"GALGAL_R15732.c123.linsi",203,0.0077655603296266
"GALGAL_R15733.c123.linsi",339,0.00463482112653519
"GALGAL_R15734.c123.linsi",330,0.0162926488791967
"GALGAL_R15735.c123.linsi",332,0.0197247042158093
"GALGAL_R15736.c123.linsi",353,0.00244458904098818
"GALGAL_R15737.c123.linsi",309,0.00293241729364249
"GALGAL_R15738.c123.linsi",7,0.0126799599769277
"GALGAL_R15739.c123.linsi",293,0.0200493010702375
"GALGAL_R15740.c123.linsi",343,0.00209647270833184
"GALGAL_R15741.c123.linsi",60,0.0115787561110364
"GALGAL_R15742.c123.linsi",326,0.0211306082093007
"GALGAL_R15743.c123.linsi",359,0.0109212461910653
"GALGAL_R15744.c123.linsi",359,0.00266047336146922
"GALGAL_R15745.c123.linsi",344,0.00200133848517971
"GALGAL_R15746.c123.linsi",313,0.00426142907270914
"GALGAL_R15747.c123.linsi",342,0.00287616102610599
"GALGAL_R15748.c123.linsi",317,0.00341907235062055
"GALGAL_R15749.c123.linsi",306,0.00814162244613229
"GALGAL_R15750.c123.linsi",307,0.00877329917313774
"GALGAL_R15751.c123.linsi",336,0.00115679294099978
"GALGAL_R15752.c123.linsi",349,0.0040776015517695
"GALGAL_R15753.c123.linsi",325,0.000968570561657539
"GALGAL_R15754.c123.linsi",359,0.0034623157017018
"GALGAL_R15755.c123.linsi",356,0.0104834472368276
"GALGAL_R15756.c123.linsi",325,0.00167115471661768
"GALGAL_R15757.c123.linsi",356,0.00587192945280041
"GALGAL_R15758.c123.linsi",346,0.00202834626725356
"GALGAL_R15759.c123.linsi",295,0.00218075307480414
"GALGAL_R15760.c123.linsi",280,0.00104749303302723
"GALGAL_R15761.c123.linsi",360,0.00347112799055568
"GALGAL_R15762.c123.linsi",356,0.0321206224600922
"GALGAL_R15763.c123.linsi",342,0.00351814180384868
"GALGAL_R15764.c123.linsi",339,0.00328637675578454
"GALGAL_R15765.c123.linsi",293,0.0117290674995082
"GALGAL_R15766.c123.linsi",359,0.00396869252143422
"GALGAL_R15768.c123.linsi",158,0.0114485565450181
"GALGAL_R15769.c123.linsi",324,0.0061910950102799
"GALGAL_R15770.c123.linsi",360,0.0107193336971127
"GALGAL_R15771.c123.linsi",349,0.00176032197036316
"GALGAL_R15772.c123.linsi",343,0.00310180358365703
"GALGAL_R15773.c123.linsi",90,0.00296126693942848
"GALGAL_R15774.c123.linsi",340,0.00693411898649755
"GALGAL_R15775.c123.linsi",350,0.003053536091235
"GALGAL_R15776.c123.linsi",9,0.0103291495838088
"GALGAL_R15777.c123.linsi",340,0.0499243026085464
"GALGAL_R15778.c123.linsi",356,0.0042466369622658
"GALGAL_R15779.c123.linsi",332,0.00384517846541196
"GALGAL_R15780.c123.linsi",359,0.00556087648991779
"GALGAL_R15781.c123.linsi",349,0.00320008126352031
"GALGAL_R15782.c123.linsi",283,0.00852847466546133
"GALGAL_R15783.c123.linsi",307,0.00311626829888388
"GALGAL_R15784.c123.linsi",352,0.0163373068020769
"GALGAL_R15785.c123.linsi",85,0.0025234692515958
"GALGAL_R15786.c123.linsi",333,0.00253533155581646
"GALGAL_R15787.c123.linsi",192,0.00405300329715385
"GALGAL_R15788.c123.linsi",312,0.00404580670610174
"GALGAL_R15789.c123.linsi",362,0.00404665715503673
"GALGAL_R15790.c123.linsi",357,0.00243706206699959
"GALGAL_R15791.c123.linsi",357,0.0367672169075709
"GALGAL_R15792.c123.linsi",356,0.00717805054077218
"GALGAL_R15793.c123.linsi",313,0.0516670152876696
"GALGAL_R15794.c123.linsi",325,0.00307799770795946
"GALGAL_R15795.c123.linsi",361,0.00635631303907188
"GALGAL_R15796.c123.linsi",358,0.00869208624039753
"GALGAL_R15797.c123.linsi",352,0.0134472282815714
"GALGAL_R15798.c123.linsi",332,0.0053470998927178
"GALGAL_R15799.c123.linsi",273,0.108552456898801
"GALGAL_R15800.c123.linsi",300,0.00537253462430472
"GALGAL_R15801.c123.linsi",324,0.00550650797286758
"GALGAL_R15802.c123.linsi",361,0.0733424492677276
"GALGAL_R15803.c123.linsi",337,0.00429158059237669
"GALGAL_R15804.c123.linsi",354,0.015936074461437
"GALGAL_R15805.c123.linsi",330,0.00575711683395732
"GALGAL_R15806.c123.linsi",242,0.00200775926489601
"GALGAL_R15807.c123.linsi",346,0.00529668310233465
"GALGAL_R15808.c123.linsi",317,0.0015618783076692
"GALGAL_R15809.c123.linsi",335,0.00166890176737753
"GALGAL_R15810.c123.linsi",356,0.0168952819780947
"GALGAL_R15811.c123.linsi",357,0.00487633790661933
"GALGAL_R15812.c123.linsi",325,0.00330664930557162
"GALGAL_R15813.c123.linsi",4,0.0186825356699493
"GALGAL_R15814.c123.linsi",288,0.00276348765819989
"GALGAL_R15815.c123.linsi",339,0.00192134177937109
"GALGAL_R15816.c123.linsi",308,0.000646580664914817
"GALGAL_R15817.c123.linsi",264,0.00215167282901551
"GALGAL_R15818.c123.linsi",325,0.00375383142642384
"GALGAL_R15819.c123.linsi",332,0.0170171720515546
"GALGAL_R15820.c123.linsi",306,0.0248030243892904
"GALGAL_R15821.c123.linsi",263,0.083506311137806
"GALGAL_R15822.c123.linsi",335,0.00983362485481057
"GALGAL_R15823.c123.linsi",263,0.0127685785630302
"GALGAL_R15824.c123.linsi",171,0.032369322544199
"GALGAL_R15825.c123.linsi",140,0.0166374509281744
"GALGAL_R15826.c123.linsi",171,0.01288170444097
"GALGAL_R15827.c123.linsi",193,0.0370104859358791
"GALGAL_R15828.c123.linsi",156,0.0135186316011401
"GALGAL_R15829.c123.linsi",140,0.0221573607006793
"GALGAL_R15830.c123.linsi",228,0.0429271830026626
"GALGAL_R15831.c123.linsi",326,0.0374658148301562
"GALGAL_R15832.c123.linsi",311,0.0119048791320458
"GALGAL_R15833.c123.linsi",15,0.0283588737920955
"GALGAL_R15834.c123.linsi",360,0.00280654620089189
"GALGAL_R15835.c123.linsi",362,0.00496660452488689
"GALGAL_R15836.c123.linsi",354,0.0232173176596994
"GALGAL_R15837.c123.linsi",344,0.00345926525490567
"GALGAL_R15838.c123.linsi",359,0.00682132978597764
"GALGAL_R15839.c123.linsi",358,0.0076792125936864
"GALGAL_R15840.c123.linsi",167,0.00735008961611293
"GALGAL_R15841.c123.linsi",4,0.019253218842181
"GALGAL_R15842.c123.linsi",34,0.0331101579763332
"GALGAL_R15844.c123.linsi",9,0.011926611892423
"GALGAL_R15845.c123.linsi",5,0.00971251740910335
"GALGAL_R15846.c123.linsi",165,0.0269975288719989
"GALGAL_R15847.c123.linsi",354,0.00432082154516863
"GALGAL_R15848.c123.linsi",357,0.00804242334252527
"GALGAL_R15849.c123.linsi",341,0.00525743105603862
"GALGAL_R15850.c123.linsi",333,0.00833454703684375
"GALGAL_R15851.c123.linsi",75,0.0057540607705652
"GALGAL_R15852.c123.linsi",64,0.00243231990499637
"GALGAL_R15853.c123.linsi",356,0.00955630574688841
"GALGAL_R15854.c123.linsi",272,0.00573369824879985
"GALGAL_R15855.c123.linsi",311,0.00340502814543502
"GALGAL_R15856.c123.linsi",357,0.0221094541309317
"GALGAL_R15857.c123.linsi",24,0.0113147998694454
"GALGAL_R15858.c123.linsi",114,0.00613528721665814
"GALGAL_R15859.c123.linsi",328,0.0228545132228366
"GALGAL_R15860.c123.linsi",242,0.00754731525866727
"GALGAL_R15861.c123.linsi",69,0.0276156426478854
"GALGAL_R15862.c123.linsi",9,0.0117323688172738
"GALGAL_R15863.c123.linsi",338,0.0122176290008487
"GALGAL_R15864.c123.linsi",327,0.00709955597926205
"GALGAL_R15865.c123.linsi",356,0.00420456452376722
"GALGAL_R15866.c123.linsi",15,0.0208113805330342
"GALGAL_R15867.c123.linsi",335,0.00195893414639229
"GALGAL_R15868.c123.linsi",331,0.0013792556821245
"GALGAL_R15869.c123.linsi",8,0.0151570749660586
"GALGAL_R15870.c123.linsi",4,0.0365047047893489
"GALGAL_R15871.c123.linsi",347,0.0213895521373587
"GALGAL_R15872.c123.linsi",358,0.0125819374293389
"GALGAL_R15873.c123.linsi",362,0.00339084893098017
"GALGAL_R15874.c123.linsi",103,0.00051548180140947
"GALGAL_R15875.c123.linsi",359,0.0132197852710462
"GALGAL_R15876.c123.linsi",359,0.0152221306499637
"GALGAL_R15877.c123.linsi",347,0.00306952117694126
"GALGAL_R15878.c123.linsi",49,0.0398886655433361
"GALGAL_R15879.c123.linsi",341,0.02060968339007
"GALGAL_R15880.c123.linsi",14,0.0159778793156784
"GALGAL_R15881.c123.linsi",300,0.00402715899694393
"GALGAL_R15882.c123.linsi",346,0.00226201227971778
"GALGAL_R15883.c123.linsi",229,0.00975100400862478
"GALGAL_R15884.c123.linsi",358,0.00238273997384767
"GALGAL_R15885.c123.linsi",325,0.00355511369696459
"GALGAL_R15886.c123.linsi",344,0.00461942027839506
"GALGAL_R15887.c123.linsi",349,0.0292400158891023
"GALGAL_R15888.c123.linsi",206,0.0315757249063425
"GALGAL_R15889.c123.linsi",116,0.0242206072628
"GALGAL_R15890.c123.linsi",227,0.0131202446176473
"GALGAL_R15891.c123.linsi",358,0.0279630787130985
"GALGAL_R15892.c123.linsi",284,0.0160997782217432
"GALGAL_R15893.c123.linsi",357,0.0113727545675152
"GALGAL_R15894.c123.linsi",174,0.0222574869790387
"GALGAL_R15895.c123.linsi",308,0.00699926373162052
"GALGAL_R15896.c123.linsi",29,0.0251685053070152
"GALGAL_R15897.c123.linsi",99,0.028734708933912
"GALGAL_R15898.c123.linsi",160,0.00619127805365012
"GALGAL_R15899.c123.linsi",335,0.00798267872428435
"GALGAL_R15900.c123.linsi",48,0.0151248975500033
"GALGAL_R15901.c123.linsi",349,0.041303526914948
"GALGAL_R15902.c123.linsi",355,0.00772366499690483
"GALGAL_R15903.c123.linsi",354,0.0821326128517692
"GALGAL_R15904.c123.linsi",350,0.0251260404486276
"GALGAL_R15905.c123.linsi",348,0.0077042282821017
"GALGAL_R15906.c123.linsi",340,0.00541923573022169
"GALGAL_R15907.c123.linsi",91,0.0156815829488263
"GALGAL_R15908.c123.linsi",77,0.0231584202679135
"GALGAL_R15909.c123.linsi",338,0.00923314232039592
"GALGAL_R15910.c123.linsi",344,0.0135481327506302
"GALGAL_R15911.c123.linsi",356,0.0039813557980049
"GALGAL_R15912.c123.linsi",274,0.00968936917203796
"GALGAL_R15913.c123.linsi",350,0.00776483714399112
"GALGAL_R15914.c123.linsi",351,0.00953767844143731
"GALGAL_R15915.c123.linsi",358,0.00427645983164909
"GALGAL_R15916.c123.linsi",358,0.00487372005981027
"GALGAL_R15917.c123.linsi",342,0.00504837995716357
"GALGAL_R15918.c123.linsi",361,0.00726587117530714
"GALGAL_R15919.c123.linsi",345,0.00557087637286878
"GALGAL_R15920.c123.linsi",252,0.0254326815352499
"GALGAL_R15921.c123.linsi",358,0.0186230920479441
"GALGAL_R15922.c123.linsi",278,0.00991843041039938
"GALGAL_R15923.c123.linsi",333,0.00189646565992861
"GALGAL_R15924.c123.linsi",351,0.00436896897803796
"GALGAL_R15925.c123.linsi",360,0.0111226575950127
"GALGAL_R15926.c123.linsi",358,0.00553503860718441
"GALGAL_R15927.c123.linsi",361,0.00424308669566191
"GALGAL_R15928.c123.linsi",352,0.0440450345213268
"GALGAL_R15929.c123.linsi",260,0.0500742284736743
"GALGAL_R15930.c123.linsi",335,0.00742954381949272
"GALGAL_R15931.c123.linsi",337,0.0174660971234941
"GALGAL_R15932.c123.linsi",352,0.00316749645207978
"GALGAL_R15933.c123.linsi",334,0.00388672055129986
"GALGAL_R15934.c123.linsi",362,0.00910862081844744
"GALGAL_R15935.c123.linsi",358,0.00201186697325636
"GALGAL_R15936.c123.linsi",359,0.00250781590489525
"GALGAL_R15937.c123.linsi",357,0.0076003774879023
"GALGAL_R15938.c123.linsi",362,0.0134648295749927
"GALGAL_R15939.c123.linsi",362,0.00458871211178428
"GALGAL_R15940.c123.linsi",347,0.00824741259835553
"GALGAL_R15941.c123.linsi",359,0.00308348015976656
"GALGAL_R15942.c123.linsi",358,0.00656912786793338
"GALGAL_R15943.c123.linsi",347,0.00549880054940412
"GALGAL_R15944.c123.linsi",350,0.00329525047603002
"GALGAL_R15945.c123.linsi",322,0.00365237508243813
"GALGAL_R15946.c123.linsi",358,0.00654093314921254
"GALGAL_R15947.c123.linsi",359,0.00437059371295412
"GALGAL_R15948.c123.linsi",358,0.00304095201095832
"GALGAL_R15949.c123.linsi",346,0.00597280716570044
"GALGAL_R15950.c123.linsi",350,0.00848550344752153
"GALGAL_R15951.c123.linsi",297,0.00341638091156903
"GALGAL_R15952.c123.linsi",325,0.00505756890914797
"GALGAL_R15953.c123.linsi",24,0.00403893524306852
"GALGAL_R15954.c123.linsi",360,0.0161838452107247
"GALGAL_R15955.c123.linsi",356,0.0173084355546365
"GALGAL_R15956.c123.linsi",356,0.00746557925796296
"GALGAL_R15957.c123.linsi",359,0.00703907936481041
"GALGAL_R15958.c123.linsi",354,0.0194588728185164
"GALGAL_R15959.c123.linsi",353,0.00404339615752502
"GALGAL_R15960.c123.linsi",359,0.0115924724172123
"GALGAL_R15961.c123.linsi",7,0.0095338734588854
"GALGAL_R15962.c123.linsi",173,0.0312601866338868
"GALGAL_R15963.c123.linsi",354,0.00287202192095468
"GALGAL_R15964.c123.linsi",352,0.00350017158601699
"GALGAL_R15965.c123.linsi",355,0.00738757392517685
"GALGAL_R15966.c123.linsi",103,0.0144141678958751
"GALGAL_R15967.c123.linsi",350,0.00362571906372809
"GALGAL_R15968.c123.linsi",347,0.00882446915733614
"GALGAL_R15969.c123.linsi",329,0.00839593680922634
"GALGAL_R15970.c123.linsi",357,0.0164702409278042
"GALGAL_R15971.c123.linsi",345,0.00270141274408229
"GALGAL_R15972.c123.linsi",342,0.00703038993921558
"GALGAL_R15973.c123.linsi",349,0.004080058538172
"GALGAL_R15974.c123.linsi",354,0.0104295342784384
"GALGAL_R15975.c123.linsi",305,0.0297202707286699
"GALGAL_R15976.c123.linsi",358,0.00580664356142765
"GALGAL_R15977.c123.linsi",360,0.00927840610793682
"GALGAL_R15978.c123.linsi",362,0.00421180279613343
"GALGAL_R15979.c123.linsi",354,0.00309628708279662
"GALGAL_R15980.c123.linsi",357,0.0653495635434514
"GALGAL_R15981.c123.linsi",335,0.0128810183101507
"GALGAL_R15982.c123.linsi",344,0.00547293276054172
"GALGAL_R15983.c123.linsi",348,0.0124886788943985
"GALGAL_R15984.c123.linsi",6,0.013283543775346
"GALGAL_R15985.c123.linsi",357,0.0180968466655326
"GALGAL_R15986.c123.linsi",352,0.0335288873245554
"GALGAL_R15987.c123.linsi",352,0.0115403189796002
"GALGAL_R15988.c123.linsi",347,0.0325589280852291
"GALGAL_R15989.c123.linsi",355,0.0131074363088517
"GALGAL_R15990.c123.linsi",300,0.0394206503044704
"GALGAL_R15991.c123.linsi",329,0.0105981576317245
"GALGAL_R15992.c123.linsi",328,0.0414629215662083
"GALGAL_R15993.c123.linsi",356,0.0292751084240942
"GALGAL_R15994.c123.linsi",242,0.101457650656888
"GALGAL_R15995.c123.linsi",357,0.01379910302911
"GALGAL_R15996.c123.linsi",341,0.0275445140909849
"GALGAL_R15997.c123.linsi",299,0.0698495566813177
"GALGAL_R15998.c123.linsi",107,0.0180280266167688
"GALGAL_R15999.c123.linsi",324,0.0290773577879436
"GALGAL_R16000.c123.linsi",345,0.00197665246706066
"GALGAL_R16001.c123.linsi",353,0.00160497518523517
"GALGAL_R16002.c123.linsi",356,0.00319907498552359
"GALGAL_R16003.c123.linsi",349,0.015821423768315
"GALGAL_R16004.c123.linsi",341,0.00366448135377048
"GALGAL_R16005.c123.linsi",359,0.00514573105806303
"GALGAL_R16006.c123.linsi",359,0.0178340503796986
"GALGAL_R16007.c123.linsi",351,0.000631267076710131
"GALGAL_R16008.c123.linsi",361,0.00283809217664866
"GALGAL_R16009.c123.linsi",362,0.00770394937298314
"GALGAL_R16010.c123.linsi",351,0.00195459031858735
"GALGAL_R16011.c123.linsi",343,0.0038669692300437
"GALGAL_R16012.c123.linsi",336,0.00458692255415808
"GALGAL_R16013.c123.linsi",323,0.00513919641584934
"GALGAL_R16014.c123.linsi",363,0.00282244113295977
"GALGAL_R16015.c123.linsi",360,0.00292068514776824
"GALGAL_R16016.c123.linsi",341,0.0044557244782433
"GALGAL_R16017.c123.linsi",192,0.0147878231847672
"GALGAL_R16018.c123.linsi",271,0.0149867622647369
"GALGAL_R16019.c123.linsi",341,0.00163859474731599
"GALGAL_R16020.c123.linsi",306,0.00126875804239827
"GALGAL_R16021.c123.linsi",353,0.00170464504132153
"GALGAL_R16022.c123.linsi",358,0.002226526665991
"GALGAL_R16023.c123.linsi",363,0.00630457431633154
"GALGAL_R16024.c123.linsi",300,0.0118156156239548
"GALGAL_R16025.c123.linsi",308,0.00855545171230389
"GALGAL_R16026.c123.linsi",340,0.00581684331928417
"GALGAL_R16027.c123.linsi",310,0.0020568719299607
"GALGAL_R16028.c123.linsi",347,0.00429427622765338
"GALGAL_R16029.c123.linsi",269,0.0113659220488941
"GALGAL_R16030.c123.linsi",301,0.00658352737999868
"GALGAL_R16031.c123.linsi",363,0.0107322907395127
"GALGAL_R16032.c123.linsi",360,0.00341564895667316
"GALGAL_R16033.c123.linsi",359,0.0106896760416742
"GALGAL_R16034.c123.linsi",344,0.00691542296393814
"GALGAL_R16035.c123.linsi",353,0.00616858635433361
"GALGAL_R16036.c123.linsi",348,0.00174808324520946
"GALGAL_R16037.c123.linsi",360,0.00409450842793669
"GALGAL_R16038.c123.linsi",342,0.00302366485575378
"GALGAL_R16039.c123.linsi",356,0.0136558966163539
"GALGAL_R16040.c123.linsi",334,0.00666960238181206
"GALGAL_R16041.c123.linsi",357,0.00558798652670128
"GALGAL_R16042.c123.linsi",356,0.0218239881180763
"GALGAL_R16043.c123.linsi",331,0.029825358726918
"GALGAL_R16044.c123.linsi",361,0.00386110842407477
"GALGAL_R16045.c123.linsi",359,0.00141213750885726
"GALGAL_R16046.c123.linsi",343,0.00318004311517271
"GALGAL_R16047.c123.linsi",341,0.000760396479561314
"GALGAL_R16048.c123.linsi",341,0.000859196435818822
"GALGAL_R16049.c123.linsi",191,0.00032344166080247
"GALGAL_R16050.c123.linsi",286,0.00380883601845636
"GALGAL_R16051.c123.linsi",308,0.0067162488818804
"GALGAL_R16052.c123.linsi",336,0.00151438574128722
"GALGAL_R16053.c123.linsi",340,0.00335297735539117
"GALGAL_R16054.c123.linsi",348,0.00954754663971411
"GALGAL_R16055.c123.linsi",337,0.00168459498296819
"GALGAL_R16056.c123.linsi",359,0.00258234468031986
"GALGAL_R16057.c123.linsi",293,0.00547393001192827
"GALGAL_R16058.c123.linsi",355,0.0144195407772872
"GALGAL_R16059.c123.linsi",339,0.0125488097123653
"GALGAL_R16060.c123.linsi",358,0.00310083447806397
"GALGAL_R16061.c123.linsi",341,0.001070358354986
"GALGAL_R16062.c123.linsi",360,0.00791487543779046
"GALGAL_R16063.c123.linsi",356,0.00417355964580317
"GALGAL_R16064.c123.linsi",313,0.00556450913375881
"GALGAL_R16065.c123.linsi",354,0.00336110195522933
"GALGAL_R16066.c123.linsi",359,0.00308529536848565
"GALGAL_R16067.c123.linsi",355,0.00325782626947988
"GALGAL_R16068.c123.linsi",362,0.0088967063600601
"GALGAL_R16069.c123.linsi",339,0.00428669575488849
"GALGAL_R16070.c123.linsi",345,0.0233308267144208
"GALGAL_R16071.c123.linsi",349,0.00227259894063218
"GALGAL_R16072.c123.linsi",358,0.0020192290957521
"GALGAL_R16073.c123.linsi",361,0.00285542692873397
"GALGAL_R16074.c123.linsi",360,0.00470564544861525
"GALGAL_R16075.c123.linsi",360,0.00372892662013333
"GALGAL_R16076.c123.linsi",353,0.00210785033995251
"GALGAL_R16077.c123.linsi",358,0.00787453987635093
"GALGAL_R16078.c123.linsi",359,0.00128425038552484
"GALGAL_R16079.c123.linsi",329,0.00366637195671878
"GALGAL_R16080.c123.linsi",360,0.00153882156044713
"GALGAL_R16081.c123.linsi",358,0.00276749542573974
"GALGAL_R16082.c123.linsi",274,0.00155424318528294
"GALGAL_R16083.c123.linsi",358,0.00401813598498128
"GALGAL_R16084.c123.linsi",313,0.00338278774487913
"GALGAL_R16085.c123.linsi",328,0.0115107163212294
"GALGAL_R16086.c123.linsi",360,0.0108284505132495
"GALGAL_R16087.c123.linsi",352,0.00643843305797861
"GALGAL_R16088.c123.linsi",359,0.0261786940811879
"GALGAL_R16089.c123.linsi",352,0.0131315781317213
"GALGAL_R16090.c123.linsi",357,0.00519031961117175
"GALGAL_R16091.c123.linsi",357,0.0149630127765493
"GALGAL_R16092.c123.linsi",340,0.00412992575657421
"GALGAL_R16093.c123.linsi",358,0.00525281279841924
"GALGAL_R16094.c123.linsi",359,0.00366763660822584
"GALGAL_R16095.c123.linsi",358,0.00190652943915606
"GALGAL_R16096.c123.linsi",330,0.00385868526499137
"GALGAL_R16097.c123.linsi",337,0.0056234234195915
"GALGAL_R16098.c123.linsi",358,0.00260438352438124
"GALGAL_R16099.c123.linsi",322,0.0121183219462242
"GALGAL_R16100.c123.linsi",320,0.000947793926487303
"GALGAL_R16101.c123.linsi",359,0.00158861206181655
"GALGAL_R16102.c123.linsi",361,0.00597998039048118
"GALGAL_R16103.c123.linsi",313,0.00664711462057723
"GALGAL_R16104.c123.linsi",351,0.004695134745789
"GALGAL_R16105.c123.linsi",362,0.00400623332779534
"GALGAL_R16106.c123.linsi",356,0.00433193028533812
"GALGAL_R16107.c123.linsi",340,0.0105368567947384
"GALGAL_R16108.c123.linsi",332,0.00174235484466998
"GALGAL_R16109.c123.linsi",199,0.00249291250864982
"GALGAL_R16110.c123.linsi",349,0.0084889626653091
"GALGAL_R16111.c123.linsi",361,0.00815811273277543
"GALGAL_R16112.c123.linsi",361,0.00242492628675626
"GALGAL_R16113.c123.linsi",330,0.00582461999059722
"GALGAL_R16114.c123.linsi",208,0.00184167970371755
"GALGAL_R16115.c123.linsi",334,0.0108344941674711
"GALGAL_R16116.c123.linsi",355,0.0124519538647553
"GALGAL_R16117.c123.linsi",356,0.0100205914617703
"GALGAL_R16118.c123.linsi",338,0.00557960259359422
"GALGAL_R16119.c123.linsi",327,0.00188049154149639
"GALGAL_R16120.c123.linsi",330,0.0018281305613279
"GALGAL_R16121.c123.linsi",362,0.00660670553583241
"GALGAL_R16122.c123.linsi",355,0.0276654201193606
"GALGAL_R16123.c123.linsi",349,0.00313197871341362
"GALGAL_R16124.c123.linsi",326,0.00614842052330843
"GALGAL_R16125.c123.linsi",356,0.00485861147920034
"GALGAL_R16126.c123.linsi",329,0.00275042316189641
"GALGAL_R16127.c123.linsi",325,0.00478953443240942
"GALGAL_R16128.c123.linsi",349,0.00970105144864116
"GALGAL_R16129.c123.linsi",328,0.00365969767664946
"GALGAL_R16130.c123.linsi",325,0.0125572088823657
"GALGAL_R16131.c123.linsi",329,0.00708623923105263
"GALGAL_R16132.c123.linsi",302,0.0038774845869393
"GALGAL_R16133.c123.linsi",291,0.00258927783233817
"GALGAL_R16134.c123.linsi",360,0.0121704511998756
"GALGAL_R16135.c123.linsi",347,0.0105980716634562
"GALGAL_R16136.c123.linsi",354,0.00847011889288081
"GALGAL_R16137.c123.linsi",334,0.00495284497095516
"GALGAL_R16138.c123.linsi",215,0.00233230762224851
"GALGAL_R16139.c123.linsi",286,0.00917940199900695
"GALGAL_R16140.c123.linsi",339,0.00856866080237276
"GALGAL_R16141.c123.linsi",302,0.00795490289443394
"GALGAL_R16142.c123.linsi",361,0.0254402162807754
"GALGAL_R16143.c123.linsi",353,0.00382797765128969
"GALGAL_R16144.c123.linsi",340,0.00121739521050167
"GALGAL_R16145.c123.linsi",343,0.00263017050917873
"GALGAL_R16146.c123.linsi",336,0.0043308843615645
"GALGAL_R16147.c123.linsi",340,0.00426257843779592
"GALGAL_R16148.c123.linsi",349,0.0100276528784883
"GALGAL_R16149.c123.linsi",358,0.00938769452215762
"GALGAL_R16150.c123.linsi",327,0.0185828292113834
"GALGAL_R16151.c123.linsi",330,0.00403124135682707
"GALGAL_R16152.c123.linsi",361,0.00452782307272359
"GALGAL_R16153.c123.linsi",333,0.00161697562200706
"GALGAL_R16154.c123.linsi",356,0.00281970146774077
"GALGAL_R16155.c123.linsi",342,0.00336154431772572
"GALGAL_R16156.c123.linsi",345,0.00183401864326686
"GALGAL_R16157.c123.linsi",353,0.00206937344170745
"GALGAL_R16158.c123.linsi",361,0.0253483620033876
"GALGAL_R16159.c123.linsi",355,0.0213512336398306
"GALGAL_R16160.c123.linsi",319,0.00842166810565179
"GALGAL_R16161.c123.linsi",338,0.00540334626070832
"GALGAL_R16162.c123.linsi",362,0.0139745483205465
"GALGAL_R16163.c123.linsi",327,0.00298624290669844
"GALGAL_R16164.c123.linsi",361,0.00417693587189228
"GALGAL_R16165.c123.linsi",344,0.00477582278655359
"GALGAL_R16166.c123.linsi",358,0.0019059615863987
"GALGAL_R16167.c123.linsi",291,0.000933302663636191
"GALGAL_R16168.c123.linsi",351,0.00240522596863781
"GALGAL_R16169.c123.linsi",355,0.00246813456131926
"GALGAL_R16170.c123.linsi",265,0.0126576529692579
"GALGAL_R16171.c123.linsi",265,0.0107806715630366
"GALGAL_R16172.c123.linsi",346,0.00492000597231087
"GALGAL_R16173.c123.linsi",354,0.00538383298894869
"GALGAL_R16174.c123.linsi",357,0.00463963135472994
"GALGAL_R16175.c123.linsi",346,0.00337349966281685
"GALGAL_R16176.c123.linsi",145,0.00523444923429614
"GALGAL_R16177.c123.linsi",351,0.0041955808118692
"GALGAL_R16178.c123.linsi",326,0.00870655570488026
"GALGAL_R16179.c123.linsi",363,0.0162080552213331
"GALGAL_R16180.c123.linsi",359,0.0417137485850131
"GALGAL_R16181.c123.linsi",346,0.0132131038283529
"GALGAL_R16182.c123.linsi",329,0.0626091247877038
"GALGAL_R16183.c123.linsi",276,0.00240401974743415
"GALGAL_R16184.c123.linsi",351,0.00792218087829894
"GALGAL_R16185.c123.linsi",340,0.00323720665915365
"GALGAL_R16186.c123.linsi",287,0.00269118775095589
"GALGAL_R16187.c123.linsi",337,0.00672169955731853
"GALGAL_R16188.c123.linsi",355,0.00554183399573221
"GALGAL_R16189.c123.linsi",346,0.00622002664578883
"GALGAL_R16190.c123.linsi",353,0.0199118538368148
"GALGAL_R16191.c123.linsi",350,0.00698204357802732
"GALGAL_R16192.c123.linsi",333,0.0065734559763159
"GALGAL_R16193.c123.linsi",333,0.00580249554245066
"GALGAL_R16194.c123.linsi",330,0.0359705345698397
"GALGAL_R16195.c123.linsi",313,0.0172300265547419
"GALGAL_R16196.c123.linsi",343,0.00657628886157728
"GALGAL_R16197.c123.linsi",328,0.00829953440984412
"GALGAL_R16198.c123.linsi",339,0.00102703323655775
"GALGAL_R16199.c123.linsi",349,0.0130991233152867
"GALGAL_R16200.c123.linsi",337,0.00950266536853785
"GALGAL_R16201.c123.linsi",352,0.00848689108988098
"GALGAL_R16202.c123.linsi",297,0.00258202225837641
"GALGAL_R16203.c123.linsi",233,0.0789587847546525
"GALGAL_R16204.c123.linsi",32,0.0282287172601151
"GALGAL_R16205.c123.linsi",256,0.0679399931879341
"GALGAL_R16206.c123.linsi",357,0.0119391993215248
"GALGAL_R16207.c123.linsi",349,0.00887325105255583
"GALGAL_R16208.c123.linsi",289,0.0144468926081824
"GALGAL_R16209.c123.linsi",338,0.00604180792005302
"GALGAL_R16210.c123.linsi",271,0.0162940452601287
"GALGAL_R16211.c123.linsi",338,0.0095546840376092
"GALGAL_R16212.c123.linsi",349,0.0106198411104659
"GALGAL_R16213.c123.linsi",334,0.00281945304997334
"GALGAL_R16214.c123.linsi",270,0.0226427802047806
"GALGAL_R16215.c123.linsi",363,0.00729646563453342
"GALGAL_R16216.c123.linsi",352,0.0152935190461938
"GALGAL_R16217.c123.linsi",337,0.00244141292997821
"GALGAL_R16218.c123.linsi",347,0.00445216264666135
"GALGAL_R16219.c123.linsi",349,0.00260308151148983
"GALGAL_R16220.c123.linsi",292,0.0324386824423131
"GALGAL_R16221.c123.linsi",362,0.00396361704904947
"GALGAL_R16222.c123.linsi",63,0.0149565219806518
"GALGAL_R16223.c123.linsi",333,0.00356771932217954
"GALGAL_R16224.c123.linsi",361,0.00581329978442383
"GALGAL_R16225.c123.linsi",318,0.00447198024907397
"GALGAL_R16226.c123.linsi",359,0.00763202170828493
"GALGAL_R16227.c123.linsi",352,0.0067500526927867
"GALGAL_R16228.c123.linsi",311,0.0115549867380887
"GALGAL_R16229.c123.linsi",150,0.0190445973890928
"GALGAL_R16230.c123.linsi",350,0.0105399848280104
"GALGAL_R16231.c123.linsi",342,0.00582120785572914
"GALGAL_R16232.c123.linsi",329,0.00380873986663407
"GALGAL_R16233.c123.linsi",33,0.0428591425194035
"GALGAL_R16234.c123.linsi",110,0.00365470885314379
"GALGAL_R16235.c123.linsi",321,0.00272826498115656
"GALGAL_R16236.c123.linsi",360,0.0063489234234674
"GALGAL_R16237.c123.linsi",281,0.00658348247503309
"GALGAL_R16238.c123.linsi",357,0.00301967776721304
"GALGAL_R16239.c123.linsi",357,0.00639891363522188
"GALGAL_R16240.c123.linsi",13,0.000602736321787877
"GALGAL_R16241.c123.linsi",44,0.00285247800432272
"GALGAL_R16242.c123.linsi",346,0.00335428767877566
"GALGAL_R16243.c123.linsi",354,0.00375031226761282
"GALGAL_R16244.c123.linsi",358,0.00401741498010958
"GALGAL_R16245.c123.linsi",353,0.00911414880290794
"GALGAL_R16246.c123.linsi",352,0.00750876218142745
"GALGAL_R16247.c123.linsi",348,0.00635566577356255
"GALGAL_R16248.c123.linsi",361,0.00229805408424808
"GALGAL_R16249.c123.linsi",27,0.0034326876699989
"GALGAL_R16250.c123.linsi",352,0.00177685120888043
"GALGAL_R16251.c123.linsi",358,0.00356688551928798
"GALGAL_R16252.c123.linsi",343,0.00697852231484417
"GALGAL_R16253.c123.linsi",361,0.0173121131850423
"GALGAL_R16254.c123.linsi",29,0.0342222721134279
"GALGAL_R16255.c123.linsi",360,0.00319893173497101
"GALGAL_R16256.c123.linsi",340,0.0031461554319513
"GALGAL_R16257.c123.linsi",355,0.00297147006067453
"GALGAL_R16258.c123.linsi",356,0.00648323805327889
"GALGAL_R16261.c123.linsi",349,0.00358405018075745
"GALGAL_R16262.c123.linsi",316,0.00075661791682773
"GALGAL_R16263.c123.linsi",319,0.00188825818079821
"GALGAL_R16264.c123.linsi",345,0.0048321556819505
"GALGAL_R16265.c123.linsi",359,0.00776332430461896
"GALGAL_R16266.c123.linsi",154,0.00321882101030184
"GALGAL_R16267.c123.linsi",318,0.00353290470697652
"GALGAL_R16268.c123.linsi",334,0.00328149277624713
"GALGAL_R16269.c123.linsi",319,0.0202608516190242
"GALGAL_R16270.c123.linsi",349,0.00166298141795773
"GALGAL_R16271.c123.linsi",339,0.00642568147951037
"GALGAL_R16272.c123.linsi",359,0.00464655755520665
"GALGAL_R16273.c123.linsi",346,0.00612453189586373
"GALGAL_R16274.c123.linsi",357,0.00450192054736267
"GALGAL_R16275.c123.linsi",344,0.00530089643852233
"GALGAL_R16276.c123.linsi",362,0.00558444417042529
"GALGAL_R16277.c123.linsi",350,0.00205552532906298
"GALGAL_R16278.c123.linsi",274,0.00260464114853832
"GALGAL_R16279.c123.linsi",246,0.000844980081788014
"GALGAL_R16280.c123.linsi",362,0.00305406464249151
"GALGAL_R16281.c123.linsi",330,0.0167096915536785
"GALGAL_R16282.c123.linsi",342,0.00383529792190796
"GALGAL_R16283.c123.linsi",360,0.00350172951195059
"GALGAL_R16284.c123.linsi",359,0.00613715991497832
"GALGAL_R16285.c123.linsi",357,0.00645635368847703
"GALGAL_R16286.c123.linsi",329,0.00163301230447933
"GALGAL_R16287.c123.linsi",362,0.00772506869911967
"GALGAL_R16288.c123.linsi",363,0.00457999709252289
"GALGAL_R16289.c123.linsi",353,0.00635121479788092
"GALGAL_R16290.c123.linsi",358,0.00397412803690282
"GALGAL_R16291.c123.linsi",344,0.00130535466833308
"GALGAL_R16292.c123.linsi",337,0.0206886500241306
"GALGAL_R16293.c123.linsi",347,0.0232146211578596
"GALGAL_R16294.c123.linsi",330,0.0215690644629253
"GALGAL_R16295.c123.linsi",340,0.0163552089522621
"GALGAL_R16296.c123.linsi",298,0.00601555092124668
"GALGAL_R16297.c123.linsi",343,0.00364781952280702
"GALGAL_R16298.c123.linsi",362,0.00120646067011446
"GALGAL_R16299.c123.linsi",352,0.0319695009873454
"GALGAL_R16300.c123.linsi",315,0.050336700597177
"GALGAL_R16301.c123.linsi",8,0.0340787598990417
"GALGAL_R16302.c123.linsi",162,0.0238320770346723
"GALGAL_R16303.c123.linsi",330,0.0287956362034595
"GALGAL_R16304.c123.linsi",318,0.0430435270934924
"GALGAL_R16305.c123.linsi",333,0.0258480046449046
"GALGAL_R16306.c123.linsi",14,0.0408086466961704
"GALGAL_R16307.c123.linsi",343,0.00166332252404503
"GALGAL_R16308.c123.linsi",270,0.0102189594862623
"GALGAL_R16309.c123.linsi",266,0.0331595848790328
"GALGAL_R16310.c123.linsi",8,0.185472082227993
"GALGAL_R16311.c123.linsi",338,0.01803305963908
"GALGAL_R16312.c123.linsi",362,0.00617758653855881
"GALGAL_R16313.c123.linsi",330,0.00207962492387147
"GALGAL_R16314.c123.linsi",349,0.00279021206776749
"GALGAL_R16316.c123.linsi",5,0.0202789897985289
"GALGAL_R16317.c123.linsi",4,0.0184311660365519
"GALGAL_R16318.c123.linsi",236,0.0152239054025486
"GALGAL_R16319.c123.linsi",349,0.00718427539832602
"GALGAL_R16320.c123.linsi",346,0.000503032041316966
"GALGAL_R16321.c123.linsi",337,0.020386167707302
"GALGAL_R16322.c123.linsi",361,0.00279064462113694
"GALGAL_R16323.c123.linsi",279,0.0139873857787119
"GALGAL_R16324.c123.linsi",338,0.0030029783797977
"GALGAL_R16327.c123.linsi",182,0.00892945048308084
"GALGAL_R16328.c123.linsi",283,0.00803209504819578
"GALGAL_R16329.c123.linsi",352,0.0143888440991252
"GALGAL_R16330.c123.linsi",325,0.0224031490951734
"GALGAL_R16331.c123.linsi",199,0.00241324255663271
"GALGAL_R16332.c123.linsi",214,0.00901188843927934
"GALGAL_R16333.c123.linsi",168,0.00429288372617413
"GALGAL_R16334.c123.linsi",161,0.014654099457801
"GALGAL_R16335.c123.linsi",340,0.0106357177155861
"GALGAL_R16336.c123.linsi",6,0.0332126638981815
"GALGAL_R16337.c123.linsi",11,0.00939214145344526
"GALGAL_R16338.c123.linsi",360,0.0026149126216774
"GALGAL_R16339.c123.linsi",343,0.0141683934962056
"GALGAL_R16340.c123.linsi",337,0.00735777179606559
"GALGAL_R16341.c123.linsi",291,0.00289835152212293
"GALGAL_R16343.c123.linsi",136,0.00383528372304425
"GALGAL_R16344.c123.linsi",146,0.0076136497613329
"GALGAL_R16345.c123.linsi",305,0.00704167273842899
"GALGAL_R16346.c123.linsi",344,0.0201219634073938
"GALGAL_R16347.c123.linsi",326,0.00514808295364812
"GALGAL_R16348.c123.linsi",6,0.0239889135049482
"GALGAL_R16350.c123.linsi",320,0.0259323674484745
"GALGAL_R16351.c123.linsi",350,0.0382140243614318
"GALGAL_R16352.c123.linsi",334,0.00265150601888019
"GALGAL_R16353.c123.linsi",360,0.0235459752015815
"GALGAL_R16354.c123.linsi",315,0.0234833366440332
"GALGAL_R16355.c123.linsi",220,0.00417377297281051
"GALGAL_R16356.c123.linsi",325,0.0293693078858342
"GALGAL_R16357.c123.linsi",351,0.0134134294125108
"GALGAL_R16358.c123.linsi",344,0.00752764770485061
"GALGAL_R16359.c123.linsi",358,0.00654114120675862
"GALGAL_R16360.c123.linsi",347,0.00189432993194765
"GALGAL_R16361.c123.linsi",342,0.000755885255620321
"GALGAL_R16362.c123.linsi",334,0.00506810397697469
"GALGAL_R16363.c123.linsi",334,0.00279679063000669
"GALGAL_R16364.c123.linsi",344,0.00211772522646903
"GALGAL_R16365.c123.linsi",350,0.00179685789571105
"GALGAL_R16366.c123.linsi",357,0.00240148137416455
"GALGAL_R16367.c123.linsi",360,0.00212246535331344
"GALGAL_R16368.c123.linsi",354,0.0172703515672096
"GALGAL_R16369.c123.linsi",360,0.00211067847095774
"GALGAL_R16370.c123.linsi",314,0.00100293226834896
"GALGAL_R16371.c123.linsi",357,0.00731561692059432
"GALGAL_R16372.c123.linsi",360,0.00472998696811107
"GALGAL_R16373.c123.linsi",351,0.010502266242074
"GALGAL_R16374.c123.linsi",295,0.0179869832711315
"GALGAL_R16375.c123.linsi",345,0.00705513432514323
"GALGAL_R16376.c123.linsi",348,0.00553374172862253
"GALGAL_R16377.c123.linsi",362,0.00218210161157919
"GALGAL_R16378.c123.linsi",343,0.00615043850372606
"GALGAL_R16379.c123.linsi",335,0.0145977606053107
"GALGAL_R16380.c123.linsi",351,0.00781115446878221
"GALGAL_R16381.c123.linsi",347,0.0100954955999297
"GALGAL_R16382.c123.linsi",347,0.00879549350989712
"GALGAL_R16383.c123.linsi",356,0.00591248290556451
"GALGAL_R16384.c123.linsi",295,0.00652795591090413
"GALGAL_R16385.c123.linsi",354,0.0069603368246342
"GALGAL_R16386.c123.linsi",331,0.00970634984016154
"GALGAL_R16387.c123.linsi",327,0.00538516059337301
"GALGAL_R16388.c123.linsi",353,0.00208970011345987
"GALGAL_R16389.c123.linsi",355,0.0014441509139483
"GALGAL_R16390.c123.linsi",327,0.00724533617261078
"GALGAL_R16391.c123.linsi",362,0.0011676922371764
"GALGAL_R16392.c123.linsi",299,0.000971278308194162
"GALGAL_R16393.c123.linsi",358,0.00351360983497464
"GALGAL_R16394.c123.linsi",356,0.00209556479668173
"GALGAL_R16395.c123.linsi",355,0.00699157859361716
"GALGAL_R16396.c123.linsi",360,0.00117523703870571
"GALGAL_R16397.c123.linsi",359,0.00315433221777381
"GALGAL_R16398.c123.linsi",356,0.0143019789501285
"GALGAL_R16399.c123.linsi",334,0.00210257125171185
"GALGAL_R16400.c123.linsi",337,0.00160931849448332
"GALGAL_R16401.c123.linsi",310,0.00330078579510543
"GALGAL_R16402.c123.linsi",349,0.00461378249435219
"GALGAL_R16403.c123.linsi",337,0.00618466993477956
"GALGAL_R16404.c123.linsi",358,0.00223274419709229
"GALGAL_R16405.c123.linsi",287,0.0192327190407512
"GALGAL_R16406.c123.linsi",340,0.00106191321766693
"GALGAL_R16407.c123.linsi",354,0.0019111258079054
"GALGAL_R16408.c123.linsi",327,0.00115344389083063
"GALGAL_R16409.c123.linsi",334,0.0527233355796329
"GALGAL_R16410.c123.linsi",357,0.0020048915477701
"GALGAL_R16411.c123.linsi",353,0.00882648618658921
"GALGAL_R16412.c123.linsi",299,0.00648716598854121
"GALGAL_R16413.c123.linsi",361,0.00552577794961064
"GALGAL_R16414.c123.linsi",333,0.00482205086651966
"GALGAL_R16415.c123.linsi",306,0.00435054041486758
"GALGAL_R16416.c123.linsi",359,0.00376051774418791
"GALGAL_R16417.c123.linsi",359,0.00291816355488083
"GALGAL_R16418.c123.linsi",352,0.00287882866525846
"GALGAL_R16419.c123.linsi",353,0.00390505474617769
"GALGAL_R16420.c123.linsi",355,0.00283902224997878
"GALGAL_R16421.c123.linsi",351,0.00260888207244448
"GALGAL_R16422.c123.linsi",346,0.00473661203325586
"GALGAL_R16423.c123.linsi",355,0.00773355534578557
"GALGAL_R16424.c123.linsi",325,0.00609006752467459
"GALGAL_R16425.c123.linsi",299,0.00411323606650602
"GALGAL_R16426.c123.linsi",360,0.00309092545077262
"GALGAL_R16427.c123.linsi",318,0.00514489903468375
"GALGAL_R16428.c123.linsi",361,0.00583690452430476
"GALGAL_R16429.c123.linsi",354,0.00578703103417195
"GALGAL_R16430.c123.linsi",355,0.03416450395956
"GALGAL_R16431.c123.linsi",348,0.00502799907893524
"GALGAL_R16432.c123.linsi",347,0.00715673735083092
"GALGAL_R16433.c123.linsi",352,0.0022363746342603
"GALGAL_R16434.c123.linsi",298,0.0169122109591355
"GALGAL_R16435.c123.linsi",361,0.00432716013845881
"GALGAL_R16436.c123.linsi",352,0.00652904370701208
"GALGAL_R16437.c123.linsi",332,0.00667833771752482
"GALGAL_R16438.c123.linsi",345,0.00837988325528894
"GALGAL_R16439.c123.linsi",339,0.00945359123739718
"GALGAL_R16440.c123.linsi",349,0.00522732981436548
"GALGAL_R16441.c123.linsi",302,0.019055716343424
"GALGAL_R16442.c123.linsi",354,0.00530681297803007
"GALGAL_R16443.c123.linsi",297,0.00834364876870123
"GALGAL_R16444.c123.linsi",333,0.00833461707541285
"GALGAL_R16445.c123.linsi",16,0.0327689604048482
"GALGAL_R16446.c123.linsi",355,0.00530047652322667
"GALGAL_R16447.c123.linsi",359,0.00465160872110416
"GALGAL_R16448.c123.linsi",306,0.0145652618403913
"GALGAL_R16449.c123.linsi",345,0.00848045631095717
"GALGAL_R16450.c123.linsi",339,0.00238928412723997
"GALGAL_R16451.c123.linsi",326,0.00245446470390389
"GALGAL_R16452.c123.linsi",339,0.00963255948463287
"GALGAL_R16453.c123.linsi",352,0.0182873263409158
"GALGAL_R16454.c123.linsi",329,0.0317282593689007
"GALGAL_R16455.c123.linsi",341,0.00526840457480939
"GALGAL_R16456.c123.linsi",338,0.0313557089397259
"GALGAL_R16457.c123.linsi",360,0.0874642150183704
"GALGAL_R16458.c123.linsi",344,0.0246490361842173
"GALGAL_R16459.c123.linsi",355,0.0304222397494141
"GALGAL_R16460.c123.linsi",318,0.0328636467474245
"GALGAL_R16461.c123.linsi",313,0.0274020142137951
"GALGAL_R16462.c123.linsi",355,0.0125871358053604
"GALGAL_R16463.c123.linsi",332,0.00495718396487742
"GALGAL_R16464.c123.linsi",344,0.00599227904527133
"GALGAL_R16465.c123.linsi",358,0.0112094355808652
"GALGAL_R16466.c123.linsi",353,0.0135949262719712
"GALGAL_R16467.c123.linsi",358,0.00565065318424796
"GALGAL_R16468.c123.linsi",355,0.0291955984040349
"GALGAL_R16470.c123.linsi",246,0.00910579092976735
"GALGAL_R16471.c123.linsi",163,0.0145094283490061
"GALGAL_R16472.c123.linsi",113,0.0161129832270246
"GALGAL_R16473.c123.linsi",24,0.0167295761202891
"GALGAL_R16474.c123.linsi",15,0.0135013117995108
"GALGAL_R16475.c123.linsi",19,0.0144684200426133
"GALGAL_R16476.c123.linsi",11,0.00682208905492927
"GALGAL_R16477.c123.linsi",356,0.00654776879391888
"GALGAL_R16478.c123.linsi",358,0.0208080634678102
"GALGAL_R16479.c123.linsi",361,0.00590061500523275
"GALGAL_R16480.c123.linsi",309,0.00661682911764023
"GALGAL_R16481.c123.linsi",4,0.0334206068407128
"GALGAL_R16482.c123.linsi",345,0.0123429129136675
"GALGAL_R16483.c123.linsi",347,0.00397862646994533
"GALGAL_R16484.c123.linsi",188,0.0132773322203698
"GALGAL_R16485.c123.linsi",332,0.00933859320648667
"GALGAL_R16486.c123.linsi",219,0.00262113442973982
"GALGAL_R16487.c123.linsi",208,0.00263009925649134
"GALGAL_R16488.c123.linsi",350,0.00134085457496992
"GALGAL_R16489.c123.linsi",347,0.00445130343075332
"GALGAL_R16490.c123.linsi",357,0.0243751067763462
"GALGAL_R16491.c123.linsi",122,0.00504157104992778
"GALGAL_R16492.c123.linsi",360,0.00577110737066378
"GALGAL_R16493.c123.linsi",12,0.0585550627318635
"GALGAL_R16494.c123.linsi",8,0.0652045756152379
"GALGAL_R16495.c123.linsi",265,0.0169299997508283
"GALGAL_R16496.c123.linsi",357,0.0383485954887651
"GALGAL_R16497.c123.linsi",343,0.011182429815325
"GALGAL_R16498.c123.linsi",355,0.0245235515252851
"GALGAL_R16501.c123.linsi",7,0.017366499690413
"GALGAL_R16502.c123.linsi",213,0.0100033978161064
"GALGAL_R16503.c123.linsi",50,0.0104926683624778
"GALGAL_R16510.c123.linsi",15,0.0123001830263084
"GALGAL_R16511.c123.linsi",355,0.028445615824931
"GALGAL_R16512.c123.linsi",354,0.0241725480906113
"GALGAL_R16513.c123.linsi",353,0.00767557136075715
"GALGAL_R16514.c123.linsi",346,0.0159224578146632
"GALGAL_R16515.c123.linsi",218,0.0122174306050432
"GALGAL_R16516.c123.linsi",22,0.0130426999630544
"GALGAL_R16517.c123.linsi",356,0.0217065682081115
"GALGAL_R16518.c123.linsi",317,0.00891947401358789
"GALGAL_R16519.c123.linsi",359,0.00410787146443142
"GALGAL_R16520.c123.linsi",316,0.00307382733203382
"GALGAL_R16521.c123.linsi",361,0.00576181208384195
"GALGAL_R16522.c123.linsi",335,0.00473045369837025
"GALGAL_R16523.c123.linsi",333,0.0210352702283669
"GALGAL_R16524.c123.linsi",353,0.00374551097067159
"GALGAL_R16525.c123.linsi",347,0.00395059357934849
"GALGAL_R16526.c123.linsi",306,0.0362964236640338
"GALGAL_R16527.c123.linsi",342,0.00422779007268283
"GALGAL_R16528.c123.linsi",338,0.00597034515155009
"GALGAL_R16529.c123.linsi",360,0.00417668265154439
"GALGAL_R16530.c123.linsi",342,0.00318576563612457
"GALGAL_R16531.c123.linsi",353,0.0050332389212897
"GALGAL_R16532.c123.linsi",313,0.00388679188784812
"GALGAL_R16533.c123.linsi",355,0.029889983146487
"GALGAL_R16534.c123.linsi",330,0.0120510037222591
"GALGAL_R16535.c123.linsi",283,0.00315696342932487
"GALGAL_R16536.c123.linsi",278,0.00365688829913617
"GALGAL_R16537.c123.linsi",11,0.0477077416285908
"GALGAL_R16538.c123.linsi",336,0.0113456472351284
"GALGAL_R16539.c123.linsi",25,0.0173398197943528
"GALGAL_R16540.c123.linsi",317,0.0137533955221444
"GALGAL_R16541.c123.linsi",52,0.0116439765738891
"GALGAL_R16542.c123.linsi",313,0.00791050639819518
"GALGAL_R16543.c123.linsi",288,0.0103114318204532
"GALGAL_R16544.c123.linsi",352,0.016662624441751
"GALGAL_R16545.c123.linsi",190,0.00845025416077021
"GALGAL_R16546.c123.linsi",94,0.0358018707439939
"GALGAL_R16547.c123.linsi",4,0.0199154169125001
"GALGAL_R16548.c123.linsi",289,0.0134176243241464
"GALGAL_R16549.c123.linsi",62,0.0141724514020944
"GALGAL_R16550.c123.linsi",335,0.00605374100249623
"GALGAL_R16551.c123.linsi",313,0.00476613050390343
"GALGAL_R16552.c123.linsi",332,0.00809570959361307
"GALGAL_R16553.c123.linsi",361,0.0187746227274802
"GALGAL_R16554.c123.linsi",339,0.0173566569146363
"GALGAL_R16555.c123.linsi",107,0.0142514145597292
"GALGAL_R16556.c123.linsi",343,0.0661119000526999
"GALGAL_R16557.c123.linsi",342,0.0269748422821582
"GALGAL_R16558.c123.linsi",355,0.0348280411700903
"GALGAL_R16559.c123.linsi",226,0.0124431761439381
"GALGAL_R16560.c123.linsi",361,0.0274043784664166
"GALGAL_R16561.c123.linsi",354,0.0289976912297665
"GALGAL_R16562.c123.linsi",329,0.00770741800480735
"GALGAL_R16563.c123.linsi",274,0.00940525105934276
"GALGAL_R16564.c123.linsi",356,0.0301178691114473
"GALGAL_R16565.c123.linsi",5,0.0309882929454914
"GALGAL_R16566.c123.linsi",358,0.0140045210153053
"GALGAL_R16568.c123.linsi",167,0.0192457689899894
"GALGAL_R16569.c123.linsi",74,0.0208038251534544
"GALGAL_R16570.c123.linsi",134,0.0107063521639523
"GALGAL_R16571.c123.linsi",327,0.00856389682416342
"GALGAL_R16572.c123.linsi",23,0.0598637627308363
"GALGAL_R16574.c123.linsi",255,0.0374288947034896
"GALGAL_R16575.c123.linsi",352,0.0150278875871046
"GALGAL_R16576.c123.linsi",346,0.00436123114249963
"GALGAL_R16577.c123.linsi",302,0.0148453762192799
"GALGAL_R16578.c123.linsi",316,0.0149974659367276
"GALGAL_R16579.c123.linsi",329,0.00412180877255742
"GALGAL_R16580.c123.linsi",359,0.00732951413507527
"GALGAL_R16581.c123.linsi",350,0.0063028447502086
"GALGAL_R16582.c123.linsi",340,0.0120560425885478
"GALGAL_R16583.c123.linsi",229,0.0200044520917024
"GALGAL_R16584.c123.linsi",358,0.0171480698221968
"GALGAL_R16585.c123.linsi",310,0.0101003490131633
"GALGAL_R16586.c123.linsi",356,0.00600321453691028
"GALGAL_R16587.c123.linsi",354,0.0089233503059587
"GALGAL_R16588.c123.linsi",31,0.00726866418521152
"GALGAL_R16589.c123.linsi",193,0.00705108727237956
"GALGAL_R16590.c123.linsi",137,0.030355586140489
"GALGAL_R16593.c123.linsi",339,0.00624133072204884
"GALGAL_R16594.c123.linsi",308,0.0189083035258091
"GALGAL_R16595.c123.linsi",355,0.0105048943859601
"GALGAL_R16596.c123.linsi",11,0.020407086378497
"GALGAL_R16597.c123.linsi",322,0.0105793214194462
"GALGAL_R16599.c123.linsi",276,0.00927727784771062
"GALGAL_R16600.c123.linsi",10,0.00374271115682564
"GALGAL_R16602.c123.linsi",245,0.00385152900976866
"GALGAL_R16604.c123.linsi",11,0.000233982586025243
"GALGAL_R16605.c123.linsi",14,0.00492781406792657
"GALGAL_R16606.c123.linsi",358,0.00443091922648788
"GALGAL_R16607.c123.linsi",295,0.0152526391841477
"GALGAL_R16608.c123.linsi",355,0.00783023840277341
"GALGAL_R16609.c123.linsi",353,0.0463884526039569
"GALGAL_R16610.c123.linsi",300,0.00680603663817
"GALGAL_R16611.c123.linsi",354,0.0406571586471202
"GALGAL_R16612.c123.linsi",277,0.0152295501435115
"GALGAL_R16613.c123.linsi",359,0.00807388705026298
"GALGAL_R16614.c123.linsi",355,0.0351686498102833
"GALGAL_R16615.c123.linsi",353,0.0121729450980009
"GALGAL_R16616.c123.linsi",342,0.00426434667004119
"GALGAL_R16617.c123.linsi",315,0.0132733762601173
"GALGAL_R16618.c123.linsi",294,0.00761717081196268
"GALGAL_R16619.c123.linsi",356,0.0129567045985517
"GALGAL_R16620.c123.linsi",353,0.00533486027071995
"GALGAL_R16621.c123.linsi",337,0.00768663653534216
"GALGAL_R16622.c123.linsi",328,0.0100364279777901
"GALGAL_R16623.c123.linsi",239,0.00405403808635748
"GALGAL_R16624.c123.linsi",344,0.00222047575334904
"GALGAL_R16625.c123.linsi",239,0.0118334184655961
"GALGAL_R16626.c123.linsi",316,0.00320987755770696
"GALGAL_R16627.c123.linsi",361,0.00533423155089929
"GALGAL_R16628.c123.linsi",363,0.00707150058661347
"GALGAL_R16629.c123.linsi",321,0.00624648512055985
"GALGAL_R16630.c123.linsi",351,0.00590389942732696
"GALGAL_R16631.c123.linsi",357,0.00908268362722872
"GALGAL_R16632.c123.linsi",358,0.00949414039686903
"GALGAL_R16633.c123.linsi",321,0.011966835203509
"GALGAL_R16634.c123.linsi",331,0.0153445090326978
"GALGAL_R16635.c123.linsi",346,0.0102328517046999
"GALGAL_R16636.c123.linsi",361,0.00669863949475142
"GALGAL_R16637.c123.linsi",355,0.0167949162933881
"GALGAL_R16638.c123.linsi",353,0.0105215509975136
"GALGAL_R16639.c123.linsi",354,0.0050210442551053
"GALGAL_R16640.c123.linsi",311,0.00718975968772825
"GALGAL_R16641.c123.linsi",356,0.00379514125923191
"GALGAL_R16642.c123.linsi",345,0.00633031694807388
"GALGAL_R16643.c123.linsi",276,0.00482828483600091
"GALGAL_R16644.c123.linsi",319,0.00927587742830472
"GALGAL_R16645.c123.linsi",346,0.0112304080105435
"GALGAL_R16646.c123.linsi",310,0.00930396156037141
"GALGAL_R16647.c123.linsi",335,0.00769029469639441
"GALGAL_R16648.c123.linsi",347,0.00870915950150741
"GALGAL_R16649.c123.linsi",348,0.0195097406703753
"GALGAL_R16650.c123.linsi",356,0.00636178195325501
"GALGAL_R16651.c123.linsi",323,0.0199876811665459
"GALGAL_R16652.c123.linsi",330,0.0152281218742681
"GALGAL_R16653.c123.linsi",359,0.0134795961636961
"GALGAL_R16654.c123.linsi",354,0.00628707026962788
"GALGAL_R16655.c123.linsi",343,0.00234870626868214
"GALGAL_R16656.c123.linsi",354,0.0153295612859094
"GALGAL_R16657.c123.linsi",360,0.00446519655729289
"GALGAL_R16658.c123.linsi",361,0.0147472253536901
"GALGAL_R16659.c123.linsi",359,0.00469556836125602
"GALGAL_R16660.c123.linsi",343,0.00698954837080485
"GALGAL_R16661.c123.linsi",348,0.0094681193186877
"GALGAL_R16662.c123.linsi",361,0.00967955417772333
"GALGAL_R16663.c123.linsi",339,0.015741727176592
"GALGAL_R16664.c123.linsi",357,0.0135321571689276
"GALGAL_R16665.c123.linsi",350,0.0549684756594718
"GALGAL_R16666.c123.linsi",318,0.0845610787516507
"GALGAL_R16667.c123.linsi",344,0.0999295317664188
"GALGAL_R16668.c123.linsi",347,0.0165839360401072
"GALGAL_R16669.c123.linsi",353,0.0427968492433795
"GALGAL_R16670.c123.linsi",5,0.0327189882327252
"GALGAL_R16671.c123.linsi",359,0.043458273959446
"GALGAL_R16672.c123.linsi",350,0.00853965959652857
"GALGAL_R16673.c123.linsi",346,0.0063984450123348
"GALGAL_R16674.c123.linsi",328,0.00997596914362919
"GALGAL_R16675.c123.linsi",345,0.00334100404028882
"GALGAL_R16676.c123.linsi",358,0.0404259177293041
"GALGAL_R16677.c123.linsi",296,0.0117796377082769
"GALGAL_R16678.c123.linsi",356,0.0191553819072556
"GALGAL_R16679.c123.linsi",352,0.0221799004496743
"GALGAL_R16682.c123.linsi",362,0.0289992924222923
"GALGAL_R16683.c123.linsi",350,0.0176565849687607
"GALGAL_R16684.c123.linsi",349,0.0100347057513538
"GALGAL_R16685.c123.linsi",354,0.0120234058645856
"GALGAL_R16686.c123.linsi",345,0.00505153274356153
"GALGAL_R16687.c123.linsi",340,0.00687091909539179
"GALGAL_R16688.c123.linsi",349,0.017051212946808
"GALGAL_R16689.c123.linsi",345,0.0059039172650767
"GALGAL_R16690.c123.linsi",306,0.0263516356807092
"GALGAL_R16691.c123.linsi",294,0.0187720210557696
"GALGAL_R16692.c123.linsi",11,0.0169521771848745
"GALGAL_R16693.c123.linsi",359,0.0157308775879946
"GALGAL_R16694.c123.linsi",6,0.0172747143176124
"GALGAL_R16696.c123.linsi",162,0.014167236445026
"GALGAL_R16697.c123.linsi",346,0.0163669409306917
"GALGAL_R16698.c123.linsi",8,0.0244119088559071
"GALGAL_R16699.c123.linsi",218,0.0278052885451125
"GALGAL_R16700.c123.linsi",312,0.0145840020660732
"GALGAL_R16701.c123.linsi",285,0.0209971704861214
"GALGAL_R16702.c123.linsi",349,0.0129685429891623
"GALGAL_R16703.c123.linsi",339,0.0198500180219158
"GALGAL_R16704.c123.linsi",35,0.00949997162707957
"GALGAL_R16707.c123.linsi",26,0.0192863551670159
"GALGAL_R16709.c123.linsi",336,0.0137936911403199
"GALGAL_R16710.c123.linsi",313,0.00151138154681243
"GALGAL_R16711.c123.linsi",319,0.00486524337343549
"GALGAL_R16712.c123.linsi",353,0.0213166507199122
"GALGAL_R16713.c123.linsi",146,0.00697247865573776
"GALGAL_R16714.c123.linsi",334,0.00481765621540808
"GALGAL_R16715.c123.linsi",307,0.0082822830806277
"GALGAL_R16716.c123.linsi",135,0.0124364782527685
"GALGAL_R16717.c123.linsi",356,0.00754456849112306
"GALGAL_R16718.c123.linsi",341,0.0100874219873751
"GALGAL_R16719.c123.linsi",341,0.00529447752032333
"GALGAL_R16720.c123.linsi",354,0.00316299551004429
"GALGAL_R16721.c123.linsi",349,0.00790708192112528
"GALGAL_R16722.c123.linsi",355,0.00514669631013792
"GALGAL_R16723.c123.linsi",354,0.00617309360601202
"GALGAL_R16724.c123.linsi",325,0.0145987654663869
"GALGAL_R16725.c123.linsi",354,0.00656039107217738
"GALGAL_R16726.c123.linsi",357,0.00575325279498828
"GALGAL_R16727.c123.linsi",319,0.00808059952569198
"GALGAL_R16728.c123.linsi",358,0.00322761766452569
"GALGAL_R16729.c123.linsi",323,0.0119472076023833
"GALGAL_R16730.c123.linsi",4,0.00575051346943051
"GALGAL_R16731.c123.linsi",156,0.0579654539436648
"GALGAL_R16732.c123.linsi",261,0.0035867300604353
"GALGAL_R16733.c123.linsi",345,0.0112372558222738
"GALGAL_R16734.c123.linsi",361,0.0155908089723959
"GALGAL_R16735.c123.linsi",346,0.00879713910242417
"GALGAL_R16736.c123.linsi",319,0.0072757710269163
"GALGAL_R16737.c123.linsi",348,0.00441102912878931
"GALGAL_R16738.c123.linsi",329,0.0137685305335138
"GALGAL_R16739.c123.linsi",354,0.00221019009252278
"GALGAL_R16740.c123.linsi",360,0.0332017590847479
"GALGAL_R16741.c123.linsi",194,0.00947145297212789
"GALGAL_R16742.c123.linsi",344,0.0376867819560705
"GALGAL_R16743.c123.linsi",354,0.00180344599273916
"GALGAL_R16744.c123.linsi",358,0.0132167901970723
"GALGAL_R16745.c123.linsi",277,0.00742845094781538
"GALGAL_R16746.c123.linsi",349,0.0264199937954404
"GALGAL_R16747.c123.linsi",356,0.0223670654802369
"GALGAL_R16748.c123.linsi",6,0.0430063985012548
"GALGAL_R16749.c123.linsi",110,0.0107683995635579
"GALGAL_R16750.c123.linsi",348,0.0105142483264634
"GALGAL_R16751.c123.linsi",120,0.00712271305921487
"GALGAL_R16753.c123.linsi",284,0.0111168061726428
"GALGAL_R16754.c123.linsi",349,0.0226384940490231
"GALGAL_R16755.c123.linsi",94,0.00535321579024596
"GALGAL_R16756.c123.linsi",357,0.00818659945536741
"GALGAL_R16757.c123.linsi",207,0.0184978907270697
"GALGAL_R16758.c123.linsi",5,0.0168520035423192
"GALGAL_R16759.c123.linsi",346,0.0167028653785533
"GALGAL_R16760.c123.linsi",306,0.0166493877575514
"GALGAL_R16761.c123.linsi",341,0.0375886713676346
"GALGAL_R16762.c123.linsi",13,0.0115012725719272
"GALGAL_R16763.c123.linsi",338,0.00573964271358502
"GALGAL_R16764.c123.linsi",361,0.00311161363935303
"GALGAL_R16765.c123.linsi",361,0.00660055387848002
"GALGAL_R16766.c123.linsi",350,0.00397297455368126
"GALGAL_R16767.c123.linsi",17,0.0116303797170715
"GALGAL_R16768.c123.linsi",245,0.0117614583496273
"GALGAL_R16769.c123.linsi",298,0.0108911014148263
"GALGAL_R16770.c123.linsi",273,0.00952930860135835
"GALGAL_R16771.c123.linsi",24,0.0392889309883355
"GALGAL_R16772.c123.linsi",356,0.0268342247779451
"GALGAL_R16773.c123.linsi",354,0.0033310579564122
"GALGAL_R16774.c123.linsi",9,0.00362090050784016
"GALGAL_R16775.c123.linsi",352,0.00569820113234982
"GALGAL_R16776.c123.linsi",288,0.0148840148372051
"GALGAL_R16777.c123.linsi",293,0.0112853037832878
"GALGAL_R16778.c123.linsi",226,0.0140074725792829
"GALGAL_R16779.c123.linsi",255,0.0238853571310746
"GALGAL_R16780.c123.linsi",240,0.0309670179165204
"GALGAL_R16781.c123.linsi",326,0.0167781127620891
"GALGAL_R16782.c123.linsi",307,0.0207011425270488
"GALGAL_R16783.c123.linsi",315,0.0108369533319313
"GALGAL_R16784.c123.linsi",354,0.0916223123074863
"GALGAL_R16785.c123.linsi",238,0.00732523654730416
"GALGAL_R16786.c123.linsi",363,0.00790461193748387
"GALGAL_R16787.c123.linsi",317,0.0122801528030025
"GALGAL_R16788.c123.linsi",25,0.0168203412104731
"GALGAL_R16789.c123.linsi",249,0.00431184060135642
"GALGAL_R16790.c123.linsi",322,0.00383781572010805
"GALGAL_R16791.c123.linsi",354,0.00519637691734416
"GALGAL_R16793.c123.linsi",330,0.00778377233757877
"GALGAL_R16794.c123.linsi",69,0.0128824820883186
"GALGAL_R16795.c123.linsi",282,0.016907164548967
"GALGAL_R16796.c123.linsi",355,0.00978696819879389
"GALGAL_R16797.c123.linsi",359,0.0100308291102666
"GALGAL_R16798.c123.linsi",360,0.00702279005623736
"GALGAL_R16799.c123.linsi",346,0.0136464835242713
"GALGAL_R16800.c123.linsi",338,0.0215575439751382
"GALGAL_R16801.c123.linsi",344,0.0205468842134971
"GALGAL_R16802.c123.linsi",346,0.00474959716204376
"GALGAL_R16803.c123.linsi",360,0.00297274242129586
"GALGAL_R16804.c123.linsi",348,0.0106587928032964
"GALGAL_R16805.c123.linsi",358,0.0103573094279498
"GALGAL_R16806.c123.linsi",342,0.0301353967823388
"GALGAL_R16807.c123.linsi",352,0.0100418043130333
"GALGAL_R16808.c123.linsi",326,0.00974431626859616
"GALGAL_R16809.c123.linsi",343,0.00649585581954349
"GALGAL_R16810.c123.linsi",341,0.0108457793648414
"GALGAL_R16811.c123.linsi",350,0.00702982919690517
"GALGAL_R16812.c123.linsi",253,0.0026665115831647
"GALGAL_R16813.c123.linsi",331,0.0141778325841408
"GALGAL_R16814.c123.linsi",348,0.0117437533251636
"GALGAL_R16815.c123.linsi",358,0.00415440296396099
"GALGAL_R16816.c123.linsi",322,0.00770454069752505
"GALGAL_R16817.c123.linsi",353,0.00482928344553236
"GALGAL_R16818.c123.linsi",347,0.00392346711588009
"GALGAL_R16819.c123.linsi",354,0.00608820274302863
"GALGAL_R16820.c123.linsi",357,0.00230140792170636
"GALGAL_R16821.c123.linsi",351,0.00905444886149733
"GALGAL_R16822.c123.linsi",336,0.00807279500053239
"GALGAL_R16823.c123.linsi",174,0.0150578395563266
"GALGAL_R16824.c123.linsi",318,0.0202347779575797
"GALGAL_R16825.c123.linsi",360,0.0072617754258114
"GALGAL_R16826.c123.linsi",354,0.00366295057051854
"GALGAL_R16827.c123.linsi",346,0.0130764724279551
"GALGAL_R16828.c123.linsi",336,0.0037503863130444
"GALGAL_R16829.c123.linsi",304,0.00635582382264142
"GALGAL_R16830.c123.linsi",337,0.00681800456031357
"GALGAL_R16831.c123.linsi",350,0.00524392886277429
"GALGAL_R16832.c123.linsi",332,0.00286415005836871
"GALGAL_R16833.c123.linsi",345,0.00159423332959178
"GALGAL_R16834.c123.linsi",352,0.00307345164443324
"GALGAL_R16835.c123.linsi",293,0.00810604578733415
"GALGAL_R16836.c123.linsi",353,0.00813231431697665
"GALGAL_R16837.c123.linsi",283,0.0261830654045491
"GALGAL_R16838.c123.linsi",345,0.00594279639869893
"GALGAL_R16839.c123.linsi",347,0.0250981088203832
"GALGAL_R16840.c123.linsi",351,0.0146074824628897
"GALGAL_R16841.c123.linsi",329,0.0115331148448493
"GALGAL_R16842.c123.linsi",334,0.0132783997247752
"GALGAL_R16843.c123.linsi",357,0.0224238495780804
"GALGAL_R16844.c123.linsi",360,0.00328630065234598
"GALGAL_R16845.c123.linsi",309,0.0542208449816701
"GALGAL_R16846.c123.linsi",360,0.00967732512760098
"GALGAL_R16847.c123.linsi",347,0.0093422647906262
"GALGAL_R16848.c123.linsi",358,0.00247652834295811
"GALGAL_R16849.c123.linsi",343,0.0146251756177478
"GALGAL_R16850.c123.linsi",349,0.0115765797682405
"GALGAL_R16851.c123.linsi",349,0.0109207626134831
"GALGAL_R16852.c123.linsi",320,0.0139519141501065
"GALGAL_R16853.c123.linsi",10,0.00270360183114047
"GALGAL_R16854.c123.linsi",7,0.0152840082858078
"GALGAL_R16855.c123.linsi",352,0.0188932860474127
"GALGAL_R16856.c123.linsi",337,0.013096272157066
"GALGAL_R16857.c123.linsi",329,0.0105180920768434
"GALGAL_R16858.c123.linsi",328,0.0246569067901036
"GALGAL_R16859.c123.linsi",354,0.0149093785024869
"GALGAL_R16860.c123.linsi",343,0.0129107978379921
"GALGAL_R16861.c123.linsi",354,0.0166007260494759
"GALGAL_R16862.c123.linsi",328,0.0558552079725299
"GALGAL_R16863.c123.linsi",93,0.0210054748204933
"GALGAL_R16864.c123.linsi",349,0.0589527222156779
"GALGAL_R16865.c123.linsi",348,0.0720789235613552
"GALGAL_R16866.c123.linsi",330,0.00929319059364483
"GALGAL_R16867.c123.linsi",214,0.02205008750018
"GALGAL_R16868.c123.linsi",31,0.0343882300147874
"GALGAL_R16869.c123.linsi",352,0.00462730144313457
"GALGAL_R16870.c123.linsi",358,0.00917888873660432
"GALGAL_R16872.c123.linsi",356,0.00300342108670031
"GALGAL_R16873.c123.linsi",5,0.00772398667285797
"GALGAL_R16874.c123.linsi",170,0.0714649710050019
"GALGAL_R16875.c123.linsi",322,0.0424219813458896
"GALGAL_R16876.c123.linsi",282,0.0559950860308492
"GALGAL_R16877.c123.linsi",243,0.0188060579211364
"GALGAL_R16878.c123.linsi",70,0.0106087199018367
"GALGAL_R16879.c123.linsi",8,0.0111275034159082
"GALGAL_R16880.c123.linsi",92,0.0196402651136218
"GALGAL_R16885.c123.linsi",231,0.0460014243419613
"GALGAL_R16887.c123.linsi",51,0.0135171187449471
"GALGAL_R16889.c123.linsi",159,0.00901627546514384
"GALGAL_R16890.c123.linsi",5,0.0201657792210756
"GALGAL_R16892.c123.linsi",180,0.0207048781532183
"GALGAL_R16894.c123.linsi",92,0.0367929228971632
"GALGAL_R16895.c123.linsi",5,0.0814632188265589
"GALGAL_R16896.c123.linsi",190,0.01006548862595
"GALGAL_R16897.c123.linsi",243,0.0608752838201818
"GALGAL_R16898.c123.linsi",160,0.0773353581819074
"GALGAL_R16908.c123.linsi",332,0.0188672507420261
"GALGAL_R16909.c123.linsi",311,0.0246084213810722
"GALGAL_R16910.c123.linsi",344,0.0497079009346995
"GALGAL_R16911.c123.linsi",354,0.0233121650756675
"GALGAL_R16912.c123.linsi",198,0.0150507430935454
"GALGAL_R16913.c123.linsi",325,0.0586484405303599
"GALGAL_R16914.c123.linsi",326,0.0244826530561603
"GALGAL_R16915.c123.linsi",302,0.0956193586389097
"GALGAL_R16916.c123.linsi",209,0.0706994961542895
"GALGAL_R16917.c123.linsi",279,0.0256834250587997
"GALGAL_R16918.c123.linsi",66,0.00658382928479555
"GALGAL_R16919.c123.linsi",193,0.0312591313121268
"GALGAL_R16920.c123.linsi",343,0.0213486281970039
"GALGAL_R16921.c123.linsi",296,0.0265253573605865
"GALGAL_R16922.c123.linsi",351,0.0151835022171006
"GALGAL_R16923.c123.linsi",259,0.0136325857238452
"GALGAL_R16924.c123.linsi",337,0.0182166433980011
"GALGAL_R16925.c123.linsi",357,0.0185279314266909
"GALGAL_R16926.c123.linsi",349,0.0212758591918475
"GALGAL_R16927.c123.linsi",331,0.0245101497618004
"GALGAL_R16928.c123.linsi",341,0.0111336530030683
"GALGAL_R16929.c123.linsi",347,0.0244046798628212
"GALGAL_R16930.c123.linsi",343,0.0258606432773154
"GALGAL_R16931.c123.linsi",297,0.00993771363075295
"GALGAL_R16932.c123.linsi",196,0.00979058250670218
"GALGAL_R16933.c123.linsi",314,0.064209261793487
"GALGAL_R16934.c123.linsi",303,0.0243017315702073
"GALGAL_R16935.c123.linsi",286,0.0841336929117403
"GALGAL_R16936.c123.linsi",310,0.0364673193311837
"GALGAL_R16937.c123.linsi",239,0.0175295519520195
"GALGAL_R16938.c123.linsi",6,0.0172974602925068
"GALGAL_R16939.c123.linsi",259,0.0251029985749298
"GALGAL_R16940.c123.linsi",342,0.014247816368504
"GALGAL_R16941.c123.linsi",355,0.0536982525341808
"GALGAL_R16942.c123.linsi",146,0.0171771258832225
"GALGAL_R16943.c123.linsi",7,0.0304612092810249
"GALGAL_R16944.c123.linsi",161,0.015422995502782
"GALGAL_R16945.c123.linsi",322,0.0087389823466316
"GALGAL_R16946.c123.linsi",250,0.0267551903724788
"GALGAL_R16947.c123.linsi",48,0.0224905315696005
"GALGAL_R16948.c123.linsi",245,0.00570025033788913
"GALGAL_R16949.c123.linsi",236,0.00880028255863598
"GALGAL_R16950.c123.linsi",112,0.0209722345127886
"GALGAL_R16951.c123.linsi",285,0.0204560468675228
"GALGAL_R16952.c123.linsi",61,0.00916425738586703
"GALGAL_R16953.c123.linsi",357,0.0384489890164896
"GALGAL_R16954.c123.linsi",353,0.0123648326870888
"GALGAL_R16955.c123.linsi",341,0.0290013060038383
"GALGAL_R16956.c123.linsi",348,0.0243103489426599
"GALGAL_R16957.c123.linsi",302,0.0311858899858294
"GALGAL_R16958.c123.linsi",168,0.0289271191269024
"GALGAL_R16959.c123.linsi",318,0.0275198196953132
"GALGAL_R16960.c123.linsi",350,0.0291868307176547
"GALGAL_R16961.c123.linsi",319,0.0138480190418463
"GALGAL_R16962.c123.linsi",291,0.00615352075979172
"GALGAL_R16963.c123.linsi",238,0.0754082823562559
"GALGAL_R16964.c123.linsi",349,0.0127361704896828
"GALGAL_R16965.c123.linsi",330,0.00880248616620337
"GALGAL_R16967.c123.linsi",8,0.019196712750041
"GALGAL_R16968.c123.linsi",358,0.0322002212748362
"GALGAL_R16969.c123.linsi",352,0.0214778875782954
"GALGAL_R16970.c123.linsi",357,0.00762213259258932
"GALGAL_R16971.c123.linsi",353,0.0142180214398297
"GALGAL_R16972.c123.linsi",354,0.00550086967967326
"GALGAL_R16973.c123.linsi",358,0.00535814229263131
"GALGAL_R16974.c123.linsi",352,0.0431871598668213
"GALGAL_R17009.c123.linsi",160,0.0202550553664508
"GALGAL_R17010.c123.linsi",157,0.0306260480591706
"GALGAL_R17011.c123.linsi",230,0.0388751464691242
"GALGAL_R17012.c123.linsi",68,0.0274183587469761
"GALGAL_R17014.c123.linsi",139,0.0847030675369823
"GALGAL_R17029.c123.linsi",130,0.0108351570428957
"GALGAL_R17031.c123.linsi",242,0.0174275730596712
"GALGAL_R17032.c123.linsi",120,0.0205433911826164
"GALGAL_R17033.c123.linsi",316,0.018538038349079
"GALGAL_R17034.c123.linsi",281,0.0305838840749726
"GALGAL_R17036.c123.linsi",251,0.0193181797444713
"GALGAL_R17037.c123.linsi",15,0.0340537450483601
"GALGAL_R17044.c123.linsi",50,0.0185457423334655
"GALGAL_R17045.c123.linsi",48,0.0338306587073082
"GALGAL_R17052.c123.linsi",338,0.0128400719686638
"GALGAL_R17055.c123.linsi",307,0.0257290782454616
"GALGAL_R17059.c123.linsi",6,0.0315304150357229
"GALGAL_R17062.c123.linsi",99,0.0248777384586828
"GALGAL_R17063.c123.linsi",200,0.0180645475273377
"GALGAL_R17065.c123.linsi",134,0.0151156846412175
"GALGAL_R17067.c123.linsi",279,0.0369600718572377
"GALGAL_R17068.c123.linsi",262,0.0267805313791083
"GALGAL_R17069.c123.linsi",130,0.00889087140287047
"GALGAL_R17075.c123.linsi",237,0.0803696842985347
"GALGAL_R17077.c123.linsi",224,0.0379029150628806
"GALGAL_R17078.c123.linsi",237,0.00984119080178123
"GALGAL_R17080.c123.linsi",4,0.0175967876745356
"GALGAL_R17081.c123.linsi",14,0.00284741429764302
"GALGAL_R17083.c123.linsi",4,0.000253501325016213
"GALGAL_R17085.c123.linsi",122,0.02770945677091
"GALGAL_R17099.c123.linsi",276,0.0368908077816813
"GALGAL_R17101.c123.linsi",305,0.0148421214320625
"GALGAL_R17102.c123.linsi",312,0.00878131980728297
"GALGAL_R17103.c123.linsi",4,0.0050323752097338
"GALGAL_R17104.c123.linsi",92,0.00634953956280595
"GALGAL_R17105.c123.linsi",34,0.0224777691685777
"GALGAL_R17107.c123.linsi",6,0.0227403380797327
"GALGAL_R17108.c123.linsi",25,0.0226756762545595
"GALGAL_R17109.c123.linsi",27,0.0544564728937107
"GALGAL_R17110.c123.linsi",20,0.0466701321649773
"GALGAL_R17111.c123.linsi",7,0.0234032480304272
"GALGAL_R17112.c123.linsi",113,0.0219041950104409
"GALGAL_R17116.c123.linsi",127,0.0502480146356787
"GALGAL_R17117.c123.linsi",261,0.023410754691997
"GALGAL_R17120.c123.linsi",163,0.033501913933512
"GALGAL_R17125.c123.linsi",29,0.0365779923234238
"GALGAL_R17126.c123.linsi",354,0.0681688906505895
"GALGAL_R17127.c123.linsi",193,0.00439313948981023
"GALGAL_R17128.c123.linsi",112,0.00980995337150056
"GALGAL_R17129.c123.linsi",230,0.0156713519304853
"GALGAL_R17130.c123.linsi",350,0.0167011027278934
"GALGAL_R17131.c123.linsi",248,0.0156725488483677
"GALGAL_R17132.c123.linsi",126,0.0289019126224097
"GALGAL_R17133.c123.linsi",318,0.0434730557370413
"GALGAL_R17134.c123.linsi",6,0.0025262977555507
"GALGAL_R17135.c123.linsi",342,0.0783269119569246
"GALGAL_R17136.c123.linsi",339,0.00203194579404696
"GALGAL_R17137.c123.linsi",22,0.0889144411573829
"GALGAL_R17140.c123.linsi",20,0.0251306510335299
"GALGAL_R17141.c123.linsi",254,0.0383148230164254
"GALGAL_R17144.c123.linsi",4,0.0127792794964299
"GALGAL_R17145.c123.linsi",288,0.012178754667148
"GALGAL_R17146.c123.linsi",361,0.00295101695098387
"GALGAL_R17147.c123.linsi",346,0.0153089437894016
"GALGAL_R17148.c123.linsi",361,0.00544708636015132
"GALGAL_R17149.c123.linsi",347,0.0156666409933462
"GALGAL_R17150.c123.linsi",166,0.00948257161954525
"GALGAL_R17151.c123.linsi",304,0.0139805121696697
"GALGAL_R17152.c123.linsi",356,0.00160375419707596
"GALGAL_R17153.c123.linsi",304,0.00785301199948193
"GALGAL_R17154.c123.linsi",14,0.0151910763379844
"GALGAL_R17155.c123.linsi",347,0.00932705122948686
"GALGAL_R17156.c123.linsi",68,0.0254446597273808
"GALGAL_R17157.c123.linsi",341,0.00699495369227769
"GALGAL_R17158.c123.linsi",359,0.00617500560414504
"GALGAL_R17159.c123.linsi",315,0.00534380761299385
"GALGAL_R17160.c123.linsi",310,0.00834409532749701
"GALGAL_R17164.c123.linsi",93,0.0553376814907496
"GALGAL_R17165.c123.linsi",61,0.0294252739966754
"GALGAL_R17167.c123.linsi",294,0.0219228494322625
"GALGAL_R17168.c123.linsi",361,0.00882120700688402
"GALGAL_R17170.c123.linsi",321,0.00658956428720152
"GALGAL_R17171.c123.linsi",297,0.0179385464350867
"GALGAL_R17172.c123.linsi",73,0.0740876202349802
"GALGAL_R17173.c123.linsi",167,0.0124396218255975
"GALGAL_R17175.c123.linsi",216,0.0126314588802189
"GALGAL_R17176.c123.linsi",340,0.0170274074751636
"GALGAL_R17181.c123.linsi",201,0.0260020940572538
"GALGAL_R17182.c123.linsi",207,0.0426917117374425
"GALGAL_R17183.c123.linsi",359,0.017783101460033
"GALGAL_R17184.c123.linsi",261,0.00368731749160216
"GALGAL_R17185.c123.linsi",358,0.102528829802488
"GALGAL_R17186.c123.linsi",112,0.0387096511056114
"GALGAL_R17187.c123.linsi",332,0.0685927639971433
"GALGAL_R17188.c123.linsi",296,0.00676378464881097
"GALGAL_R17189.c123.linsi",4,0.0122719726141764
"GALGAL_R17190.c123.linsi",356,0.00759969695090261
"GALGAL_R17191.c123.linsi",356,0.00425047647042194
"GALGAL_R17192.c123.linsi",355,0.0027639925346457
"GALGAL_R17193.c123.linsi",161,0.0289375362036026
"GALGAL_R17194.c123.linsi",303,0.00528584830616296
"GALGAL_R17195.c123.linsi",337,0.0163887098173285
"GALGAL_R17196.c123.linsi",344,0.0227606257721001
"GALGAL_R17197.c123.linsi",87,0.00761464616341608
"GALGAL_R17199.c123.linsi",115,0.0362854517573328
"GALGAL_R17201.c123.linsi",275,0.00490717960487768
"GALGAL_R17202.c123.linsi",360,0.00890393931583766
"GALGAL_R17203.c123.linsi",217,0.0195688220663857
"GALGAL_R17204.c123.linsi",358,0.0135790835185238
"GALGAL_R17205.c123.linsi",355,0.00364579120705344
"GALGAL_R17206.c123.linsi",223,0.0513083267334018
"GALGAL_R17207.c123.linsi",357,0.0151180530367971
"GALGAL_R17208.c123.linsi",319,0.00108319699216534
"GALGAL_R17209.c123.linsi",361,0.00264833046036352
"GALGAL_R17210.c123.linsi",114,0.00884085622144489
"GALGAL_R17211.c123.linsi",338,0.0273538358310501
"GALGAL_R17215.c123.linsi",319,0.0122756395054001
"GALGAL_R17216.c123.linsi",230,0.0433263279873047
"GALGAL_R17217.c123.linsi",363,0.0108174299876227
"GALGAL_R17219.c123.linsi",157,0.041203598009819
"GALGAL_R17221.c123.linsi",117,0.0217913130562114
"GALGAL_R17222.c123.linsi",6,0.00662212314304324
"GALGAL_R17224.c123.linsi",54,0.0123526841279383
"GALGAL_R17227.c123.linsi",300,0.0229484920556317
"GALGAL_R17228.c123.linsi",134,0.0360895765203289
"GALGAL_R17229.c123.linsi",9,0.0105134434670521
"GALGAL_R17231.c123.linsi",290,0.00849776114161096
"GALGAL_R17232.c123.linsi",243,0.0232732276601844
"GALGAL_R17233.c123.linsi",334,0.0149018287510094
"GALGAL_R17234.c123.linsi",312,0.00986701845299721
"GALGAL_R17235.c123.linsi",363,0.0328131525520111
"GALGAL_R17236.c123.linsi",355,0.0185097206649587
"GALGAL_R17237.c123.linsi",245,0.0101365543605834
"GALGAL_R17241.c123.linsi",191,0.0495505338502189
"GALGAL_R17244.c123.linsi",66,0.00488137118983049
"GALGAL_R17245.c123.linsi",14,0.0431642363833703
"GALGAL_R17246.c123.linsi",37,0.0115743320292259
"GALGAL_R17247.c123.linsi",79,0.0222377499386034
"GALGAL_R17248.c123.linsi",92,0.0129043263624384
"GALGAL_R17249.c123.linsi",305,0.0149805365930561
"GALGAL_R17251.c123.linsi",4,0.046743230481716
"GALGAL_R17253.c123.linsi",293,0.00118626399840487
"GALGAL_R17254.c123.linsi",354,0.0220294339675316
"GALGAL_R17255.c123.linsi",5,0.0172466264789848
"GALGAL_R17256.c123.linsi",357,0.0153849219535414
"GALGAL_R17257.c123.linsi",357,0.0136348830957574
"GALGAL_R17258.c123.linsi",356,0.0281269516673132
"GALGAL_R17259.c123.linsi",358,0.0390612622091646
"GALGAL_R17260.c123.linsi",44,0.00463580785426488
"GALGAL_R17261.c123.linsi",173,0.0147143398277841
"GALGAL_R17262.c123.linsi",349,0.000955200536636549
"GALGAL_R17263.c123.linsi",241,0.0159844622857112
"GALGAL_R17264.c123.linsi",293,0.0133038882385985
"GALGAL_R17265.c123.linsi",247,0.0220566151895642
"GALGAL_R17267.c123.linsi",359,0.0198614803751745
"GALGAL_R17268.c123.linsi",5,0.0308237231293138
"GALGAL_R17271.c123.linsi",197,0.036848426363275
"GALGAL_R17273.c123.linsi",320,0.00864299611884376
"GALGAL_R17274.c123.linsi",323,0.0361866864543905
"GALGAL_R17275.c123.linsi",82,0.0129769300035332
"GALGAL_R17276.c123.linsi",358,0.00658704719752702
"GALGAL_R17277.c123.linsi",359,0.0191808244638848
"GALGAL_R17278.c123.linsi",354,0.00526382223334721
"GALGAL_R17279.c123.linsi",348,0.0140953971297607
"GALGAL_R17280.c123.linsi",273,0.01833133948164
"GALGAL_R17281.c123.linsi",164,0.0231834814055813
"GALGAL_R17282.c123.linsi",113,0.0259735798999528
"GALGAL_R17283.c123.linsi",303,0.0113761893807552
"GALGAL_R17284.c123.linsi",300,0.0928684711421651
"GALGAL_R17285.c123.linsi",249,0.0176280864019563
"GALGAL_R17286.c123.linsi",315,0.0158866443443935
"GALGAL_R17291.c123.linsi",176,0.0365583775174387
"GALGAL_R17292.c123.linsi",39,0.0225056001147355
"GALGAL_R17293.c123.linsi",362,0.0269705417874336
"GALGAL_R17294.c123.linsi",361,0.0011619000896985
"GALGAL_R17295.c123.linsi",270,0.0610089025112912
"GALGAL_R17296.c123.linsi",266,0.00908546476115733
"GALGAL_R17297.c123.linsi",6,0.0418315991580858
"GALGAL_R17298.c123.linsi",360,0.00965096806678436
"GALGAL_R17299.c123.linsi",297,0.00797794550940802
"GALGAL_R17300.c123.linsi",345,0.00913768338267513
"GALGAL_R17301.c123.linsi",348,0.0361228678780624
"GALGAL_R17303.c123.linsi",65,0.0574370790759377
"GALGAL_R17304.c123.linsi",329,0.0399563466753706
"GALGAL_R17305.c123.linsi",354,0.0063138959729947
"GALGAL_R17309.c123.linsi",281,0.0162354229828305
"GALGAL_R17310.c123.linsi",155,0.024609971595784
"GALGAL_R17312.c123.linsi",311,0.00898355678066519
"GALGAL_R17313.c123.linsi",97,0.00224905034937384
"GALGAL_R17316.c123.linsi",294,0.0210842697608113
"GALGAL_R17317.c123.linsi",355,0.0137043848212491
"GALGAL_R17319.c123.linsi",339,0.00367882750689295
"GALGAL_R17320.c123.linsi",293,0.00807789083401465
"GALGAL_R17321.c123.linsi",182,0.0120541343479374
"GALGAL_R17322.c123.linsi",193,0.0117823673537616
"GALGAL_R17323.c123.linsi",116,0.0043217478511508
"GALGAL_R17324.c123.linsi",190,0.0069206584392441
"GALGAL_R17325.c123.linsi",279,0.0150845224728909
"GALGAL_R17328.c123.linsi",203,0.0281351301963351
"GALGAL_R17329.c123.linsi",349,0.00852947691943518
"GALGAL_R17330.c123.linsi",100,0.0657926311235563
"GALGAL_R17331.c123.linsi",46,0.0142714882848228
"GALGAL_R17334.c123.linsi",354,0.0807786175709042
"GALGAL_R17337.c123.linsi",160,0.00247834592427097
"GALGAL_R17338.c123.linsi",309,0.00687270371743762
"GALGAL_R17339.c123.linsi",88,0.0198757710375248
"GALGAL_R17340.c123.linsi",338,0.0546375263177241
"GALGAL_R17341.c123.linsi",80,0.00361033511597573
"GALGAL_R17342.c123.linsi",230,0.0252597706202706
"GALGAL_R17343.c123.linsi",298,0.00799121197011014
"GALGAL_R17344.c123.linsi",43,0.0577366524733425
"GALGAL_R17345.c123.linsi",163,0.0298914431891702
"GALGAL_R17346.c123.linsi",171,0.0169392502435156
"GALGAL_R17347.c123.linsi",139,0.0225388954241855
"GALGAL_R17348.c123.linsi",319,0.00271485393268868
"GALGAL_R17349.c123.linsi",226,0.0724642287492641
"GALGAL_R17350.c123.linsi",346,0.0198724051740496
"GALGAL_R17352.c123.linsi",223,0.00943178121428971
"GALGAL_R17355.c123.linsi",289,0.000335769014490444
"GALGAL_R17356.c123.linsi",9,0.0402056945267915
"GALGAL_R17358.c123.linsi",312,0.0548377584272466
"GALGAL_R17359.c123.linsi",351,0.0229252096448565
"GALGAL_R17360.c123.linsi",350,0.00911682495654687
"GALGAL_R17361.c123.linsi",31,0.0172399844057221
"GALGAL_R17362.c123.linsi",15,0.0204731848952689
"GALGAL_R17364.c123.linsi",19,0.0229353009290199
"GALGAL_R17365.c123.linsi",326,0.0115961064977126
"GALGAL_R17366.c123.linsi",336,0.0317533027931403
"GALGAL_R17367.c123.linsi",356,0.0066023942770293
"GALGAL_R17368.c123.linsi",265,0.0251006095913117
"GALGAL_R17371.c123.linsi",224,0.00296175040775584
"GALGAL_R17373.c123.linsi",355,0.00974556473594414
"GALGAL_R17374.c123.linsi",4,0.00715302883501961
"GALGAL_R17375.c123.linsi",353,0.0243709913304145
"GALGAL_R17376.c123.linsi",311,0.0209555602312707
"GALGAL_R17377.c123.linsi",358,0.00324734157861302
"GALGAL_R17378.c123.linsi",337,0.00978068580677457
"GALGAL_R17379.c123.linsi",351,0.0500113244338088
"GALGAL_R17381.c123.linsi",209,0.00268327031210466
"GALGAL_R17396.c123.linsi",26,0.0371453162838111
"GALGAL_R17397.c123.linsi",345,0.010825494467976
"GALGAL_R17398.c123.linsi",265,0.00789515395327548
"GALGAL_R17399.c123.linsi",213,0.00430656727927012
"GALGAL_R17400.c123.linsi",342,0.0943299453140315
"GALGAL_R17401.c123.linsi",302,0.0142659223757434
"GALGAL_R17402.c123.linsi",241,0.0390807066821831
"GALGAL_R17403.c123.linsi",4,0.0257179932712474
"GALGAL_R17405.c123.linsi",16,0.0733799906393607
"GALGAL_R17410.c123.linsi",7,0.0259799618150611
"GALGAL_R17413.c123.linsi",6,0.0128553429171117
"GALGAL_R17414.c123.linsi",362,0.0135442417967851
"GALGAL_R17415.c123.linsi",361,0.0966560082571794
"GALGAL_R17416.c123.linsi",290,0.00984063165622277
"GALGAL_R17417.c123.linsi",304,0.0220328128968245
"GALGAL_R17418.c123.linsi",284,0.0137046156688463
"GALGAL_R17419.c123.linsi",327,0.100920162040286
"GALGAL_R17420.c123.linsi",337,0.00634799524711406
"GALGAL_R17421.c123.linsi",300,0.0331794640381603
"GALGAL_R17422.c123.linsi",245,0.0015814252710594
"GALGAL_R17423.c123.linsi",335,0.0328772627889852
"GALGAL_R17424.c123.linsi",323,0.0154372708410483
"GALGAL_R17425.c123.linsi",164,0.018875198824275
"GALGAL_R17426.c123.linsi",300,0.00544808505135266
"GALGAL_R17427.c123.linsi",310,0.0168245778133862
"GALGAL_R17428.c123.linsi",293,0.046140248799387
"GALGAL_R17429.c123.linsi",322,0.0929128792783711
"GALGAL_R17430.c123.linsi",349,0.0035294433756992
"GALGAL_R17431.c123.linsi",356,0.00891742324602603
"GALGAL_R17432.c123.linsi",346,0.0117450809194835
"GALGAL_R17435.c123.linsi",355,0.0199539434621368
"GALGAL_R17437.c123.linsi",211,0.0397021832915131
"GALGAL_R17438.c123.linsi",156,0.0372909664694431
"GALGAL_R17439.c123.linsi",339,0.0393675593417014
"GALGAL_R17440.c123.linsi",355,0.0171150269838776
"GALGAL_R17441.c123.linsi",320,0.0207371395214033
"GALGAL_R17442.c123.linsi",324,0.0200466729823659
"GALGAL_R17449.c123.linsi",60,0.0135368002900894
"GALGAL_R17450.c123.linsi",192,0.0650515869947308
"GALGAL_R17451.c123.linsi",185,0.00888154851957688
"GALGAL_R17452.c123.linsi",210,0.0345621077661621
"GALGAL_R17453.c123.linsi",290,0.0129453628105519
"GALGAL_R17454.c123.linsi",141,0.0104253517781365
"GALGAL_R17455.c123.linsi",300,0.0538781998787192
"GALGAL_R17456.c123.linsi",73,0.0471220771692601
"GALGAL_R17457.c123.linsi",262,0.030977878593456
"GALGAL_R17458.c123.linsi",336,0.034228150145644
"GALGAL_R17459.c123.linsi",203,0.0177343144422539
"GALGAL_R17460.c123.linsi",239,0.0268864448570784
"GALGAL_R17461.c123.linsi",123,0.0132695725730693
"GALGAL_R17462.c123.linsi",222,0.0429589512578739
"GALGAL_R17463.c123.linsi",349,0.00919681185528846
"GALGAL_R17464.c123.linsi",33,0.0273825254031361
"GALGAL_R17465.c123.linsi",139,0.0315390105558812
"GALGAL_R17466.c123.linsi",6,0.0248577787031277
"GALGAL_R17467.c123.linsi",340,0.00937908209165954
"GALGAL_R17468.c123.linsi",319,0.0382486988722403
"GALGAL_R17469.c123.linsi",345,0.0429348803867345
"GALGAL_R17470.c123.linsi",10,0.0210897537023793
"GALGAL_R17471.c123.linsi",252,0.0226494552119321
"GALGAL_R17472.c123.linsi",351,0.0232558838398579
"GALGAL_R17473.c123.linsi",296,0.0338332591951198
"GALGAL_R17474.c123.linsi",337,0.112634801524231
"GALGAL_R17475.c123.linsi",6,0.012970784042001
"GALGAL_R17476.c123.linsi",287,0.0108147838185465
"GALGAL_R17477.c123.linsi",11,0.050919216656939
"GALGAL_R17480.c123.linsi",254,0.0915484699111635
"GALGAL_R17481.c123.linsi",290,0.0598940343197299
"GALGAL_R17482.c123.linsi",56,0.0200271577096638
"GALGAL_R17483.c123.linsi",14,0.0164069625200215
"GALGAL_R17484.c123.linsi",299,0.0476072752026114
"GALGAL_R17486.c123.linsi",355,0.0504597460294144
"GALGAL_R17491.c123.linsi",56,0.0435853095856989
"GALGAL_R17500.c123.linsi",270,0.0514396840686793
"GALGAL_R17511.c123.linsi",5,0.0876519088204341
"GALGAL_R17519.c123.linsi",258,0.0313138677252936
"GALGAL_R17520.c123.linsi",4,0.0921291433130901
"GALGAL_R17521.c123.linsi",33,0.0440290527248513
"GALGAL_R17522.c123.linsi",22,0.0261766669903813
"GALGAL_R17523.c123.linsi",4,0.0276528780590197
"GALGAL_R17524.c123.linsi",7,0.000723448112905356
"GALGAL_R17525.c123.linsi",93,0.0276823218069179
"GALGAL_R17527.c123.linsi",40,0.115498416997382
"GALGAL_R17529.c123.linsi",182,0.0279818460241888
"GALGAL_R17530.c123.linsi",5,0.0422665013857205
"GALGAL_R17531.c123.linsi",203,0.0261871587967362
"GALGAL_R17534.c123.linsi",280,0.0424446321601744
"GALGAL_R17535.c123.linsi",282,0.00742934202975784
"GALGAL_R17536.c123.linsi",278,0.040557570740179
"GALGAL_R17537.c123.linsi",362,0.0127131528013339
"GALGAL_R17538.c123.linsi",354,0.00948085607209931
"GALGAL_R17539.c123.linsi",341,0.00688310524761369
"GALGAL_R17540.c123.linsi",150,0.00689148210661279
"GALGAL_R17541.c123.linsi",340,0.0115802160359731
"GALGAL_R17542.c123.linsi",175,0.0154848300633158
"GALGAL_R17543.c123.linsi",214,0.00658921808899931
"GALGAL_R17544.c123.linsi",288,0.0102014246281744
"GALGAL_R17545.c123.linsi",357,0.00866939741471092
"GALGAL_R17546.c123.linsi",291,0.0057839130102537
"GALGAL_R17547.c123.linsi",289,0.00631563044177205
"GALGAL_R17548.c123.linsi",142,0.00916824489496286
"GALGAL_R17549.c123.linsi",311,0.00183023855026619
"GALGAL_R17550.c123.linsi",354,0.0406705287114504
"GALGAL_R17551.c123.linsi",325,0.017267699780675
"GALGAL_R17556.c123.linsi",4,0.00913068318676926
"GALGAL_R17558.c123.linsi",294,0.00466241820465958
"GALGAL_R17559.c123.linsi",350,0.00953836073847579
"GALGAL_R17560.c123.linsi",26,0.0394102663778328
"GALGAL_R17561.c123.linsi",8,0.00884688130538883
"GALGAL_R17562.c123.linsi",24,0.0690724704452756
"GALGAL_R17563.c123.linsi",8,0.039165977361693
"GALGAL_R17564.c123.linsi",244,0.024326307401642
"GALGAL_R17565.c123.linsi",8,0.0138534981274504
"GALGAL_R17567.c123.linsi",360,0.0148280483554482
"GALGAL_R17568.c123.linsi",321,0.0159690517913738
"GALGAL_R17569.c123.linsi",185,0.00196760979933382
"GALGAL_R17570.c123.linsi",357,0.0520744342166075
"GALGAL_R17571.c123.linsi",307,0.0325392140902704
"GALGAL_R17572.c123.linsi",20,0.0290724787358885
"GALGAL_R17573.c123.linsi",315,0.0304142619150532
"GALGAL_R17574.c123.linsi",360,0.0017041480734292
"GALGAL_R17575.c123.linsi",350,0.0221928423286583
"GALGAL_R17576.c123.linsi",353,0.0127777977485897
"GALGAL_R17577.c123.linsi",322,0.0479021942159452
"GALGAL_R17578.c123.linsi",352,0.0404787285332422
"GALGAL_R17579.c123.linsi",318,0.0487111568541018
"GALGAL_R17580.c123.linsi",312,0.0188152325247418
"GALGAL_R17581.c123.linsi",213,0.00420014576069096
"GALGAL_R17582.c123.linsi",256,0.0108713101101046
"GALGAL_R17583.c123.linsi",354,0.00667919782482368
"GALGAL_R17584.c123.linsi",347,0.0162652359632983
"GALGAL_R17585.c123.linsi",345,0.00711740186578998
"GALGAL_R17587.c123.linsi",116,0.0171341566218596
"GALGAL_R17588.c123.linsi",77,0.0387112792553374
"GALGAL_R17589.c123.linsi",302,0.0136753334524359
"GALGAL_R17590.c123.linsi",21,0.0255507334015205
"GALGAL_R17591.c123.linsi",328,0.0710545985259732
"GALGAL_R17592.c123.linsi",22,0.0478904163693537
"GALGAL_R17593.c123.linsi",56,0.0236034137506373
"GALGAL_R17595.c123.linsi",317,0.0641170593772756
"GALGAL_R17596.c123.linsi",197,0.0121224752649484
"GALGAL_R17598.c123.linsi",321,0.0223749627083553
"GALGAL_R17599.c123.linsi",353,0.00516828482306129
"GALGAL_R17600.c123.linsi",238,0.0202827840869518
"GALGAL_R17601.c123.linsi",343,0.0144249491124579
"GALGAL_R17602.c123.linsi",358,0.00457484918508267
"GALGAL_R17603.c123.linsi",118,0.039730150718277
"GALGAL_R17604.c123.linsi",190,0.0216872366199061
"GALGAL_R17605.c123.linsi",337,0.0261818223840269
"GALGAL_R17606.c123.linsi",318,0.0211867772188837
"GALGAL_R17607.c123.linsi",285,0.0248566125390279
"GALGAL_R17608.c123.linsi",352,0.0501165376793726
"GALGAL_R17609.c123.linsi",176,0.0316592952458777
"GALGAL_R17610.c123.linsi",32,0.0726521514470957
"GALGAL_R17611.c123.linsi",214,0.0463540107805695
"GALGAL_R17612.c123.linsi",307,0.0391738178267241
"GALGAL_R17613.c123.linsi",363,0.0125625922995837
"GALGAL_R17614.c123.linsi",251,0.0335667340744774
"GALGAL_R17615.c123.linsi",216,0.0539048944227461
"GALGAL_R17616.c123.linsi",138,0.00828892902222523
"GALGAL_R17617.c123.linsi",327,0.0172672349596367
"GALGAL_R17618.c123.linsi",279,0.0375971497785086
"GALGAL_R17619.c123.linsi",212,0.0198338573731843
"GALGAL_R17630.c123.linsi",130,0.0235508264388388
"GALGAL_R17631.c123.linsi",6,0.0155231387183405
"GALGAL_R17632.c123.linsi",57,0.0279998647329244
"GALGAL_R17639.c123.linsi",7,0.0567515506020968
"GALGAL_R17640.c123.linsi",146,0.03531611456375
"GALGAL_R17643.c123.linsi",64,0.0308256323624967
"GALGAL_R17645.c123.linsi",137,0.0924220787321684
"GALGAL_R17646.c123.linsi",142,0.0149767518693368
"GALGAL_R17648.c123.linsi",4,0.0931040590322691
"GALGAL_R17651.c123.linsi",10,0.0869690476787808
"GALGAL_R17654.c123.linsi",5,0.0159232506090532
"GALGAL_R17657.c123.linsi",6,0.0328503610670082
"GALGAL_R17660.c123.linsi",5,0.0875064680056857
"GALGAL_R17661.c123.linsi",7,0.0138165021639764
"GALGAL_R17663.c123.linsi",347,0.0201165074422653
"GALGAL_R17664.c123.linsi",90,0.0555542830757174
"GALGAL_R17668.c123.linsi",86,0.0314653636833715
"GALGAL_R17669.c123.linsi",9,0.00556231819260626
"GALGAL_R17670.c123.linsi",123,0.0669324219389003
"GALGAL_R17673.c123.linsi",15,0.0125761957545895
"GALGAL_R17674.c123.linsi",28,0.0223195948376623
"GALGAL_R17675.c123.linsi",5,0.0325165229496888
"GALGAL_R17677.c123.linsi",16,0.0276639635062697
"GALGAL_R17683.c123.linsi",13,0.0227867712054884
"GALGAL_R17684.c123.linsi",70,0.0394822736490478
"GALGAL_R17685.c123.linsi",149,0.0767621092975542
"GALGAL_R17687.c123.linsi",321,0.00739195248121576
"GALGAL_R17688.c123.linsi",349,0.00306263532177187
"GALGAL_R17689.c123.linsi",324,0.0139657542802532
"GALGAL_R17692.c123.linsi",50,0.0240277271458259
"GALGAL_R17696.c123.linsi",136,0.00132730698207509
"GALGAL_R17697.c123.linsi",345,0.0184864428745711
"GALGAL_R17698.c123.linsi",244,0.0229437225843256
"GALGAL_R17700.c123.linsi",186,0.0268638931314644
"GALGAL_R17701.c123.linsi",350,0.00833243035438772
"GALGAL_R17702.c123.linsi",318,0.00326607124747539
"GALGAL_R17703.c123.linsi",345,0.00259382706636226
"GALGAL_R17704.c123.linsi",329,0.0138146526048919
"GALGAL_R17705.c123.linsi",304,0.00981016064338492
"GALGAL_R17707.c123.linsi",179,0.0478909376750538
"GALGAL_R17712.c123.linsi",4,0.00880077293086448
"GALGAL_R17713.c123.linsi",355,0.00676026277555362
"GALGAL_R17715.c123.linsi",336,0.0145156879111036
"GALGAL_R17718.c123.linsi",300,0.0265052563226244
"GALGAL_R17719.c123.linsi",5,0.0238561530791579
"GALGAL_R17720.c123.linsi",337,0.00400584867513048
"GALGAL_R17722.c123.linsi",336,0.0017703371006875
"GALGAL_R17723.c123.linsi",127,0.0414896566260307
"GALGAL_R17726.c123.linsi",360,0.00647825883064867
"GALGAL_R17727.c123.linsi",323,0.0353542845744421
"GALGAL_R17728.c123.linsi",48,0.0311431916482083
"GALGAL_R17730.c123.linsi",323,0.0157699007073406
"GALGAL_R17731.c123.linsi",280,0.0100506072428788
"GALGAL_R17732.c123.linsi",197,0.0218600778905818
"GALGAL_R17733.c123.linsi",353,0.0122134987173806
"GALGAL_R17734.c123.linsi",159,0.00805942853284979
"GALGAL_R17735.c123.linsi",213,0.00943941621064286
"GALGAL_R17736.c123.linsi",11,0.0138871628832774
"GALGAL_R17737.c123.linsi",39,0.0112035442428103
"GALGAL_R17738.c123.linsi",333,0.0030825485896658
"GALGAL_R17739.c123.linsi",139,0.0161962562599574
"GALGAL_R17740.c123.linsi",62,0.0116131454534876
"GALGAL_R17741.c123.linsi",352,0.00886541808189944
"GALGAL_R17742.c123.linsi",311,0.0190366753239472
"GALGAL_R17743.c123.linsi",325,0.0174410378178215
"GALGAL_R17744.c123.linsi",235,0.0247461387695578
"GALGAL_R17745.c123.linsi",359,0.00550399342050371
"GALGAL_R17748.c123.linsi",307,0.0024097085786821
"GALGAL_R17750.c123.linsi",328,0.011773072311152
"GALGAL_R17751.c123.linsi",356,0.0184194319580073
"GALGAL_R17753.c123.linsi",310,0.0196786722802734
"GALGAL_R17754.c123.linsi",184,0.0467273021893661
"GALGAL_R17755.c123.linsi",348,0.0216697768644938
"GALGAL_R17756.c123.linsi",10,0.00588098527612382
"GALGAL_R17757.c123.linsi",209,0.0445178551325725
"GALGAL_R17758.c123.linsi",207,0.00775614291857614
"GALGAL_R17759.c123.linsi",261,0.016414293333021
"GALGAL_R17760.c123.linsi",13,0.054285539785298
"GALGAL_R17761.c123.linsi",345,0.0182316145835409
"GALGAL_R17762.c123.linsi",290,0.0239138314889258
"GALGAL_R17764.c123.linsi",355,0.0183047155982064
"GALGAL_R17765.c123.linsi",7,0.0253608009229906
"GALGAL_R17767.c123.linsi",284,0.0203212697528855
"GALGAL_R17768.c123.linsi",326,0.0335113301741797
"GALGAL_R17769.c123.linsi",293,0.0214824788595074
"GALGAL_R17770.c123.linsi",13,0.00763915679473793
"GALGAL_R17771.c123.linsi",156,0.0254263950183954
"GALGAL_R17772.c123.linsi",361,0.0189502491308942
"GALGAL_R17773.c123.linsi",357,0.00743792146666726
"GALGAL_R17774.c123.linsi",337,0.0120110066760922
"GALGAL_R17775.c123.linsi",344,0.0126936733307153
"GALGAL_R17776.c123.linsi",303,0.01906738431975
"GALGAL_R17777.c123.linsi",330,0.0127846308576608
"GALGAL_R17778.c123.linsi",352,0.0182304083103939
"GALGAL_R17779.c123.linsi",359,0.00962883275284266
"GALGAL_R17780.c123.linsi",332,0.0242518078548482
"GALGAL_R17781.c123.linsi",304,0.0248740690331472
"GALGAL_R17785.c123.linsi",276,0.0241156535036395
"GALGAL_R17786.c123.linsi",222,0.0416738745883407
"GALGAL_R17787.c123.linsi",353,0.0170461914814665
"GALGAL_R17788.c123.linsi",348,0.0368894096691576
"GALGAL_R17789.c123.linsi",182,0.010133034833885
"GALGAL_R17792.c123.linsi",145,0.0280325531402468
"GALGAL_R17793.c123.linsi",328,0.0480479124523395
"GALGAL_R17794.c123.linsi",346,0.00554627618032703
"GALGAL_R17795.c123.linsi",317,0.0282292189272757
"GALGAL_R17796.c123.linsi",261,0.0126300702367659
"GALGAL_R17797.c123.linsi",349,0.00962860523885902
"GALGAL_R17798.c123.linsi",68,0.0625568860341348
"GALGAL_R17799.c123.linsi",239,0.0173953878430796
"GALGAL_R17800.c123.linsi",356,0.0567944597407163
"GALGAL_R17801.c123.linsi",271,0.0240010115637051
"GALGAL_R17820.c123.linsi",165,0.0587967716297621
"GALGAL_R17826.c123.linsi",157,0.046909896581628
"GALGAL_R17827.c123.linsi",336,0.00761329919956267
"GALGAL_R17828.c123.linsi",6,0.0406134036978738
"GALGAL_R17829.c123.linsi",87,0.0494902618910615
"GALGAL_R17832.c123.linsi",24,0.0368083196471974
"GALGAL_R17833.c123.linsi",355,0.0659559084219921
"GALGAL_R17838.c123.linsi",9,0.037006584148444
"GALGAL_R17839.c123.linsi",62,0.0350815556313865
"GALGAL_R17841.c123.linsi",65,0.0163402327660411
"GALGAL_R17843.c123.linsi",178,0.0350804826884
"GALGAL_R17844.c123.linsi",46,0.0447749299111433
"GALGAL_R17848.c123.linsi",10,0.0641578663493404
"GALGAL_R17850.c123.linsi",68,0.0439702916062044
"GALGAL_R17851.c123.linsi",7,0.10555923241083
"GALGAL_R17852.c123.linsi",238,0.018459523871169
"GALGAL_R17853.c123.linsi",23,0.00709815677140746
"GALGAL_R17857.c123.linsi",183,0.0122492912643254
"GALGAL_R17858.c123.linsi",9,0.0289611450939537
"GALGAL_R17861.c123.linsi",158,0.0314969512174061
"GALGAL_R17864.c123.linsi",33,0.0242916442843579
"GALGAL_R17866.c123.linsi",96,0.0368193623334099
"GALGAL_R17867.c123.linsi",15,0.0359802920510299
"GALGAL_R17868.c123.linsi",272,0.00382130840381913
"GALGAL_R17869.c123.linsi",353,0.00697489051173
"GALGAL_R17870.c123.linsi",142,0.00722071643818989
"GALGAL_R17872.c123.linsi",7,0.0349380758264201
"GALGAL_R17873.c123.linsi",190,0.0140791805923242
"GALGAL_R17882.c123.linsi",309,0.00783543278192351
"GALGAL_R17885.c123.linsi",317,0.0164364363257421
"GALGAL_R17897.c123.linsi",358,0.018175835029221
"GALGAL_R17898.c123.linsi",333,0.0188174173849509
"GALGAL_R17900.c123.linsi",216,0.0135013458494387
"GALGAL_R17901.c123.linsi",8,0.0195124337694954
"GALGAL_R17903.c123.linsi",361,0.00839861087148721
"GALGAL_R17906.c123.linsi",10,0.0210308131240105
"GALGAL_R17907.c123.linsi",322,0.0124610511038549
"GALGAL_R17913.c123.linsi",339,0.0110234475721496
"GALGAL_R17915.c123.linsi",252,0.0183457123107711
